Generated_ParticipantID,UserLanguage,1,1_8_TEXT,2,3,4,Q63,5,6,7,7_7_TEXT,8,9,10,10_8_TEXT,11,11_6_TEXT,12,13,QID53,QID54,14_1,14_2,14_3,15,QID94,QID95,16,16_12_TEXT,17,18,18_11_TEXT,19,20,20_9_TEXT,21,21_9_TEXT,22,23,24,24_6_TEXT,25,25_7_TEXT,29,31,33_Collapsed,34,Q35_City,,
R_3FQGUvWJLjIPEwX,EN,"Neighborhood beautification,Improved air quality,Improved stormwater quality",,"A drainage ditch nearby,A creek nearby",(1) Lake Houston Flatwood Wetlands,"Yes, I think they impact flooding in my community",Drought,Often – (At least once a month),Often – (At least once a month),"Heavy rainfall or storms,Drains culverts or pipes that are too small (e.g., inadequate stormwater infrastructure size),Increased development or urbanization",,"More than $20,000","Above the knee (e.g., over 12 inches)","Mental health impact (e.g., anxiety, trauma, stress),Prevented or delayed access to essential services (e.g., health care, groceries, travel, work)",,"Installed flood barriers or sandbags around my property,Requested assistance from local government (e.g., city, county) to improve drainage",,Permeable pavement,Permeable pavement,Pocket wetland,Wetland restoration (inland or coastal),1,2,3,"Yes, it is important","Yes, it is important","Yes, it is important",Houston Galveston Area Council (HGAC),,Above average trust,"High installment costs,Lack of educational resources for the community",,Very satisfied,"Enhanced coordination with other local organizations/agencies,More targeted outreach to vulnerable populations (e.g., environmental justice communities)",,"Involving local schools and community groups,Providing resources for community action (e.g., participation opportunities, educational programs, technical training)",,I participate in most meetings,Very involved,"West Street Recovery (WSR),Coalition for Environment, Equity and Resilience (CEER)",,Instagram Posts,,No,11-20 years,Moderate (50k-<150k),I own my home.,Houston,,
R_3e9Kgwr62dWU9Ta,EN,"Neighborhood beautification,Increased property value,Recreation (e.g., fishing, bird watching, walking)",,"Long-standing water bodies,Aquatic (water) plants (e.g., cattail, dwarf palmettos, bald cypress tree),Wildlife commonly found near water (e.g., frogs, salamander, herons, egrets)",(2) Greater Lake Creek,"Yes, I think they impact flooding in my community",Drought,Often – (At least once a month),Often – (At least once a month),"Blocked or clogged drainage systems,Drains culverts or pipes that are too small (e.g., inadequate stormwater infrastructure size),Nearby river, creek, or bayou overflowing",,"$5,000 - $10,000","Between ankle and knee level (e.g., above 3 inches, up to 12 inches)","Property damage (e.g., vehicle damage, home repairs),Increased cost for repairs or flood proofing (e.g., more expensive flood insurance premiums)",,"Installed flood barriers or sandbags around my property,Requested assistance from local government (e.g., city, county) to improve drainage,Engaged with local authorities around flooding issues",,"Pocket wetland,Wetland conservation",Rain garden,"Nature-based detention pond,Pocket wetland","Large park,Wetland conservation,Wetland restoration (inland or coastal)",3,2,1,"Yes, it is important","Yes, it is important","Yes, it is important","City of Houston, and other Municipalities (Municipal Utility District MUDs)",,Extreme trust,There are no concerns,,There is no information available,"More frequent updates on local flood risks,More detailed information about flood preparedness,Better access to emergency resources and assistance,Increased opportunities for community feedback,Enhanced coordination with other local organizations/agencies,More targeted outreach to vulnerable populations (e.g., environmental justice communities),Improved use of technology (e.g., apps, websites) for flood risk information",,"Better information sharing (e.g., more frequent announcements, different forms of communication),Providing resources for community action (e.g., participation opportunities, educational programs, technical training),Compensation for time (e.g., money, gift cards)",,I participate in most meetings,Extremely involved,My local neighborhood association or homeowners association (HOA),,Community bulletin posts,,No,Over 20 years,High (≥150k),I own my home.,Houston,,
R_6OBnQoAU7qvhJu5,EN,"Improved air quality,Improved stormwater quality,Improved soil quality",,"Aquatic (water) plants (e.g., cattail, dwarf palmettos, bald cypress tree),A creek nearby,Consistently-saturated soil",(1) Lake Houston Flatwood Wetlands,"Yes, I think they impact flooding in my community",Drought,Often – (At least once a month),Sometimes – (once every 2-6 months),"Heavy rainfall or storms,Drains culverts or pipes that are too small (e.g., inadequate stormwater infrastructure size),Aging infrastructure (e.g., not in compliance–out of date)",,"$1,000 - $5,000","Above the knee (e.g., over 12 inches)","Property damage (e.g., vehicle damage, home repairs),Prevented or delayed access to essential services (e.g., health care, groceries, travel, work),Interruption of utility services (e.g., power outages, water supply)",,"Installed flood barriers or sandbags around my property,Engaged with local authorities around flooding issues",,"Bioswale,Nature-based detention pond,Rainwater harvesting,Wetland conservation","Bioswale,Permeable pavement","Nature-based detention pond,Pocket wetland","Wetland conservation,Wetland restoration (inland or coastal)",3,2,1,"Yes, it is important","Yes, it is important","Yes, it is important",State of Texas,,Above average trust,"Attracting unwanted pests,High installment costs,Maintenance issues",,Very satisfied,"More detailed information about flood preparedness,Better access to emergency resources and assistance,Improved use of technology (e.g., apps, websites) for flood risk information",,"Establishing community advisory boards,Providing resources for community action (e.g., participation opportunities, educational programs, technical training)",,I participate in most meetings,Very involved,My local neighborhood association or homeowners association (HOA),,Facebook Posts,,No,6-10 years,Moderate (50k-<150k),I own my home.,Houston,,
R_67ytmEQgALRl8at,EN,"Neighborhood beautification,Improved air quality,Recreation (e.g., fishing, bird watching, walking)",,"Long-standing water bodies,A drainage ditch nearby,Wildlife commonly found near water (e.g., frogs, salamander, herons, egrets)",(2) Greater Lake Creek,"Yes, I think they impact flooding in my community",Drought,Always – (every time it rains),Often – (At least once a month),"Blocked or clogged drainage systems,Aging infrastructure (e.g., not in compliance–out of date),Increased development or urbanization",,"More than $20,000","Above the knee (e.g., over 12 inches)","Property damage (e.g., vehicle damage, home repairs),Prevented or delayed access to essential services (e.g., health care, groceries, travel, work),Increased cost for repairs or flood proofing (e.g., more expensive flood insurance premiums)",,"Installed flood barriers or sandbags around my property,Engaged with local authorities around flooding issues,Only my landlord can take action to address or reduce flooding at my residence",,"Bioswale,Pocket wetland,Wetland conservation","Bioswale,Rainwater harvesting","Nature-based detention pond,Pocket prairie","Large park,Wetland restoration (inland or coastal)",3,1,2,"Yes, it is important","Yes, it is important","Yes, it is important",Gulf Coast Protection District (GCPD),,Above average trust,"Attracting unwanted pests,Displacement due to environmental projects (e.g., gentrification or green gentrification),Maintenance issues",,Extremely satisfied,"More frequent updates on local flood risks,Better access to emergency resources and assistance,More targeted outreach to vulnerable populations (e.g., environmental justice communities)",,"Better information sharing (e.g., more frequent announcements, different forms of communication),Providing resources for community action (e.g., participation opportunities, educational programs, technical training),Providing multilingual interpretation services",,I participate in most meetings,Very involved,"West Street Recovery (WSR),Northeast Action Collective (NAC)",,Instagram Posts,,No,Over 20 years,High (≥150k),I own my home.,Houston,,
R_11f8RBBpgDmBx4Z,EN,"Neighborhood beautification,Improved air quality,Improved stormwater quality",,"Aquatic (water) plants (e.g., cattail, dwarf palmettos, bald cypress tree),Wildlife commonly found near water (e.g., frogs, salamander, herons, egrets)",(1) Lake Houston Flatwood Wetlands,"No, I do not think they impact flooding in my community",Drought,Sometimes – (once every 2-6 months),Sometimes – (once every 2-6 months),"Blocked or clogged drainage systems,Drains culverts or pipes that are too small (e.g., inadequate stormwater infrastructure size)",,"$5,000 - $10,000","Between ankle and knee level (e.g., above 3 inches, up to 12 inches)","Property damage (e.g., vehicle damage, home repairs),Loss of work or income",,"Installed flood barriers or sandbags around my property,Requested assistance from local government (e.g., city, county) to improve drainage",,"Nature-based detention pond,Permeable pavement","Permeable pavement,Rain garden",Pocket prairie,Wetland conservation,1,2,3,"Yes, it is important","Yes, it is important","Yes, it is important","City of Houston, and other Municipalities (Municipal Utility District MUDs)",,Extreme trust,"Equity in implementation–areas that need it most may not get first priority,Displacement due to environmental projects (e.g., gentrification or green gentrification)",,Extremely satisfied,"More detailed information about flood preparedness,Better access to emergency resources and assistance",,"Better information sharing (e.g., more frequent announcements, different forms of communication),Establishing community advisory boards",,I occasionally participate in meetings,Moderately involved,"Coalition for Environment, Equity and Resilience (CEER),Northeast Action Collective (NAC)",,Facebook Posts,,No,11-20 years,Moderate (50k-<150k),I own my home.,Houston,,
R_1r1CF5u0Abzztc2,EN,"Neighborhood beautification,Improved air quality,Improved soil quality",,"Long-standing water bodies,Aquatic (water) plants (e.g., cattail, dwarf palmettos, bald cypress tree),Wildlife commonly found near water (e.g., frogs, salamander, herons, egrets)",(2) Greater Lake Creek,"Yes, I think they impact flooding in my community",Drought,Often – (At least once a month),Often – (At least once a month),"Heavy rainfall or storms,Blocked or clogged drainage systems,Drains culverts or pipes that are too small (e.g., inadequate stormwater infrastructure size)",,"$10,000 - $20,000","Less than or at ankle level (e.g., under 3 inches)","Property damage (e.g., vehicle damage, home repairs)",,Installed flood barriers or sandbags around my property,,Bioswale,Bioswale,Nature-based detention pond,Wetland conservation,1,2,3,"Yes, it is important","Yes, it is important","Yes, it is important","City of Houston, and other Municipalities (Municipal Utility District MUDs)",,Extreme trust,Attracting unwanted pests,,Extremely satisfied,More frequent updates on local flood risks,,"Better information sharing (e.g., more frequent announcements, different forms of communication)",,I participate in all meetings,Extremely involved,West Street Recovery (WSR),,Facebook Posts,,No,Over 20 years,Moderate (50k-<150k),I own my home.,Houston,,
R_5BVgxiBlwGjhOBm,EN,"Neighborhood beautification,Improved stormwater quality,Improved soil quality",,"Aquatic (water) plants (e.g., cattail, dwarf palmettos, bald cypress tree),A drainage ditch nearby,Wildlife commonly found near water (e.g., frogs, salamander, herons, egrets)",(3) Greater Katy Prairie-Pothole Pimple-Mound Complexes,"Yes, I think they impact flooding in my community",Drought,Often – (At least once a month),Often – (At least once a month),"Blocked or clogged drainage systems,Drains culverts or pipes that are too small (e.g., inadequate stormwater infrastructure size),Increased development or urbanization",,"$5,000 - $10,000","Between ankle and knee level (e.g., above 3 inches, up to 12 inches)","Mental health impact (e.g., anxiety, trauma, stress),Prevented or delayed access to essential services (e.g., health care, groceries, travel, work)",,"Installed flood barriers or sandbags around my property,Requested assistance from local government (e.g., city, county) to improve drainage",,"Bioswale,Large park,Permeable pavement","Permeable pavement,Rain garden",Pocket prairie,Wetland restoration (inland or coastal),2,1,3,"Yes, it is important","Yes, it is important","Yes, it is important",Harris County Flood Control District (HCFCD),,Above average trust,"Displacement due to environmental projects (e.g., gentrification or green gentrification),Increased taxes",,Very satisfied,"More detailed information about flood preparedness,Increased opportunities for community feedback,Enhanced coordination with other local organizations/agencies",,"Establishing community advisory boards,Involving local schools and community groups,Providing resources for community action (e.g., participation opportunities, educational programs, technical training)",,I participate in most meetings,Very involved,"West Street Recovery (WSR),Coalition for Environment, Equity and Resilience (CEER)",,Facebook Posts,,No,6-10 years,Moderate (50k-<150k),I own my home.,Houston,,
R_1k5WODNdwKFZ8t3,EN,"Improved air quality,Improved soil quality",,"Aquatic (water) plants (e.g., cattail, dwarf palmettos, bald cypress tree),A drainage ditch nearby",(2) Greater Lake Creek,"Yes, I think they impact flooding in my community",Drought,Sometimes – (once every 2-6 months),Sometimes – (once every 2-6 months),"Blocked or clogged drainage systems,Aging infrastructure (e.g., not in compliance–out of date),Increased development or urbanization",,"$1,000 - $5,000","Less than or at ankle level (e.g., under 3 inches)","Displacement from home (e.g., temporary relocation),Interruption of utility services (e.g., power outages, water supply)",,"Requested assistance from local government (e.g., city, county) to improve drainage,Engaged with local authorities around flooding issues",,"Pocket prairie,Pocket wetland,Rain garden","Permeable pavement,Rain garden","Pocket prairie,Pocket wetland","Wetland conservation,Wetland restoration (inland or coastal)",1,2,3,"Yes, it is important","Yes, it is important","No, it is not important",State of Texas,,Moderate trust,"High installment costs,Increased taxes,Lack of educational resources for the community",,Very satisfied,"Better access to emergency resources and assistance,Increased opportunities for community feedback,Enhanced coordination with other local organizations/agencies",,"Involving local schools and community groups,Compensation for time (e.g., money, gift cards),Host more regular and diverse community meetings representative of the community",,I participate in most meetings,Somewhat involved,"Coalition for Environment, Equity and Resilience (CEER),Northeast Action Collective (NAC)",,Facebook Posts,,No,11-20 years,Moderate (50k-<150k),I own my home.,Houston,,
R_7usV7m1o1hoUugF,EN,"Neighborhood beautification,Improved air quality,Increased property value",,"Long-standing water bodies,Aquatic (water) plants (e.g., cattail, dwarf palmettos, bald cypress tree),A drainage ditch nearby",(1) Lake Houston Flatwood Wetlands,"Yes, I think they impact flooding in my community",Drought,Sometimes – (once every 2-6 months),Sometimes – (once every 2-6 months),"Heavy rainfall or storms,Drains culverts or pipes that are too small (e.g., inadequate stormwater infrastructure size),Nearby river, creek, or bayou overflowing",,"$5,000 - $10,000","Between ankle and knee level (e.g., above 3 inches, up to 12 inches)","Property damage (e.g., vehicle damage, home repairs),Loss of work or income,Displacement from home (e.g., temporary relocation),Interruption of utility services (e.g., power outages, water supply)",,"Installed flood barriers or sandbags around my property,Requested assistance from local government (e.g., city, county) to improve drainage,Only my landlord can take action to address or reduce flooding at my residence",,"Nature-based detention pond,Permeable pavement,Pocket wetland,Urban forestry","Bioswale,Rain garden",Pocket wetland,"Large park,Wetland restoration (inland or coastal)",1,2,3,"Yes, it is important","Yes, it is important","Yes, it is important","City of Houston, and other Municipalities (Municipal Utility District MUDs)",,Extreme trust,"Equity in implementation–areas that need it most may not get first priority,High installment costs,Not fitting into community look/aesthetic",,Very satisfied,"More detailed information about flood preparedness,Increased opportunities for community feedback,Improved use of technology (e.g., apps, websites) for flood risk information",,"Better information sharing (e.g., more frequent announcements, different forms of communication),Providing resources for community action (e.g., participation opportunities, educational programs, technical training),Host more regular and diverse community meetings representative of the community",,I rarely participate in meetings,Very involved,"West Street Recovery (WSR),Northeast Action Collective (NAC)",,Phone Calls,,No,11-20 years,High (≥150k),I own my home.,Houston,,
R_1F4cOTfqw6VcuXu,EN,"Neighborhood beautification,Increased property value,Stress reduction",,"Long-standing water bodies,A drainage ditch nearby,Wildlife commonly found near water (e.g., frogs, salamander, herons, egrets)",(4) Trans-Brazos Region,"Yes, I think they impact flooding in my community",Drought,Sometimes – (once every 2-6 months),Sometimes – (once every 2-6 months),"Heavy rainfall or storms,Drains culverts or pipes that are too small (e.g., inadequate stormwater infrastructure size),Nearby river, creek, or bayou overflowing",,Less than $500,"Between ankle and knee level (e.g., above 3 inches, up to 12 inches)","Mental health impact (e.g., anxiety, trauma, stress),Prevented or delayed access to essential services (e.g., health care, groceries, travel, work),Increased cost for repairs or flood proofing (e.g., more expensive flood insurance premiums)",,"Raised the foundation of my house,Requested assistance from local government (e.g., city, county) to improve drainage,Only my landlord can take action to address or reduce flooding at my residence",,"Nature-based detention pond,Permeable pavement,Rainwater harvesting,Wetland restoration (coastal or inland)","Permeable pavement,Rainwater harvesting",Nature-based detention pond,Large park,1,2,3,"No, it is not important","Yes, it is important","Yes, it is important",Harris County Flood Control District (HCFCD),,Above average trust,"Equity in implementation–areas that need it most may not get first priority,High installment costs,Maintenance issues",,Very satisfied,"More frequent updates on local flood risks,Better access to emergency resources and assistance,Enhanced coordination with other local organizations/agencies,Improved use of technology (e.g., apps, websites) for flood risk information",,"Better information sharing (e.g., more frequent announcements, different forms of communication),Involving local schools and community groups,Compensation for time (e.g., money, gift cards)",,I occasionally participate in meetings,Somewhat involved,"Bayou City Waterkeeper (BCWK),Northeast Action Collective (NAC),My local neighborhood association or homeowners association (HOA)",,Community bulletin posts,,No,11-20 years,Low (<50k),I rent my home.,Houston,,
R_3hFN3y2qF9TcNGM,EN,"Improved air quality,Improved stormwater quality,Increased property value",,"Long-standing water bodies,Aquatic (water) plants (e.g., cattail, dwarf palmettos, bald cypress tree),A drainage ditch nearby,Wildlife commonly found near water (e.g., frogs, salamander, herons, egrets),Consistently-saturated soil",(3) Greater Katy Prairie-Pothole Pimple-Mound Complexes,"Yes, I think they impact flooding in my community",Drought,Often – (At least once a month),Often – (At least once a month),"Blocked or clogged drainage systems,Aging infrastructure (e.g., not in compliance–out of date),Increased development or urbanization",,"$5,000 - $10,000","Between ankle and knee level (e.g., above 3 inches, up to 12 inches)","Property damage (e.g., vehicle damage, home repairs),Prevented or delayed access to essential services (e.g., health care, groceries, travel, work),Interruption of utility services (e.g., power outages, water supply),Increased cost for repairs or flood proofing (e.g., more expensive flood insurance premiums)",,"Installed flood barriers or sandbags around my property,Requested assistance from local government (e.g., city, county) to improve drainage,Engaged with local authorities around flooding issues",,"Nature-based detention pond,Permeable pavement,Pocket prairie,Rain garden,Rainwater harvesting,Urban forestry,Wetland conservation","Bioswale,Permeable pavement,Rainwater harvesting","Nature-based detention pond,Pocket prairie,Pocket wetland","Large park,Wetland conservation,Wetland restoration (inland or coastal)",3,2,1,"Yes, it is important","Yes, it is important","Yes, it is important","City of Houston, and other Municipalities (Municipal Utility District MUDs)",,Extreme trust,"Equity in implementation–areas that need it most may not get first priority,Lack of educational resources for the community,Maintenance issues,Space requirements–not enough space",,Extremely satisfied,"More frequent updates on local flood risks,More detailed information about flood preparedness,Better access to emergency resources and assistance,Increased opportunities for community feedback,More targeted outreach to vulnerable populations (e.g., environmental justice communities),Improved use of technology (e.g., apps, websites) for flood risk information",,"Better information sharing (e.g., more frequent announcements, different forms of communication),Establishing community advisory boards,Providing resources for community action (e.g., participation opportunities, educational programs, technical training),Compensation for time (e.g., money, gift cards),Host more regular and diverse community meetings representative of the community",,I participate in all meetings,Extremely involved,"Bayou City Waterkeeper (BCWK),West Street Recovery (WSR),Northeast Action Collective (NAC),My local neighborhood association or homeowners association (HOA)",,Community bulletin posts,,No,11-20 years,High (≥150k),I own my home.,Baytown,,
R_5vf6zi2G9msD9EO,EN,"Improved air quality,Improved stormwater quality,Stress reduction",,"Long-standing water bodies,A drainage ditch nearby,Wildlife commonly found near water (e.g., frogs, salamander, herons, egrets),Consistently-saturated soil",(1) Lake Houston Flatwood Wetlands,"Yes, I think they impact flooding in my community",Drought,Sometimes – (once every 2-6 months),Often – (At least once a month),"Heavy rainfall or storms,Drains culverts or pipes that are too small (e.g., inadequate stormwater infrastructure size),Increased development or urbanization",,"$500 - $1,000","Between ankle and knee level (e.g., above 3 inches, up to 12 inches)","Property damage (e.g., vehicle damage, home repairs),Displacement from home (e.g., temporary relocation),Interruption of utility services (e.g., power outages, water supply)",,"Installed flood barriers or sandbags around my property,Engaged with local authorities around flooding issues,Only my landlord can take action to address or reduce flooding at my residence",,"Nature-based detention pond,Large park,Pocket wetland",Permeable pavement,"Nature-based detention pond,Pocket wetland",Wetland conservation,1,2,3,"Yes, it is important","Yes, it is important","Yes, it is important","City of Houston, and other Municipalities (Municipal Utility District MUDs)",,Above average trust,"Attracting unwanted pests,High installment costs,Maintenance issues",,Slightly satisfied,"More detailed information about flood preparedness,Increased opportunities for community feedback,More targeted outreach to vulnerable populations (e.g., environmental justice communities)",,"Involving local schools and community groups,Compensation for time (e.g., money, gift cards),Host more regular and diverse community meetings representative of the community",,I participate in most meetings,Moderately involved,"Bayou City Waterkeeper (BCWK),Northeast Action Collective (NAC)",,Instagram Posts,,No,Over 20 years,Moderate (50k-<150k),I own my home.,Houston,,
R_1VkhQO1Spr237ax,EN,"Improved air quality,Improved stormwater quality,Improved soil quality",,"Long-standing water bodies,A drainage ditch nearby,Wildlife commonly found near water (e.g., frogs, salamander, herons, egrets)",(1) Lake Houston Flatwood Wetlands,"Yes, I think they impact flooding in my community",Drought,Often – (At least once a month),Sometimes – (once every 2-6 months),"Heavy rainfall or storms,Blocked or clogged drainage systems,Aging infrastructure (e.g., not in compliance–out of date)",,"$1,000 - $5,000","Between ankle and knee level (e.g., above 3 inches, up to 12 inches)","Loss of work or income,Displacement from home (e.g., temporary relocation)",,"Installed flood barriers or sandbags around my property,Requested assistance from local government (e.g., city, county) to improve drainage,Engaged with local authorities around flooding issues",,"Rain garden,Urban forestry,Wetland restoration (coastal or inland)","Permeable pavement,Rain garden",Urban forestry,Wetland conservation,3,1,2,"Yes, it is important","Yes, it is important","Yes, it is important","City of Houston, and other Municipalities (Municipal Utility District MUDs)",,Above average trust,"Equity in implementation–areas that need it most may not get first priority,Displacement due to environmental projects (e.g., gentrification or green gentrification),Lack of educational resources for the community",,Very satisfied,"More detailed information about flood preparedness,Increased opportunities for community feedback,Enhanced coordination with other local organizations/agencies",,"Better information sharing (e.g., more frequent announcements, different forms of communication),Involving local schools and community groups,Providing resources for community action (e.g., participation opportunities, educational programs, technical training)",,"I never participate in meetings, although they are available",Moderately involved,"Bayou City Waterkeeper (BCWK),West Street Recovery (WSR),Northeast Action Collective (NAC)",,Community bulletin posts,,Yes,1-5 years,Moderate (50k-<150k),I own my home.,Houston,,
R_1kwZk25jxiCRTqN,EN,"Improved air quality,Improved stormwater quality,Stress reduction",,"Long-standing water bodies,Aquatic (water) plants (e.g., cattail, dwarf palmettos, bald cypress tree),A creek nearby,Wildlife commonly found near water (e.g., frogs, salamander, herons, egrets),Consistently-saturated soil",(1) Lake Houston Flatwood Wetlands,"Yes, I think they impact flooding in my community",Drought,Rarely – (once a year or less),Sometimes – (once every 2-6 months),"Heavy rainfall or storms,Blocked or clogged drainage systems,Increased development or urbanization",,"$1,000 - $5,000","Less than or at ankle level (e.g., under 3 inches)","Property damage (e.g., vehicle damage, home repairs),Increased cost for repairs or flood proofing (e.g., more expensive flood insurance premiums)",,"Raised the foundation of my house,Engaged with local authorities around flooding issues",,"Bioswale,Large park,Permeable pavement,Pocket prairie,Urban forestry,Wetland restoration (coastal or inland)","Bioswale,Rain garden","Nature-based detention pond,Pocket prairie,Urban forestry","Wetland conservation,Wetland restoration (inland or coastal)",1,2,3,"Yes, it is important","Yes, it is important","Yes, it is important",Harris County Flood Control District (HCFCD),,Above average trust,"Attracting unwanted pests,Displacement due to environmental projects (e.g., gentrification or green gentrification),Lack of educational resources for the community",,Very satisfied,"More detailed information about flood preparedness,Increased opportunities for community feedback,More targeted outreach to vulnerable populations (e.g., environmental justice communities)",,"Establishing community advisory boards,Providing resources for community action (e.g., participation opportunities, educational programs, technical training),Compensation for time (e.g., money, gift cards)",,I participate in most meetings,Very involved,"West Street Recovery (WSR),Northeast Action Collective (NAC),My local neighborhood association or homeowners association (HOA)",,Facebook Posts,,No,11-20 years,Moderate (50k-<150k),I own my home.,Houston,,
R_3PBjzi3sKVaFml9,EN,"Neighborhood beautification,Improved air quality",,A drainage ditch nearby,(4) Trans-Brazos Region,"Yes, I think they impact flooding in my community",Drought,Sometimes – (once every 2-6 months),Sometimes – (once every 2-6 months),"Drains culverts or pipes that are too small (e.g., inadequate stormwater infrastructure size),Aging infrastructure (e.g., not in compliance–out of date)",,"$10,000 - $20,000","Between ankle and knee level (e.g., above 3 inches, up to 12 inches)","Mental health impact (e.g., anxiety, trauma, stress),Displacement from home (e.g., temporary relocation)",,"Engaged with local authorities around flooding issues,Only my landlord can take action to address or reduce flooding at my residence",,"Pocket prairie,Rain garden",Rain garden,Pocket prairie,Wetland conservation,1,2,3,"Yes, it is important","Yes, it is important","Yes, it is important",Local city planning departments,,Moderate trust,"Displacement due to environmental projects (e.g., gentrification or green gentrification),Lack of educational resources for the community",,Moderately satisfied,"More detailed information about flood preparedness,Better access to emergency resources and assistance",,"Involving local schools and community groups,Providing resources for community action (e.g., participation opportunities, educational programs, technical training)",,I participate in most meetings,Somewhat involved,"Coalition for Environment, Equity and Resilience (CEER),Northeast Action Collective (NAC)",,Instagram Posts,,No,1-5 years,Moderate (50k-<150k),I own my home.,Baytown,,
R_1BeFhh0mzcZl30t,EN,"Neighborhood beautification,Improved air quality,Improved soil quality",,"Aquatic (water) plants (e.g., cattail, dwarf palmettos, bald cypress tree),A drainage ditch nearby,Wildlife commonly found near water (e.g., frogs, salamander, herons, egrets)",(4) Trans-Brazos Region,"Yes, I think they impact flooding in my community",Drought,Often – (At least once a month),Often – (At least once a month),"Blocked or clogged drainage systems,Aging infrastructure (e.g., not in compliance–out of date),Nearby river, creek, or bayou overflowing",,"$1,000 - $5,000","Between ankle and knee level (e.g., above 3 inches, up to 12 inches)","Property damage (e.g., vehicle damage, home repairs),Mental health impact (e.g., anxiety, trauma, stress),Prevented or delayed access to essential services (e.g., health care, groceries, travel, work)",,"Installed flood barriers or sandbags around my property,Engaged with local authorities around flooding issues,Only my landlord can take action to address or reduce flooding at my residence",,"Permeable pavement,Rain garden,Urban forestry","Rain garden,Rainwater harvesting","Pocket wetland,Urban forestry","Wetland conservation,Wetland restoration (inland or coastal)",2,1,3,"Yes, it is important","Yes, it is important",I don’t know,Harris County Flood Control District (HCFCD),,Moderate trust,"Attracting unwanted pests,Equity in implementation–areas that need it most may not get first priority,High installment costs",,Very satisfied,"Better access to emergency resources and assistance,Increased opportunities for community feedback",,Involving local schools and community groups,,I occasionally participate in meetings,Moderately involved,"Coalition for Environment, Equity and Resilience (CEER),Northeast Action Collective (NAC)",,Instagram Posts,,No,1-5 years,Low (<50k),I rent my home.,Houston,,
R_7w38F6W7gwvoR8t,EN,"Neighborhood beautification,Improved stormwater quality,Improved soil quality",,"Long-standing water bodies,Aquatic (water) plants (e.g., cattail, dwarf palmettos, bald cypress tree),A drainage ditch nearby",(1) Lake Houston Flatwood Wetlands,"Yes, I think they impact flooding in my community",Drought,Often – (At least once a month),Often – (At least once a month),"Heavy rainfall or storms,Blocked or clogged drainage systems,Drains culverts or pipes that are too small (e.g., inadequate stormwater infrastructure size)",,"More than $20,000","Above the knee (e.g., over 12 inches)","Property damage (e.g., vehicle damage, home repairs),Loss of work or income,Mental health impact (e.g., anxiety, trauma, stress)",,"Raised the foundation of my house,Installed flood barriers or sandbags around my property,Requested assistance from local government (e.g., city, county) to improve drainage",,"Bioswale,Nature-based detention pond,Large park,Rain garden,Rainwater harvesting","Bioswale,Permeable pavement,Rain garden","Nature-based detention pond,Pocket prairie","Large park,Wetland conservation",3,1,2,"Yes, it is important","Yes, it is important","Yes, it is important","City of Houston, and other Municipalities (Municipal Utility District MUDs)",,Extreme trust,"Attracting unwanted pests,Equity in implementation–areas that need it most may not get first priority,Displacement due to environmental projects (e.g., gentrification or green gentrification)",,Extremely satisfied,"More frequent updates on local flood risks,More detailed information about flood preparedness,Better access to emergency resources and assistance,Increased opportunities for community feedback",,"Better information sharing (e.g., more frequent announcements, different forms of communication),Establishing community advisory boards,Involving local schools and community groups,Providing resources for community action (e.g., participation opportunities, educational programs, technical training)",,I participate in all meetings,Moderately involved,"Bayou City Waterkeeper (BCWK),West Street Recovery (WSR),My local neighborhood association or homeowners association (HOA)",,Facebook Posts,,No,Over 20 years,High (≥150k),I own my home.,Houston,,
R_35SlUIuZkSNsqzY,EN,"Improved air quality,Increased property value,Recreation (e.g., fishing, bird watching, walking)",,"Long-standing water bodies,A creek nearby,Wildlife commonly found near water (e.g., frogs, salamander, herons, egrets)",(2) Greater Lake Creek,"Yes, I think they impact flooding in my community",Drought,Rarely – (once a year or less),Rarely – (once a year or less),"Heavy rainfall or storms,Blocked or clogged drainage systems,Increased development or urbanization",,$0 - I haven't spent any money on flood-related repairs,"Less than or at ankle level (e.g., under 3 inches)","Prevented or delayed access to essential services (e.g., health care, groceries, travel, work),Interruption of utility services (e.g., power outages, water supply)",,"Not applicable (e.g., flooding has not affected my residence)",,"Large park,Rain garden,Urban forestry","Rain garden,Rainwater harvesting","Pocket prairie,Urban forestry","Large park,Wetland conservation",2,1,3,"Yes, it is important","Yes, it is important","Yes, it is important",Harris County Flood Control District (HCFCD),,Moderate trust,"High installment costs,Maintenance issues,Space requirements–not enough space",,Moderately satisfied,"More frequent updates on local flood risks,More detailed information about flood preparedness,Improved use of technology (e.g., apps, websites) for flood risk information",,"Better information sharing (e.g., more frequent announcements, different forms of communication),Involving local schools and community groups,Providing resources for community action (e.g., participation opportunities, educational programs, technical training)",,I occasionally participate in meetings,Somewhat involved,I am not part of any organizations focused on drainage and flooding issues.,,Facebook Posts,,No,Over 20 years,High (≥150k),I own my home.,Baytown,,
R_7nTpsgdxG5yDjGR,EN,"Neighborhood beautification,Improved stormwater quality,Increased property value",,"Aquatic (water) plants (e.g., cattail, dwarf palmettos, bald cypress tree),Wildlife commonly found near water (e.g., frogs, salamander, herons, egrets),Consistently-saturated soil",(1) Lake Houston Flatwood Wetlands,"Yes, I think they impact flooding in my community",Drought,Sometimes – (once every 2-6 months),Sometimes – (once every 2-6 months),"Heavy rainfall or storms,Drains culverts or pipes that are too small (e.g., inadequate stormwater infrastructure size),Increased development or urbanization",,"$5,000 - $10,000","Between ankle and knee level (e.g., above 3 inches, up to 12 inches)","Loss of work or income,Displacement from home (e.g., temporary relocation),Prevented or delayed access to essential services (e.g., health care, groceries, travel, work)",,"Raised the foundation of my house,Installed flood barriers or sandbags around my property,Engaged with local authorities around flooding issues",,"Nature-based detention pond,Permeable pavement,Rainwater harvesting","Permeable pavement,Rain garden","Nature-based detention pond,Pocket wetland","Wetland conservation,Wetland restoration (inland or coastal)",2,3,1,"Yes, it is important","Yes, it is important","Yes, it is important",Local city planning departments,,Extreme trust,"Equity in implementation–areas that need it most may not get first priority,High installment costs,Maintenance issues",,Very satisfied,"More detailed information about flood preparedness,Increased opportunities for community feedback,More targeted outreach to vulnerable populations (e.g., environmental justice communities)",,"Better information sharing (e.g., more frequent announcements, different forms of communication),Providing resources for community action (e.g., participation opportunities, educational programs, technical training),Host more regular and diverse community meetings representative of the community",,I occasionally participate in meetings,Very involved,"Bayou City Waterkeeper (BCWK),Coalition for Environment, Equity and Resilience (CEER),My local neighborhood association or homeowners association (HOA)",,Instagram Posts,,No,11-20 years,High (≥150k),I own my home.,Houston,,
R_5A5mUn1rlMDax4R,EN,"Improved air quality,Recreation (e.g., fishing, bird watching, walking),Stress reduction",,"Aquatic (water) plants (e.g., cattail, dwarf palmettos, bald cypress tree),A creek nearby,Wildlife commonly found near water (e.g., frogs, salamander, herons, egrets)",(2) Greater Lake Creek,"Yes, I think they impact flooding in my community",Drought,Sometimes – (once every 2-6 months),Always – (every time it rains),"Drains culverts or pipes that are too small (e.g., inadequate stormwater infrastructure size),Increased development or urbanization",,"$10,000 - $20,000","Between ankle and knee level (e.g., above 3 inches, up to 12 inches)","Property damage (e.g., vehicle damage, home repairs),Mental health impact (e.g., anxiety, trauma, stress),Prevented or delayed access to essential services (e.g., health care, groceries, travel, work)",,"Installed flood barriers or sandbags around my property,Requested assistance from local government (e.g., city, county) to improve drainage,Only my landlord can take action to address or reduce flooding at my residence",,"Nature-based detention pond,Pocket wetland,Rain garden,Wetland conservation","Permeable pavement,Rainwater harvesting","Pocket prairie,Pocket wetland",Wetland conservation,1,2,3,"Yes, it is important","Yes, it is important","Yes, it is important",Local city planning departments,,Moderate trust,"Equity in implementation–areas that need it most may not get first priority,Lack of educational resources for the community",,Very satisfied,"Increased opportunities for community feedback,More targeted outreach to vulnerable populations (e.g., environmental justice communities)",,"Better information sharing (e.g., more frequent announcements, different forms of communication),Providing resources for community action (e.g., participation opportunities, educational programs, technical training),Host more regular and diverse community meetings representative of the community",,I rarely participate in meetings,Very involved,"West Street Recovery (WSR),Northeast Action Collective (NAC)",,Community bulletin posts,,No,6-10 years,High (≥150k),I own my home.,Baytown,,
R_5Bo28GSBydMVVVf,EN,"Neighborhood beautification,Improved air quality,Improved stormwater quality",,"Long-standing water bodies,Aquatic (water) plants (e.g., cattail, dwarf palmettos, bald cypress tree),Wildlife commonly found near water (e.g., frogs, salamander, herons, egrets),Consistently-saturated soil",(2) Greater Lake Creek,"Yes, I think they impact flooding in my community",Drought,Sometimes – (once every 2-6 months),Sometimes – (once every 2-6 months),"Heavy rainfall or storms,Blocked or clogged drainage systems,Increased development or urbanization",,Less than $500,"Less than or at ankle level (e.g., under 3 inches)","Mental health impact (e.g., anxiety, trauma, stress),Prevented or delayed access to essential services (e.g., health care, groceries, travel, work)",,"Installed flood barriers or sandbags around my property,Engaged with local authorities around flooding issues",,"Large park,Rainwater harvesting,Urban forestry","Permeable pavement,Rainwater harvesting","Nature-based detention pond,Urban forestry","Large park,Wetland conservation",2,1,3,"Yes, it is important","Yes, it is important","Yes, it is important",Local city planning departments,,Moderate trust,"High installment costs,Increased taxes,Maintenance issues",,Very satisfied,"Better access to emergency resources and assistance,Increased opportunities for community feedback",,"Establishing community advisory boards,Host more regular and diverse community meetings representative of the community",,I participate in most meetings,Very involved,"West Street Recovery (WSR),Coalition for Environment, Equity and Resilience (CEER)",,Facebook Posts,,No,11-20 years,Moderate (50k-<150k),I own my home.,Houston,,
R_11FA6dg6ytl6H8f,EN,"Improved air quality,Improved stormwater quality,Stress reduction",,"Long-standing water bodies,Aquatic (water) plants (e.g., cattail, dwarf palmettos, bald cypress tree),A creek nearby,Wildlife commonly found near water (e.g., frogs, salamander, herons, egrets),Consistently-saturated soil",(2) Greater Lake Creek,"Yes, I think they impact flooding in my community",Drought,Sometimes – (once every 2-6 months),Rarely – (once a year or less),"Heavy rainfall or storms,Blocked or clogged drainage systems,Drains culverts or pipes that are too small (e.g., inadequate stormwater infrastructure size)",,"$500 - $1,000","Between ankle and knee level (e.g., above 3 inches, up to 12 inches)","Mental health impact (e.g., anxiety, trauma, stress),Prevented or delayed access to essential services (e.g., health care, groceries, travel, work)",,"Installed flood barriers or sandbags around my property,Engaged with local authorities around flooding issues",,"Large park,Permeable pavement,Rain garden,Urban forestry","Permeable pavement,Rain garden,Rainwater harvesting","Nature-based detention pond,Urban forestry","Large park,Wetland conservation,Wetland restoration (inland or coastal)",3,2,1,"Yes, it is important","Yes, it is important","Yes, it is important",Local city planning departments,,Above average trust,"Equity in implementation–areas that need it most may not get first priority,High installment costs,Increased taxes,Maintenance issues",,Very satisfied,"More frequent updates on local flood risks,More detailed information about flood preparedness,Better access to emergency resources and assistance,Improved use of technology (e.g., apps, websites) for flood risk information",,"Better information sharing (e.g., more frequent announcements, different forms of communication),Providing resources for community action (e.g., participation opportunities, educational programs, technical training),Providing multilingual interpretation services",,I participate in most meetings,Very involved,My local neighborhood association or homeowners association (HOA),,Community bulletin posts,,No,11-20 years,Moderate (50k-<150k),I own my home.,Houston,,
R_7ltPTUSmy9s6Dfy,EN,"Neighborhood beautification,Improved air quality,Improved stormwater quality",,"Long-standing water bodies,Aquatic (water) plants (e.g., cattail, dwarf palmettos, bald cypress tree),A drainage ditch nearby",(1) Lake Houston Flatwood Wetlands,"Yes, I think they impact flooding in my community",Drought,Sometimes – (once every 2-6 months),Sometimes – (once every 2-6 months),"Heavy rainfall or storms,Drains culverts or pipes that are too small (e.g., inadequate stormwater infrastructure size),Aging infrastructure (e.g., not in compliance–out of date)",,"$1,000 - $5,000","Between ankle and knee level (e.g., above 3 inches, up to 12 inches)","Mental health impact (e.g., anxiety, trauma, stress),Displacement from home (e.g., temporary relocation),Prevented or delayed access to essential services (e.g., health care, groceries, travel, work)",,"Installed flood barriers or sandbags around my property,Requested assistance from local government (e.g., city, county) to improve drainage,Engaged with local authorities around flooding issues",,"Bioswale,Nature-based detention pond,Large park,Permeable pavement","Bioswale,Permeable pavement,Rain garden","Nature-based detention pond,Pocket prairie,Pocket wetland","Large park,Wetland conservation",2,3,1,"Yes, it is important","Yes, it is important","Yes, it is important",Harris County Flood Control District (HCFCD),,Above average trust,"Attracting unwanted pests,Equity in implementation–areas that need it most may not get first priority,Displacement due to environmental projects (e.g., gentrification or green gentrification),High installment costs",,Very satisfied,"More frequent updates on local flood risks,More detailed information about flood preparedness,Better access to emergency resources and assistance,Increased opportunities for community feedback",,"Better information sharing (e.g., more frequent announcements, different forms of communication),Establishing community advisory boards,Involving local schools and community groups,Providing resources for community action (e.g., participation opportunities, educational programs, technical training)",,I participate in all meetings,Very involved,"Bayou City Waterkeeper (BCWK),West Street Recovery (WSR),Coalition for Environment, Equity and Resilience (CEER)",,Newspaper articles/Flyers,,No,Over 20 years,Moderate (50k-<150k),I own my home.,Houston,,
R_1mRyrK7hLKbNF90,EN,"Improved air quality,Improved stormwater quality,Stress reduction",,"Long-standing water bodies,Aquatic (water) plants (e.g., cattail, dwarf palmettos, bald cypress tree),A creek nearby,Wildlife commonly found near water (e.g., frogs, salamander, herons, egrets),Consistently-saturated soil",I am not sure which critical wetland is located upstream of me.,"Yes, I think they impact flooding in my community",Drought,Sometimes – (once every 2-6 months),Never,"Heavy rainfall or storms,Blocked or clogged drainage systems,Aging infrastructure (e.g., not in compliance–out of date)",,$0 - I haven't spent any money on flood-related repairs,"Not applicable (e.g., no experiences with flooding)",I have not experienced any of these events,,"Not applicable (e.g., flooding has not affected my residence)",,"Large park,Rain garden,Rainwater harvesting,Urban forestry","Permeable pavement,Rain garden,Rainwater harvesting","Pocket prairie,Pocket wetland,Urban forestry","Large park,Wetland conservation,Wetland restoration (inland or coastal)",3,1,2,"Yes, it is important","Yes, it is important","Yes, it is important",Local city planning departments,,Moderate trust,"Equity in implementation–areas that need it most may not get first priority,High installment costs,Increased taxes,Maintenance issues",,Moderately satisfied,"More frequent updates on local flood risks,More detailed information about flood preparedness,Better access to emergency resources and assistance,Improved use of technology (e.g., apps, websites) for flood risk information",,"Better information sharing (e.g., more frequent announcements, different forms of communication),Establishing community advisory boards,Providing resources for community action (e.g., participation opportunities, educational programs, technical training),Providing multilingual interpretation services",,I rarely participate in meetings,Somewhat involved,I am not part of any organizations focused on drainage and flooding issues.,,Instagram Posts,,No,1-5 years,Moderate (50k-<150k),I rent my home.,Baytown,,
R_5rZNGdemf6zsCGj,EN,"Improved air quality,Improved soil quality,Increased property value",,"Long-standing water bodies,A drainage ditch nearby,Wildlife commonly found near water (e.g., frogs, salamander, herons, egrets)",(2) Greater Lake Creek,"Yes, I think they impact flooding in my community",Drought,Always – (every time it rains),Always – (every time it rains),"Heavy rainfall or storms,Drains culverts or pipes that are too small (e.g., inadequate stormwater infrastructure size),Aging infrastructure (e.g., not in compliance–out of date)",,"More than $20,000","Above the knee (e.g., over 12 inches)","Property damage (e.g., vehicle damage, home repairs),Mental health impact (e.g., anxiety, trauma, stress),Prevented or delayed access to essential services (e.g., health care, groceries, travel, work)",,"Raised the foundation of my house,Requested assistance from local government (e.g., city, county) to improve drainage,Engaged with local authorities around flooding issues",,"Bioswale,Permeable pavement,Urban forestry","Bioswale,Rain garden,Rainwater harvesting","Nature-based detention pond,Pocket wetland","Large park,Wetland restoration (inland or coastal)",3,1,2,"Yes, it is important","Yes, it is important","Yes, it is important","City of Houston, and other Municipalities (Municipal Utility District MUDs)",,Above average trust,"Attracting unwanted pests,Displacement due to environmental projects (e.g., gentrification or green gentrification),Lack of educational resources for the community",,Extremely satisfied,"More frequent updates on local flood risks,Better access to emergency resources and assistance,More targeted outreach to vulnerable populations (e.g., environmental justice communities)",,"Better information sharing (e.g., more frequent announcements, different forms of communication),Providing resources for community action (e.g., participation opportunities, educational programs, technical training),Host more regular and diverse community meetings representative of the community",,I participate in all meetings,Extremely involved,"Bayou City Waterkeeper (BCWK),Coalition for Environment, Equity and Resilience (CEER),My local neighborhood association or homeowners association (HOA)",,Instagram Posts,,No,Over 20 years,High (≥150k),I own my home.,Houston,,
R_1QmwAyPa2t6F4cC,EN,"Improved air quality,Recreation (e.g., fishing, bird watching, walking),Stress reduction",,"Aquatic (water) plants (e.g., cattail, dwarf palmettos, bald cypress tree),A creek nearby,Wildlife commonly found near water (e.g., frogs, salamander, herons, egrets)",(2) Greater Lake Creek,"Yes, I think they impact flooding in my community",Drought,Sometimes – (once every 2-6 months),Sometimes – (once every 2-6 months),"Drains culverts or pipes that are too small (e.g., inadequate stormwater infrastructure size),Aging infrastructure (e.g., not in compliance–out of date),Nearby river, creek, or bayou overflowing",,"More than $20,000","Between ankle and knee level (e.g., above 3 inches, up to 12 inches)","Mental health impact (e.g., anxiety, trauma, stress),Displacement from home (e.g., temporary relocation),Prevented or delayed access to essential services (e.g., health care, groceries, travel, work)",,"Installed flood barriers or sandbags around my property,Engaged with local authorities around flooding issues",,"Permeable pavement,Rainwater harvesting,Wetland conservation","Permeable pavement,Rainwater harvesting","Nature-based detention pond,Pocket wetland",Wetland restoration (inland or coastal),1,2,3,"Yes, it is important","Yes, it is important","Yes, it is important",Harris County Flood Control District (HCFCD),,Moderate trust,"Equity in implementation–areas that need it most may not get first priority,Displacement due to environmental projects (e.g., gentrification or green gentrification),Maintenance issues",,Very satisfied,"Better access to emergency resources and assistance,Enhanced coordination with other local organizations/agencies,Improved use of technology (e.g., apps, websites) for flood risk information",,"Better information sharing (e.g., more frequent announcements, different forms of communication),Involving local schools and community groups,Providing resources for community action (e.g., participation opportunities, educational programs, technical training),Providing multilingual interpretation services",,I occasionally participate in meetings,Very involved,"Bayou City Waterkeeper (BCWK),Coalition for Environment, Equity and Resilience (CEER)",,Community bulletin posts,,No,11-20 years,High (≥150k),I own my home.,Baytown,,
R_5IYTI4J9At0hDnc,EN,"Neighborhood beautification,Improved stormwater quality",,"Aquatic (water) plants (e.g., cattail, dwarf palmettos, bald cypress tree),A creek nearby",(1) Lake Houston Flatwood Wetlands,"Yes, I think they impact flooding in my community",Drought,Sometimes – (once every 2-6 months),Sometimes – (once every 2-6 months),"Blocked or clogged drainage systems,Drains culverts or pipes that are too small (e.g., inadequate stormwater infrastructure size),Aging infrastructure (e.g., not in compliance–out of date)",,"$10,000 - $20,000","Between ankle and knee level (e.g., above 3 inches, up to 12 inches)","Mental health impact (e.g., anxiety, trauma, stress),Interruption of utility services (e.g., power outages, water supply)",,"Requested assistance from local government (e.g., city, county) to improve drainage,Engaged with local authorities around flooding issues",,"Permeable pavement,Pocket wetland,Rainwater harvesting","Bioswale,Rain garden",Pocket prairie,Large park,1,2,3,I don’t know,"Yes, it is important","Yes, it is important",Houston Galveston Area Council (HGAC),,Moderate trust,"Displacement due to environmental projects (e.g., gentrification or green gentrification),Increased taxes",,Extremely satisfied,"More targeted outreach to vulnerable populations (e.g., environmental justice communities)",,"Providing resources for community action (e.g., participation opportunities, educational programs, technical training)",,I occasionally participate in meetings,Very involved,"Coalition for Environment, Equity and Resilience (CEER),Northeast Action Collective (NAC)",,Community bulletin posts,,No,11-20 years,High (≥150k),I own my home.,Houston,,
R_1j7kSP268hUo1JW,EN,,,"Aquatic (water) plants (e.g., cattail, dwarf palmettos, bald cypress tree),Wildlife commonly found near water (e.g., frogs, salamander, herons, egrets)",(4) Trans-Brazos Region,"No, I do not think they impact flooding in my community",Drought,Rarely – (once a year or less),Rarely – (once a year or less),"Heavy rainfall or storms,Blocked or clogged drainage systems,Nearby river, creek, or bayou overflowing",,Less than $500,"Less than or at ankle level (e.g., under 3 inches)","Prevented or delayed access to essential services (e.g., health care, groceries, travel, work),Increased cost for repairs or flood proofing (e.g., more expensive flood insurance premiums)",,Engaged with local authorities around flooding issues,,"Large park,Rain garden,Wetland conservation","Bioswale,Rain garden","Nature-based detention pond,Pocket prairie",Large park,1,2,3,"Yes, it is important","Yes, it is important","Yes, it is important",United States Environmental Protection Agency (US EPA),,Moderate trust,"Displacement due to environmental projects (e.g., gentrification or green gentrification),Not fitting into community look/aesthetic",,Slightly satisfied,"More detailed information about flood preparedness,Increased opportunities for community feedback,Improved use of technology (e.g., apps, websites) for flood risk information",,"Establishing community advisory boards,Host more regular and diverse community meetings representative of the community",,I occasionally participate in meetings,Moderately involved,"West Street Recovery (WSR),My local neighborhood association or homeowners association (HOA)",,Facebook Posts,,No,1-5 years,High (≥150k),I own my home.,Houston,,
R_7TBqPoAeZ4wTWRU,EN,"Increased property value,Recreation (e.g., fishing, bird watching, walking),Stress reduction",,"Long-standing water bodies,A creek nearby,Wildlife commonly found near water (e.g., frogs, salamander, herons, egrets)",I am not sure which critical wetland is located upstream of me.,"Yes, I think they impact flooding in my community",Drought,Rarely – (once a year or less),Rarely – (once a year or less),"Heavy rainfall or storms,Blocked or clogged drainage systems,Increased development or urbanization",,$0 - I haven't spent any money on flood-related repairs,"Less than or at ankle level (e.g., under 3 inches)",I have not experienced any of these events,,"Not applicable (e.g., flooding has not affected my residence)",,"Large park,Rain garden,Urban forestry","Bioswale,Rain garden","Nature-based detention pond,Urban forestry","Large park,Wetland conservation",2,1,3,"Yes, it is important","Yes, it is important","Yes, it is important",Harris County Flood Control District (HCFCD),,Moderate trust,"Maintenance issues,Not fitting into community look/aesthetic",,Moderately satisfied,"More frequent updates on local flood risks,More detailed information about flood preparedness,Improved use of technology (e.g., apps, websites) for flood risk information",,"Better information sharing (e.g., more frequent announcements, different forms of communication),Involving local schools and community groups,Host more regular and diverse community meetings representative of the community",,I occasionally participate in meetings,Somewhat involved,My local neighborhood association or homeowners association (HOA),,Facebook Posts,,No,Over 20 years,High (≥150k),I own my home.,Baytown,,
R_5LbBUx5Jsq69MHF,EN,"Improved air quality,Improved soil quality,Stress reduction",,"Long-standing water bodies,A creek nearby,Wildlife commonly found near water (e.g., frogs, salamander, herons, egrets)",(4) Trans-Brazos Region,"Yes, I think they impact flooding in my community",Drought,Often – (At least once a month),Often – (At least once a month),"Heavy rainfall or storms,Drains culverts or pipes that are too small (e.g., inadequate stormwater infrastructure size),Aging infrastructure (e.g., not in compliance–out of date)",,"$10,000 - $20,000","Above the knee (e.g., over 12 inches)","Mental health impact (e.g., anxiety, trauma, stress),Prevented or delayed access to essential services (e.g., health care, groceries, travel, work),Interruption of utility services (e.g., power outages, water supply)",,"Raised the foundation of my house,Requested assistance from local government (e.g., city, county) to improve drainage,Engaged with local authorities around flooding issues",,"Nature-based detention pond,Large park,Pocket wetland,Urban forestry","Bioswale,Permeable pavement","Nature-based detention pond,Pocket prairie",Wetland conservation,3,1,2,"No, it is not important","Yes, it is important","No, it is not important",Texas Commission on Environmental Quality (TCEQ),,Above average trust,"Attracting unwanted pests,Equity in implementation–areas that need it most may not get first priority,High installment costs,Not fitting into community look/aesthetic",,Extremely satisfied,"Better access to emergency resources and assistance,Increased opportunities for community feedback,More targeted outreach to vulnerable populations (e.g., environmental justice communities)",,"Establishing community advisory boards,Compensation for time (e.g., money, gift cards),Host more regular and diverse community meetings representative of the community",,I participate in all meetings,Extremely involved,"Bayou City Waterkeeper (BCWK),West Street Recovery (WSR),My local neighborhood association or homeowners association (HOA)",,Newspaper articles/Flyers,,No,Over 20 years,Moderate (50k-<150k),I own my home.,Houston,,
R_19haPz99Nf2yq53,EN,"Improved air quality,Improved stormwater quality,Stress reduction",,"Long-standing water bodies,Aquatic (water) plants (e.g., cattail, dwarf palmettos, bald cypress tree),Wildlife commonly found near water (e.g., frogs, salamander, herons, egrets),Consistently-saturated soil",(2) Greater Lake Creek,"Yes, I think they impact flooding in my community",Drought,Sometimes – (once every 2-6 months),Sometimes – (once every 2-6 months),"Heavy rainfall or storms,Blocked or clogged drainage systems,Increased development or urbanization",,$0 - I haven't spent any money on flood-related repairs,"Less than or at ankle level (e.g., under 3 inches)","Property damage (e.g., vehicle damage, home repairs),Loss of work or income,Displacement from home (e.g., temporary relocation),Prevented or delayed access to essential services (e.g., health care, groceries, travel, work),Increased cost for repairs or flood proofing (e.g., more expensive flood insurance premiums)",,"Raised the foundation of my house,Installed flood barriers or sandbags around my property,Requested assistance from local government (e.g., city, county) to improve drainage,Only my landlord can take action to address or reduce flooding at my residence",,"Nature-based detention pond,Pocket prairie,Rain garden,Urban forestry,Wetland conservation","Bioswale,Permeable pavement,Rainwater harvesting","Nature-based detention pond,Pocket prairie,Pocket wetland","Large park,Wetland conservation",3,1,2,"Yes, it is important","Yes, it is important","Yes, it is important","City of Houston, and other Municipalities (Municipal Utility District MUDs)",,Moderate trust,"Attracting unwanted pests,Equity in implementation–areas that need it most may not get first priority,Maintenance issues",,Very satisfied,"More frequent updates on local flood risks,Better access to emergency resources and assistance,Improved use of technology (e.g., apps, websites) for flood risk information",,"Better information sharing (e.g., more frequent announcements, different forms of communication),Providing resources for community action (e.g., participation opportunities, educational programs, technical training),Compensation for time (e.g., money, gift cards),Providing multilingual interpretation services",,I occasionally participate in meetings,Somewhat involved,"West Street Recovery (WSR),Coalition for Environment, Equity and Resilience (CEER),Northeast Action Collective (NAC)",,Facebook Posts,,No,Over 20 years,Moderate (50k-<150k),I own my home.,Houston,,
R_98yA7cx9hAxSBup,EN,"Neighborhood beautification,Improved stormwater quality,Increased property value",,"Long-standing water bodies,Aquatic (water) plants (e.g., cattail, dwarf palmettos, bald cypress tree),A creek nearby",(2) Greater Lake Creek,"Yes, I think they impact flooding in my community",Drought,Sometimes – (once every 2-6 months),Often – (At least once a month),"Heavy rainfall or storms,Drains culverts or pipes that are too small (e.g., inadequate stormwater infrastructure size),Increased development or urbanization",,"$5,000 - $10,000","Between ankle and knee level (e.g., above 3 inches, up to 12 inches)","Loss of work or income,Prevented or delayed access to essential services (e.g., health care, groceries, travel, work),Interruption of utility services (e.g., power outages, water supply)",,"Installed flood barriers or sandbags around my property,Requested assistance from local government (e.g., city, county) to improve drainage",,"Pocket prairie,Rain garden,Urban forestry","Permeable pavement,Rain garden","Nature-based detention pond,Pocket prairie","Wetland conservation,Wetland restoration (inland or coastal)",3,1,2,"Yes, it is important","Yes, it is important","No, it is not important",Harris County Flood Control District (HCFCD),,Extreme trust,"Equity in implementation–areas that need it most may not get first priority,High installment costs,Lack of educational resources for the community",,Very satisfied,"More detailed information about flood preparedness,Increased opportunities for community feedback,Enhanced coordination with other local organizations/agencies,Improved use of technology (e.g., apps, websites) for flood risk information",,"Better information sharing (e.g., more frequent announcements, different forms of communication),Establishing community advisory boards,Host more regular and diverse community meetings representative of the community",,I participate in most meetings,Extremely involved,"Bayou City Waterkeeper (BCWK),Coalition for Environment, Equity and Resilience (CEER)",,Facebook Posts,,No,6-10 years,Moderate (50k-<150k),I own my home.,Houston,,
R_3DZvCzPD8GVsFcT,EN,"Improved soil quality,Increased property value",,A creek nearby,(2) Greater Lake Creek,"No, I do not think they impact flooding in my community",Drought,Rarely – (once a year or less),Sometimes – (once every 2-6 months),"Drains culverts or pipes that are too small (e.g., inadequate stormwater infrastructure size)",,"More than $20,000","Between ankle and knee level (e.g., above 3 inches, up to 12 inches)","Mental health impact (e.g., anxiety, trauma, stress),Prevented or delayed access to essential services (e.g., health care, groceries, travel, work)",,"Requested assistance from local government (e.g., city, county) to improve drainage",,"Nature-based detention pond,Permeable pavement","Bioswale,Permeable pavement",Pocket prairie,Large park,1,2,3,I don’t know,"Yes, it is important","Yes, it is important",Harris County Flood Control District (HCFCD),,Moderate trust,"Displacement due to environmental projects (e.g., gentrification or green gentrification),Lack of educational resources for the community",,Slightly satisfied,"More detailed information about flood preparedness,Better access to emergency resources and assistance",,"Better information sharing (e.g., more frequent announcements, different forms of communication)",,I rarely participate in meetings,Somewhat involved,"Coalition for Environment, Equity and Resilience (CEER)",,Facebook Posts,,No,6-10 years,Moderate (50k-<150k),I own my home.,Houston,,
R_6VQJ3JPrsNPhJkU,EN,"Improved air quality,Improved stormwater quality,Stress reduction",,"Long-standing water bodies,Aquatic (water) plants (e.g., cattail, dwarf palmettos, bald cypress tree),Wildlife commonly found near water (e.g., frogs, salamander, herons, egrets)",(1) Lake Houston Flatwood Wetlands,"Yes, I think they impact flooding in my community",Drought,Sometimes – (once every 2-6 months),Rarely – (once a year or less),"Heavy rainfall or storms,Drains culverts or pipes that are too small (e.g., inadequate stormwater infrastructure size),Increased development or urbanization",,"$1,000 - $5,000","Less than or at ankle level (e.g., under 3 inches)","Property damage (e.g., vehicle damage, home repairs),Increased cost for repairs or flood proofing (e.g., more expensive flood insurance premiums)",,"Raised the foundation of my house,Requested assistance from local government (e.g., city, county) to improve drainage,Only my landlord can take action to address or reduce flooding at my residence",,"Bioswale,Nature-based detention pond,Large park,Pocket prairie,Rain garden,Urban forestry,Wetland conservation","Bioswale,Permeable pavement","Nature-based detention pond,Pocket wetland","Wetland conservation,Wetland restoration (inland or coastal)",1,2,3,"Yes, it is important","Yes, it is important","Yes, it is important",Harris County Flood Control District (HCFCD),,Above average trust,"Attracting unwanted pests,High installment costs,Lack of educational resources for the community",,Very satisfied,"More detailed information about flood preparedness,More targeted outreach to vulnerable populations (e.g., environmental justice communities),Improved use of technology (e.g., apps, websites) for flood risk information",,"Better information sharing (e.g., more frequent announcements, different forms of communication),Providing resources for community action (e.g., participation opportunities, educational programs, technical training),Providing multilingual interpretation services",,I participate in most meetings,Very involved,"Bayou City Waterkeeper (BCWK),Northeast Action Collective (NAC),My local neighborhood association or homeowners association (HOA)",,Facebook Posts,,No,11-20 years,Moderate (50k-<150k),I own my home.,Houston,,
R_6ntiYOYThCLm0SZ,EN,"Neighborhood beautification,Improved air quality,Improved stormwater quality",,"Aquatic (water) plants (e.g., cattail, dwarf palmettos, bald cypress tree),Wildlife commonly found near water (e.g., frogs, salamander, herons, egrets),Consistently-saturated soil",(2) Greater Lake Creek,"Yes, I think they impact flooding in my community",Drought,Sometimes – (once every 2-6 months),Rarely – (once a year or less),Heavy rainfall or storms,,$0 - I haven't spent any money on flood-related repairs,"Less than or at ankle level (e.g., under 3 inches)",I have not experienced any of these events,,Raised the foundation of my house,,"Nature-based detention pond,Large park",Rain garden,Nature-based detention pond,Large park,1,3,2,"Yes, it is important","Yes, it is important","Yes, it is important",Harris County Flood Control District (HCFCD),,Above average trust,Lack of educational resources for the community,,Extremely satisfied,"More frequent updates on local flood risks,More detailed information about flood preparedness",,"Better information sharing (e.g., more frequent announcements, different forms of communication),Involving local schools and community groups",,I occasionally participate in meetings,Moderately involved,My local neighborhood association or homeowners association (HOA),,Community bulletin posts,,No,Over 20 years,Moderate (50k-<150k),I rent my home.,Houston,,
R_1hAUd3lDWgqQJ7H,EN,"Improved soil quality,Increased property value,Recreation (e.g., fishing, bird watching, walking)",,"Long-standing water bodies,A drainage ditch nearby,Consistently-saturated soil",(4) Trans-Brazos Region,"No, I do not think they impact flooding in my community",Drought,Sometimes – (once every 2-6 months),Sometimes – (once every 2-6 months),"Heavy rainfall or storms,Increased development or urbanization,Nearby river, creek, or bayou overflowing",,"$500 - $1,000","Above the knee (e.g., over 12 inches)","Property damage (e.g., vehicle damage, home repairs),Mental health impact (e.g., anxiety, trauma, stress),Interruption of utility services (e.g., power outages, water supply)",,"Installed flood barriers or sandbags around my property,Requested assistance from local government (e.g., city, county) to improve drainage,Engaged with local authorities around flooding issues",,"Bioswale,Large park,Rain garden,Urban forestry","Bioswale,Rainwater harvesting",Pocket wetland,Large park,1,2,3,"Yes, it is important","Yes, it is important","Yes, it is important",State of Texas,,Extreme trust,"High installment costs,Increased taxes,Not fitting into community look/aesthetic",,Extremely satisfied,"More detailed information about flood preparedness,Enhanced coordination with other local organizations/agencies,Improved use of technology (e.g., apps, websites) for flood risk information",,"Better information sharing (e.g., more frequent announcements, different forms of communication),Providing resources for community action (e.g., participation opportunities, educational programs, technical training),Providing multilingual interpretation services",,I occasionally participate in meetings,Very involved,"Coalition for Environment, Equity and Resilience (CEER)",,Facebook Posts,,No,11-20 years,Moderate (50k-<150k),I own my home.,Houston,,
R_6J3SbiEcYfXPvod,EN,"Improved air quality,Increased property value,Recreation (e.g., fishing, bird watching, walking)",,"Long-standing water bodies,Aquatic (water) plants (e.g., cattail, dwarf palmettos, bald cypress tree),Wildlife commonly found near water (e.g., frogs, salamander, herons, egrets)",(3) Greater Katy Prairie-Pothole Pimple-Mound Complexes,"Yes, I think they impact flooding in my community",Drought,Sometimes – (once every 2-6 months),Sometimes – (once every 2-6 months),"Heavy rainfall or storms,Blocked or clogged drainage systems,Aging infrastructure (e.g., not in compliance–out of date)",,"$5,000 - $10,000","Between ankle and knee level (e.g., above 3 inches, up to 12 inches)","Property damage (e.g., vehicle damage, home repairs),Mental health impact (e.g., anxiety, trauma, stress),Prevented or delayed access to essential services (e.g., health care, groceries, travel, work),Interruption of utility services (e.g., power outages, water supply),Increased cost for repairs or flood proofing (e.g., more expensive flood insurance premiums)",,"Raised the foundation of my house,Installed flood barriers or sandbags around my property,Requested assistance from local government (e.g., city, county) to improve drainage,Engaged with local authorities around flooding issues",,"Nature-based detention pond,Permeable pavement,Pocket prairie,Rain garden,Wetland conservation","Bioswale,Permeable pavement,Rain garden,Rainwater harvesting","Pocket prairie,Pocket wetland","Wetland conservation,Wetland restoration (inland or coastal)",2,1,3,"Yes, it is important","Yes, it is important","Yes, it is important",Texas Water Development Board (TWDB),,Moderate trust,"Displacement due to environmental projects (e.g., gentrification or green gentrification),High installment costs,Increased taxes,Lack of educational resources for the community,Maintenance issues,Space requirements–not enough space",,Moderately satisfied,"More frequent updates on local flood risks,Better access to emergency resources and assistance,Increased opportunities for community feedback,Enhanced coordination with other local organizations/agencies,Improved use of technology (e.g., apps, websites) for flood risk information",,"Better information sharing (e.g., more frequent announcements, different forms of communication),Involving local schools and community groups,Providing resources for community action (e.g., participation opportunities, educational programs, technical training),Host more regular and diverse community meetings representative of the community,Providing multilingual interpretation services",,I occasionally participate in meetings,Very involved,"West Street Recovery (WSR),Coalition for Environment, Equity and Resilience (CEER),Northeast Action Collective (NAC),My local neighborhood association or homeowners association (HOA)",,Newspaper articles/Flyers,,No,1-5 years,Moderate (50k-<150k),I own my home.,Houston,,
R_5e5n2dpfwOy2K6l,EN,"Improved air quality,Improved soil quality,Recreation (e.g., fishing, bird watching, walking)",,"Aquatic (water) plants (e.g., cattail, dwarf palmettos, bald cypress tree),A drainage ditch nearby,Wildlife commonly found near water (e.g., frogs, salamander, herons, egrets)",(5) Anahuac Coastal Marsh and Prairies,"Yes, I think they impact flooding in my community",Drought,Often – (At least once a month),Sometimes – (once every 2-6 months),"Heavy rainfall or storms,Drains culverts or pipes that are too small (e.g., inadequate stormwater infrastructure size),Increased development or urbanization",,"More than $20,000","Between ankle and knee level (e.g., above 3 inches, up to 12 inches)","Property damage (e.g., vehicle damage, home repairs),Prevented or delayed access to essential services (e.g., health care, groceries, travel, work),Increased cost for repairs or flood proofing (e.g., more expensive flood insurance premiums)",,"Raised the foundation of my house,Requested assistance from local government (e.g., city, county) to improve drainage,Only my landlord can take action to address or reduce flooding at my residence",,Rain garden,Permeable pavement,Pocket prairie,Wetland restoration (inland or coastal),1,2,3,"Yes, it is important","Yes, it is important","Yes, it is important",United States Environmental Protection Agency (US EPA),,Above average trust,"Equity in implementation–areas that need it most may not get first priority,Lack of educational resources for the community",,Very satisfied,"More detailed information about flood preparedness,Increased opportunities for community feedback,Improved use of technology (e.g., apps, websites) for flood risk information",,"Better information sharing (e.g., more frequent announcements, different forms of communication),Providing resources for community action (e.g., participation opportunities, educational programs, technical training),Host more regular and diverse community meetings representative of the community",,I occasionally participate in meetings,Extremely involved,"Bayou City Waterkeeper (BCWK),Coalition for Environment, Equity and Resilience (CEER),My local neighborhood association or homeowners association (HOA)",,Instagram Posts,,Yes,11-20 years,Moderate (50k-<150k),I own my home.,Houston,,
R_5GCxV4xGc1b1Ucp,EN,"Improved air quality,Increased property value,Recreation (e.g., fishing, bird watching, walking)",,"Long-standing water bodies,A creek nearby,Wildlife commonly found near water (e.g., frogs, salamander, herons, egrets)",(4) Trans-Brazos Region,"No, I do not think they impact flooding in my community",Drought,Sometimes – (once every 2-6 months),Often – (At least once a month),"Heavy rainfall or storms,Blocked or clogged drainage systems,Increased development or urbanization",,$0 - I haven't spent any money on flood-related repairs,"Less than or at ankle level (e.g., under 3 inches)","Property damage (e.g., vehicle damage, home repairs),Interruption of utility services (e.g., power outages, water supply),Increased cost for repairs or flood proofing (e.g., more expensive flood insurance premiums)",,I have not taken any measures to address or reduce flooding,,"Large park,Pocket wetland,Rainwater harvesting,Urban forestry",Permeable pavement,I prefer not to implement mid-scale GSI in my community,Large park,1,2,3,"Yes, it is important","Yes, it is important","Yes, it is important",Texas Water Development Board (TWDB),,Above average trust,"Attracting unwanted pests,High installment costs,Maintenance issues",,Very satisfied,"Better access to emergency resources and assistance,Enhanced coordination with other local organizations/agencies,Improved use of technology (e.g., apps, websites) for flood risk information",,"Establishing community advisory boards,Providing resources for community action (e.g., participation opportunities, educational programs, technical training),Host more regular and diverse community meetings representative of the community",,I occasionally participate in meetings,Somewhat involved,"West Street Recovery (WSR),Northeast Action Collective (NAC)",,Newspaper articles/Flyers,,No,11-20 years,Low (<50k),I own my home.,Houston,,
R_6N2LU5xqe4sXsZy,EN,"Improved air quality,Improved stormwater quality,Improved soil quality",,"Long-standing water bodies,Aquatic (water) plants (e.g., cattail, dwarf palmettos, bald cypress tree),Wildlife commonly found near water (e.g., frogs, salamander, herons, egrets)",(2) Greater Lake Creek,"Yes, I think they impact flooding in my community",Drought,Sometimes – (once every 2-6 months),Sometimes – (once every 2-6 months),"Heavy rainfall or storms,Increased development or urbanization,Nearby river, creek, or bayou overflowing",,"$5,000 - $10,000","Between ankle and knee level (e.g., above 3 inches, up to 12 inches)","Mental health impact (e.g., anxiety, trauma, stress),Prevented or delayed access to essential services (e.g., health care, groceries, travel, work),Increased cost for repairs or flood proofing (e.g., more expensive flood insurance premiums)",,"Installed flood barriers or sandbags around my property,Requested assistance from local government (e.g., city, county) to improve drainage,Engaged with local authorities around flooding issues",,"Rain garden,Rainwater harvesting,Urban forestry","Permeable pavement,Rain garden",Nature-based detention pond,"Wetland conservation,Wetland restoration (inland or coastal)",3,1,2,"Yes, it is important","Yes, it is important","Yes, it is important",Harris County Flood Control District (HCFCD),,Above average trust,"Equity in implementation–areas that need it most may not get first priority,High installment costs,Increased taxes",,Very satisfied,"Increased opportunities for community feedback,More targeted outreach to vulnerable populations (e.g., environmental justice communities),Improved use of technology (e.g., apps, websites) for flood risk information",,"Better information sharing (e.g., more frequent announcements, different forms of communication),Involving local schools and community groups,Providing resources for community action (e.g., participation opportunities, educational programs, technical training)",,I participate in most meetings,Very involved,"West Street Recovery (WSR),Northeast Action Collective (NAC)",,Facebook Posts,,No,11-20 years,Moderate (50k-<150k),I own my home.,Houston,,
R_7e5rIMSlxNl9hGn,EN,"Improved air quality,Improved stormwater quality,Improved soil quality",,"Aquatic (water) plants (e.g., cattail, dwarf palmettos, bald cypress tree),A drainage ditch nearby,Wildlife commonly found near water (e.g., frogs, salamander, herons, egrets)",(2) Greater Lake Creek,"Yes, I think they impact flooding in my community",Drought,Always – (every time it rains),Always – (every time it rains),"Drains culverts or pipes that are too small (e.g., inadequate stormwater infrastructure size),Increased development or urbanization",,"$10,000 - $20,000","Above the knee (e.g., over 12 inches)","Mental health impact (e.g., anxiety, trauma, stress),Displacement from home (e.g., temporary relocation),Interruption of utility services (e.g., power outages, water supply)",,"Installed flood barriers or sandbags around my property,Engaged with local authorities around flooding issues",,"Permeable pavement,Pocket prairie,Pocket wetland,Rain garden","Permeable pavement,Rainwater harvesting","Pocket prairie,Pocket wetland",Wetland conservation,2,1,3,"Yes, it is important","Yes, it is important","Yes, it is important",US Army Corps of Engineers (USACE),,Extreme trust,"High installment costs,Increased taxes,Lack of educational resources for the community,Maintenance issues",,Extremely satisfied,"Better access to emergency resources and assistance,Increased opportunities for community feedback",,"Establishing community advisory boards,Involving local schools and community groups,Providing resources for community action (e.g., participation opportunities, educational programs, technical training)",,I participate in all meetings,Extremely involved,"Bayou City Waterkeeper (BCWK),West Street Recovery (WSR),Northeast Action Collective (NAC)",,Instagram Posts,,No,6-10 years,High (≥150k),I own my home.,Baytown,,
R_6rSTe8RXq3tqiYx,EN,"Improved air quality,Increased property value",,"Aquatic (water) plants (e.g., cattail, dwarf palmettos, bald cypress tree)",(4) Trans-Brazos Region,"Yes, I think they impact flooding in my community",Drought,Always – (every time it rains),Sometimes – (once every 2-6 months),"Blocked or clogged drainage systems,Aging infrastructure (e.g., not in compliance–out of date)",,"More than $20,000","Less than or at ankle level (e.g., under 3 inches)","Loss of work or income,Prevented or delayed access to essential services (e.g., health care, groceries, travel, work)",,"Requested assistance from local government (e.g., city, county) to improve drainage",,"Large park,Pocket wetland,Wetland conservation","Bioswale,Rain garden",Pocket prairie,Large park,1,2,3,"Yes, it is important","Yes, it is important","Yes, it is important",Texas Water Development Board (TWDB),,Moderate trust,"Displacement due to environmental projects (e.g., gentrification or green gentrification),Maintenance issues",,Extremely satisfied,"Better access to emergency resources and assistance,Increased opportunities for community feedback",,"Involving local schools and community groups,Compensation for time (e.g., money, gift cards)",,I occasionally participate in meetings,Extremely involved,"West Street Recovery (WSR),Coalition for Environment, Equity and Resilience (CEER)",,Phone Calls,,No,1-5 years,High (≥150k),I own my home.,Houston,,
R_5Nzv7m8w3YnEWnZ,EN,"Neighborhood beautification,Recreation (e.g., fishing, bird watching, walking)",,"Long-standing water bodies,A drainage ditch nearby",(1) Lake Houston Flatwood Wetlands,"Yes, I think they impact flooding in my community",Drought,Always – (every time it rains),Often – (At least once a month),"Drains culverts or pipes that are too small (e.g., inadequate stormwater infrastructure size),Increased development or urbanization",,"$1,000 - $5,000","Between ankle and knee level (e.g., above 3 inches, up to 12 inches)","Mental health impact (e.g., anxiety, trauma, stress),Interruption of utility services (e.g., power outages, water supply)",,"Raised the foundation of my house,Requested assistance from local government (e.g., city, county) to improve drainage,Only my landlord can take action to address or reduce flooding at my residence",,"Bioswale,Permeable pavement,Pocket wetland,Wetland conservation",Permeable pavement,Pocket prairie,Wetland restoration (inland or coastal),3,2,1,"Yes, it is important","Yes, it is important","Yes, it is important",Texas Commission on Environmental Quality (TCEQ),,Above average trust,"Attracting unwanted pests,Displacement due to environmental projects (e.g., gentrification or green gentrification),Not fitting into community look/aesthetic",,Extremely satisfied,"More detailed information about flood preparedness,More targeted outreach to vulnerable populations (e.g., environmental justice communities)",,"Better information sharing (e.g., more frequent announcements, different forms of communication),Host more regular and diverse community meetings representative of the community",,I participate in all meetings,Extremely involved,"Bayou City Waterkeeper (BCWK),Coalition for Environment, Equity and Resilience (CEER)",,Facebook Posts,,No,11-20 years,High (≥150k),I own my home.,Houston,,
R_38GlzwQr6TVBmzT,EN,"Improved stormwater quality,Improved soil quality,Recreation (e.g., fishing, bird watching, walking)",,"Aquatic (water) plants (e.g., cattail, dwarf palmettos, bald cypress tree),A creek nearby",(3) Greater Katy Prairie-Pothole Pimple-Mound Complexes,"No, I do not think they impact flooding in my community",Drought,Never,Never,"Heavy rainfall or storms,Blocked or clogged drainage systems,Drains culverts or pipes that are too small (e.g., inadequate stormwater infrastructure size)",,"$5,000 - $10,000","Between ankle and knee level (e.g., above 3 inches, up to 12 inches)","Property damage (e.g., vehicle damage, home repairs),Mental health impact (e.g., anxiety, trauma, stress),Displacement from home (e.g., temporary relocation),Prevented or delayed access to essential services (e.g., health care, groceries, travel, work),Increased cost for repairs or flood proofing (e.g., more expensive flood insurance premiums)",,"Raised the foundation of my house,Installed flood barriers or sandbags around my property,Requested assistance from local government (e.g., city, county) to improve drainage,Engaged with local authorities around flooding issues",,"Large park,Rain garden,Rainwater harvesting,Urban forestry",Bioswale,Pocket prairie,Large park,1,2,3,"Yes, it is important","Yes, it is important","Yes, it is important","City of Houston, and other Municipalities (Municipal Utility District MUDs)",,Moderate trust,"Attracting unwanted pests,Lack of educational resources for the community",,Very satisfied,"More frequent updates on local flood risks,More detailed information about flood preparedness,Enhanced coordination with other local organizations/agencies,Improved use of technology (e.g., apps, websites) for flood risk information",,"Establishing community advisory boards,Providing resources for community action (e.g., participation opportunities, educational programs, technical training),Compensation for time (e.g., money, gift cards),Host more regular and diverse community meetings representative of the community",,I participate in most meetings,Very involved,"West Street Recovery (WSR),Northeast Action Collective (NAC)",,Newspaper articles/Flyers,,No,Over 20 years,High (≥150k),I rent my home.,Houston,,
R_1gXwJFDQszngprt,EN,Improved air quality,,"Long-standing water bodies,Wildlife commonly found near water (e.g., frogs, salamander, herons, egrets)",(1) Lake Houston Flatwood Wetlands,"Yes, I think they impact flooding in my community",Drought,Sometimes – (once every 2-6 months),Sometimes – (once every 2-6 months),"Heavy rainfall or storms,Drains culverts or pipes that are too small (e.g., inadequate stormwater infrastructure size),Increased development or urbanization",,"$5,000 - $10,000","Above the knee (e.g., over 12 inches)","Property damage (e.g., vehicle damage, home repairs),Mental health impact (e.g., anxiety, trauma, stress),Prevented or delayed access to essential services (e.g., health care, groceries, travel, work),Interruption of utility services (e.g., power outages, water supply)",,"Installed flood barriers or sandbags around my property,Requested assistance from local government (e.g., city, county) to improve drainage",,"Bioswale,Large park,Pocket prairie,Rainwater harvesting,Urban forestry","Bioswale,Rain garden","Nature-based detention pond,Pocket wetland","Large park,Wetland conservation",3,2,1,"Yes, it is important","Yes, it is important","Yes, it is important","City of Houston, and other Municipalities (Municipal Utility District MUDs)",,Extreme trust,"Displacement due to environmental projects (e.g., gentrification or green gentrification),Increased taxes,Maintenance issues,Space requirements–not enough space",,Extremely satisfied,"More detailed information about flood preparedness,Increased opportunities for community feedback,More targeted outreach to vulnerable populations (e.g., environmental justice communities),Improved use of technology (e.g., apps, websites) for flood risk information",,"Establishing community advisory boards,Providing resources for community action (e.g., participation opportunities, educational programs, technical training),Compensation for time (e.g., money, gift cards),Providing multilingual interpretation services",,I participate in all meetings,Extremely involved,"West Street Recovery (WSR),Coalition for Environment, Equity and Resilience (CEER),Northeast Action Collective (NAC)",,Newspaper articles/Flyers,,Yes,11-20 years,High (≥150k),I own my home.,Houston,,
R_7KoFMhvFDfKVXoB,EN,"Improved stormwater quality,Improved soil quality,Recreation (e.g., fishing, bird watching, walking)",,"Aquatic (water) plants (e.g., cattail, dwarf palmettos, bald cypress tree),A drainage ditch nearby,Wildlife commonly found near water (e.g., frogs, salamander, herons, egrets)",(5) Anahuac Coastal Marsh and Prairies,"Yes, I think they impact flooding in my community",Drought,Often – (At least once a month),Often – (At least once a month),"Heavy rainfall or storms,Blocked or clogged drainage systems,Aging infrastructure (e.g., not in compliance–out of date)",,"$5,000 - $10,000","Between ankle and knee level (e.g., above 3 inches, up to 12 inches)","Loss of work or income,Mental health impact (e.g., anxiety, trauma, stress),Prevented or delayed access to essential services (e.g., health care, groceries, travel, work),Interruption of utility services (e.g., power outages, water supply)",,"Installed flood barriers or sandbags around my property,Requested assistance from local government (e.g., city, county) to improve drainage,Engaged with local authorities around flooding issues",,"Large park,Pocket prairie,Rain garden",Permeable pavement,Pocket prairie,Wetland conservation,2,1,3,"Yes, it is important","Yes, it is important","No, it is not important","City of Houston, and other Municipalities (Municipal Utility District MUDs)",,Above average trust,"Displacement due to environmental projects (e.g., gentrification or green gentrification),High installment costs",,Very satisfied,Better access to emergency resources and assistance,,"Establishing community advisory boards,Involving local schools and community groups",,I participate in all meetings,Extremely involved,"Coalition for Environment, Equity and Resilience (CEER)",,Community bulletin posts,,No,11-20 years,High (≥150k),I own my home.,Houston,,
R_5CSQ5vgHbDahjbz,EN,"Improved air quality,Recreation (e.g., fishing, bird watching, walking),Stress reduction",,"Long-standing water bodies,Aquatic (water) plants (e.g., cattail, dwarf palmettos, bald cypress tree),A creek nearby,Wildlife commonly found near water (e.g., frogs, salamander, herons, egrets),Consistently-saturated soil",(2) Greater Lake Creek,"Yes, I think they impact flooding in my community",Drought,Always – (every time it rains),Often – (At least once a month),"Drains culverts or pipes that are too small (e.g., inadequate stormwater infrastructure size),Aging infrastructure (e.g., not in compliance–out of date),Increased development or urbanization",,"$1,000 - $5,000","Above the knee (e.g., over 12 inches)","Property damage (e.g., vehicle damage, home repairs),Mental health impact (e.g., anxiety, trauma, stress),Interruption of utility services (e.g., power outages, water supply),Increased cost for repairs or flood proofing (e.g., more expensive flood insurance premiums)",,"Installed flood barriers or sandbags around my property,Requested assistance from local government (e.g., city, county) to improve drainage,Engaged with local authorities around flooding issues",,"Nature-based detention pond,Pocket prairie,Rain garden,Urban forestry,Wetland conservation","Bioswale,Rain garden,Rainwater harvesting","Nature-based detention pond,Pocket prairie,Pocket wetland","Large park,Wetland conservation",2,3,1,"Yes, it is important","Yes, it is important","Yes, it is important",United States Environmental Protection Agency (US EPA),,Above average trust,"Attracting unwanted pests,Equity in implementation–areas that need it most may not get first priority,High installment costs,Lack of educational resources for the community",,Extremely satisfied,"More frequent updates on local flood risks,Increased opportunities for community feedback,More targeted outreach to vulnerable populations (e.g., environmental justice communities),Improved use of technology (e.g., apps, websites) for flood risk information",,"Better information sharing (e.g., more frequent announcements, different forms of communication),Providing resources for community action (e.g., participation opportunities, educational programs, technical training),Host more regular and diverse community meetings representative of the community,Providing multilingual interpretation services",,I participate in all meetings,Extremely involved,"Bayou City Waterkeeper (BCWK),West Street Recovery (WSR),Northeast Action Collective (NAC)",,Newspaper articles/Flyers,,Yes,11-20 years,High (≥150k),I own my home.,Houston,,
R_718TaL2wIAlgOLn,EN,"Neighborhood beautification,Improved air quality,Improved soil quality",,"Long-standing water bodies,Aquatic (water) plants (e.g., cattail, dwarf palmettos, bald cypress tree),A drainage ditch nearby,Wildlife commonly found near water (e.g., frogs, salamander, herons, egrets)",(2) Greater Lake Creek,"Yes, I think they impact flooding in my community",Drought,Often – (At least once a month),Always – (every time it rains),"Blocked or clogged drainage systems,Drains culverts or pipes that are too small (e.g., inadequate stormwater infrastructure size),Aging infrastructure (e.g., not in compliance–out of date)",,"$10,000 - $20,000","Above the knee (e.g., over 12 inches)","Property damage (e.g., vehicle damage, home repairs),Mental health impact (e.g., anxiety, trauma, stress),Prevented or delayed access to essential services (e.g., health care, groceries, travel, work),Increased cost for repairs or flood proofing (e.g., more expensive flood insurance premiums)",,"Installed flood barriers or sandbags around my property,Requested assistance from local government (e.g., city, county) to improve drainage,Engaged with local authorities around flooding issues",,"Nature-based detention pond,Large park,Permeable pavement,Pocket prairie","Bioswale,Rain garden,Rainwater harvesting","Nature-based detention pond,Urban forestry","Large park,Wetland conservation",2,1,3,"Yes, it is important","Yes, it is important","Yes, it is important",Gulf Coast Protection District (GCPD),,Above average trust,"Equity in implementation–areas that need it most may not get first priority,Increased taxes,Maintenance issues",,Extremely satisfied,"More detailed information about flood preparedness,Increased opportunities for community feedback,Enhanced coordination with other local organizations/agencies",,"Better information sharing (e.g., more frequent announcements, different forms of communication),Involving local schools and community groups,Providing resources for community action (e.g., participation opportunities, educational programs, technical training)",,I participate in most meetings,Very involved,"Bayou City Waterkeeper (BCWK),West Street Recovery (WSR)",,Instagram Posts,,No,6-10 years,Moderate (50k-<150k),I own my home.,Houston,,
R_1O8JlAA9alHGgn9,EN,"Improved air quality,Improved stormwater quality,Stress reduction",,"A drainage ditch nearby,A creek nearby,Wildlife commonly found near water (e.g., frogs, salamander, herons, egrets)",(2) Greater Lake Creek,"Yes, I think they impact flooding in my community",Drought,Sometimes – (once every 2-6 months),Sometimes – (once every 2-6 months),"Drains culverts or pipes that are too small (e.g., inadequate stormwater infrastructure size),Aging infrastructure (e.g., not in compliance–out of date),Increased development or urbanization",,"More than $20,000","Between ankle and knee level (e.g., above 3 inches, up to 12 inches)","Mental health impact (e.g., anxiety, trauma, stress),Displacement from home (e.g., temporary relocation),Prevented or delayed access to essential services (e.g., health care, groceries, travel, work)",,"Installed flood barriers or sandbags around my property,Requested assistance from local government (e.g., city, county) to improve drainage,Engaged with local authorities around flooding issues",,"Pocket prairie,Rainwater harvesting,Urban forestry","Permeable pavement,Rain garden",Pocket wetland,Large park,1,2,3,"Yes, it is important","Yes, it is important","Yes, it is important",Gulf Coast Protection District (GCPD),,Moderate trust,"Displacement due to environmental projects (e.g., gentrification or green gentrification),High installment costs,Increased taxes",,Very satisfied,"Better access to emergency resources and assistance,More targeted outreach to vulnerable populations (e.g., environmental justice communities)",,"Establishing community advisory boards,Involving local schools and community groups,Providing resources for community action (e.g., participation opportunities, educational programs, technical training)",,I occasionally participate in meetings,Somewhat involved,"Coalition for Environment, Equity and Resilience (CEER),Northeast Action Collective (NAC)",,Facebook Posts,,Yes,Over 20 years,High (≥150k),I own my home.,Houston,,
R_51o6y178Ivhyrvx,EN,Improved stormwater quality,,A drainage ditch nearby,(4) Trans-Brazos Region,"Yes, I think they impact flooding in my community",Drought,Sometimes – (once every 2-6 months),Rarely – (once a year or less),"Heavy rainfall or storms,Drains culverts or pipes that are too small (e.g., inadequate stormwater infrastructure size),Increased development or urbanization",,"More than $20,000","Between ankle and knee level (e.g., above 3 inches, up to 12 inches)","Property damage (e.g., vehicle damage, home repairs),Displacement from home (e.g., temporary relocation),Interruption of utility services (e.g., power outages, water supply)",,"Raised the foundation of my house,Installed flood barriers or sandbags around my property,Requested assistance from local government (e.g., city, county) to improve drainage,Only my landlord can take action to address or reduce flooding at my residence",,"Permeable pavement,Pocket wetland,Rainwater harvesting",Rain garden,Nature-based detention pond,Wetland conservation,1,3,2,"No, it is not important","Yes, it is important","Yes, it is important",State of Texas,,Extreme trust,"High installment costs,Lack of educational resources for the community",,Extremely satisfied,"More detailed information about flood preparedness,Enhanced coordination with other local organizations/agencies,More targeted outreach to vulnerable populations (e.g., environmental justice communities)",,"Establishing community advisory boards,Involving local schools and community groups,Providing resources for community action (e.g., participation opportunities, educational programs, technical training)",,I participate in most meetings,Very involved,West Street Recovery (WSR),,Facebook Posts,,No,11-20 years,High (≥150k),I own my home.,Houston,,
R_6qdPBppc3ytHhdL,EN,"Improved air quality,Improved stormwater quality,Recreation (e.g., fishing, bird watching, walking)",,"Long-standing water bodies,Aquatic (water) plants (e.g., cattail, dwarf palmettos, bald cypress tree),A drainage ditch nearby,A creek nearby,Wildlife commonly found near water (e.g., frogs, salamander, herons, egrets),Consistently-saturated soil",(3) Greater Katy Prairie-Pothole Pimple-Mound Complexes,"Yes, I think they impact flooding in my community",Drought,Sometimes – (once every 2-6 months),Sometimes – (once every 2-6 months),"Heavy rainfall or storms,Blocked or clogged drainage systems,Drains culverts or pipes that are too small (e.g., inadequate stormwater infrastructure size)",,"$1,000 - $5,000","Less than or at ankle level (e.g., under 3 inches)","Property damage (e.g., vehicle damage, home repairs),Loss of work or income,Mental health impact (e.g., anxiety, trauma, stress),Increased cost for repairs or flood proofing (e.g., more expensive flood insurance premiums)",,"Raised the foundation of my house,Installed flood barriers or sandbags around my property,Requested assistance from local government (e.g., city, county) to improve drainage,Engaged with local authorities around flooding issues",,"Bioswale,Nature-based detention pond,Permeable pavement,Rain garden,Wetland conservation","Bioswale,Permeable pavement,Rain garden,Rainwater harvesting","Nature-based detention pond,Pocket prairie,Pocket wetland","Large park,Wetland conservation",1,2,3,"Yes, it is important","Yes, it is important","Yes, it is important","City of Houston, and other Municipalities (Municipal Utility District MUDs)",,Extreme trust,There are no concerns,,Extremely satisfied,"More frequent updates on local flood risks,More detailed information about flood preparedness,Better access to emergency resources and assistance,Increased opportunities for community feedback,Enhanced coordination with other local organizations/agencies,More targeted outreach to vulnerable populations (e.g., environmental justice communities),Improved use of technology (e.g., apps, websites) for flood risk information,Improved translation and accessibility information for non-English speakers",,"Better information sharing (e.g., more frequent announcements, different forms of communication),Establishing community advisory boards,Involving local schools and community groups,Providing resources for community action (e.g., participation opportunities, educational programs, technical training),Compensation for time (e.g., money, gift cards),Host more regular and diverse community meetings representative of the community,Providing multilingual interpretation services,Providing child care",,I participate in all meetings,Extremely involved,My local neighborhood association or homeowners association (HOA),,Community bulletin posts,,Yes,Over 20 years,High (≥150k),I own my home.,Houston,,
R_6q90NfvR2K8MmUN,EN,"Improved stormwater quality,Recreation (e.g., fishing, bird watching, walking)",,"A drainage ditch nearby,Wildlife commonly found near water (e.g., frogs, salamander, herons, egrets)",(2) Greater Lake Creek,"Yes, I think they impact flooding in my community",Drought,Sometimes – (once every 2-6 months),Sometimes – (once every 2-6 months),"Drains culverts or pipes that are too small (e.g., inadequate stormwater infrastructure size),Aging infrastructure (e.g., not in compliance–out of date)",,Less than $500,"Between ankle and knee level (e.g., above 3 inches, up to 12 inches)","Displacement from home (e.g., temporary relocation),Increased cost for repairs or flood proofing (e.g., more expensive flood insurance premiums)",,"Requested assistance from local government (e.g., city, county) to improve drainage",,"Permeable pavement,Pocket wetland,Wetland restoration (coastal or inland)",Permeable pavement,Pocket wetland,Wetland restoration (inland or coastal),2,3,1,"Yes, it is important",I don’t know,"Yes, it is important",Local city planning departments,,Moderate trust,"High installment costs,Maintenance issues",,Moderately satisfied,"Increased opportunities for community feedback,More targeted outreach to vulnerable populations (e.g., environmental justice communities)",,"Providing resources for community action (e.g., participation opportunities, educational programs, technical training),Host more regular and diverse community meetings representative of the community",,I occasionally participate in meetings,Moderately involved,"Coalition for Environment, Equity and Resilience (CEER)",,Facebook Posts,,Yes,Over 20 years,Low (<50k),I rent my home.,Baytown,,
R_15s9ghRwYeKz6ke,EN,"Improved air quality,Improved stormwater quality,Improved soil quality",,"Aquatic (water) plants (e.g., cattail, dwarf palmettos, bald cypress tree),Wildlife commonly found near water (e.g., frogs, salamander, herons, egrets)",(2) Greater Lake Creek,"Yes, I think they impact flooding in my community",Drought,Sometimes – (once every 2-6 months),Often – (At least once a month),"Blocked or clogged drainage systems,Aging infrastructure (e.g., not in compliance–out of date),Increased development or urbanization",,"More than $20,000","Between ankle and knee level (e.g., above 3 inches, up to 12 inches)","Property damage (e.g., vehicle damage, home repairs),Mental health impact (e.g., anxiety, trauma, stress),Increased cost for repairs or flood proofing (e.g., more expensive flood insurance premiums)",,"Requested assistance from local government (e.g., city, county) to improve drainage",,"Nature-based detention pond,Large park",I prefer not to implement small-scale GSI in my community,Nature-based detention pond,Large park,3,2,1,"Yes, it is important","Yes, it is important","Yes, it is important","City of Houston, and other Municipalities (Municipal Utility District MUDs)",,Slight trust,"Equity in implementation–areas that need it most may not get first priority,Maintenance issues",,Very satisfied,"More frequent updates on local flood risks,More targeted outreach to vulnerable populations (e.g., environmental justice communities)",,"Better information sharing (e.g., more frequent announcements, different forms of communication),Providing resources for community action (e.g., participation opportunities, educational programs, technical training),Host more regular and diverse community meetings representative of the community",,"I never participate in meetings, although they are available",Moderately involved,"Bayou City Waterkeeper (BCWK),My local neighborhood association or homeowners association (HOA)",,Facebook Posts,,Yes,11-20 years,Moderate (50k-<150k),I own my home.,Baytown,,
R_6dsG4xMs6DBJ5hX,EN,"Neighborhood beautification,Improved air quality,Improved stormwater quality",,"Long-standing water bodies,Aquatic (water) plants (e.g., cattail, dwarf palmettos, bald cypress tree),A drainage ditch nearby,A creek nearby,Wildlife commonly found near water (e.g., frogs, salamander, herons, egrets)",(1) Lake Houston Flatwood Wetlands,"Yes, I think they impact flooding in my community",Drought,Sometimes – (once every 2-6 months),Rarely – (once a year or less),"Heavy rainfall or storms,Blocked or clogged drainage systems,Drains culverts or pipes that are too small (e.g., inadequate stormwater infrastructure size)",,"$5,000 - $10,000","Between ankle and knee level (e.g., above 3 inches, up to 12 inches)","Property damage (e.g., vehicle damage, home repairs),Loss of work or income,Mental health impact (e.g., anxiety, trauma, stress)",,"Raised the foundation of my house,Installed flood barriers or sandbags around my property,Requested assistance from local government (e.g., city, county) to improve drainage",,"Rainwater harvesting,Urban forestry,Wetland conservation","Bioswale,Permeable pavement,Rain garden","Nature-based detention pond,Pocket prairie,Pocket wetland,Urban forestry","Large park,Wetland conservation,Wetland restoration (inland or coastal)",3,1,2,"Yes, it is important","Yes, it is important","Yes, it is important",United States Environmental Protection Agency (US EPA),,Moderate trust,"Attracting unwanted pests,Equity in implementation–areas that need it most may not get first priority,Displacement due to environmental projects (e.g., gentrification or green gentrification)",,Moderately satisfied,"More frequent updates on local flood risks,More detailed information about flood preparedness,Better access to emergency resources and assistance",,"Better information sharing (e.g., more frequent announcements, different forms of communication),Establishing community advisory boards,Involving local schools and community groups",,I participate in most meetings,Somewhat involved,"Bayou City Waterkeeper (BCWK),West Street Recovery (WSR),Coalition for Environment, Equity and Resilience (CEER)",,Newspaper articles/Flyers,,Yes,6-10 years,Low (<50k),I rent my home.,Baytown,,
R_3fD8EAClXCWpyiJ,EN,"Improved stormwater quality,Increased property value,Stress reduction",,"Long-standing water bodies,Aquatic (water) plants (e.g., cattail, dwarf palmettos, bald cypress tree),Wildlife commonly found near water (e.g., frogs, salamander, herons, egrets),Consistently-saturated soil",(2) Greater Lake Creek,"Yes, I think they impact flooding in my community",Drought,Rarely – (once a year or less),Never,"Heavy rainfall or storms,Drains culverts or pipes that are too small (e.g., inadequate stormwater infrastructure size),Increased development or urbanization",,"More than $20,000","Not applicable (e.g., no experiences with flooding)",I have not experienced any of these events,,"Not applicable (e.g., flooding has not affected my residence)",,"Bioswale,Large park,Permeable pavement,Rain garden","Permeable pavement,Rain garden,Rainwater harvesting","Nature-based detention pond,Pocket prairie,Urban forestry","Large park,Wetland conservation,Wetland restoration (inland or coastal)",3,2,1,"Yes, it is important","Yes, it is important","Yes, it is important",Harris County Flood Control District (HCFCD),,Moderate trust,"Attracting unwanted pests,Equity in implementation–areas that need it most may not get first priority,High installment costs,Maintenance issues",,Moderately satisfied,"Increased opportunities for community feedback,Enhanced coordination with other local organizations/agencies,More targeted outreach to vulnerable populations (e.g., environmental justice communities),Improved use of technology (e.g., apps, websites) for flood risk information",,"Better information sharing (e.g., more frequent announcements, different forms of communication),Establishing community advisory boards,Providing resources for community action (e.g., participation opportunities, educational programs, technical training),Host more regular and diverse community meetings representative of the community,Providing multilingual interpretation services",,I occasionally participate in meetings,Somewhat involved,My local neighborhood association or homeowners association (HOA),,Community bulletin posts,,No,Over 20 years,High (≥150k),I own my home.,Houston,,
R_3zAr38kJxFcVuzp,EN,Improved air quality,,"Long-standing water bodies,A creek nearby",(4) Trans-Brazos Region,"Yes, I think they impact flooding in my community",Drought,Never,Rarely – (once a year or less),"Heavy rainfall or storms,Blocked or clogged drainage systems,Drains culverts or pipes that are too small (e.g., inadequate stormwater infrastructure size)",,Prefer not to answer,"Less than or at ankle level (e.g., under 3 inches)","Property damage (e.g., vehicle damage, home repairs),Prevented or delayed access to essential services (e.g., health care, groceries, travel, work)",,I have not taken any measures to address or reduce flooding,,Large park,"Permeable pavement,Rain garden",Urban forestry,Large park,1,2,3,"Yes, it is important","Yes, it is important","Yes, it is important",United States Environmental Protection Agency (US EPA),,Moderate trust,Attracting unwanted pests,,Slightly satisfied,"More detailed information about flood preparedness,Better access to emergency resources and assistance",,"Compensation for time (e.g., money, gift cards),Providing multilingual interpretation services",,I occasionally participate in meetings,Somewhat involved,West Street Recovery (WSR),,Instagram Posts,,Yes,1-5 years,High (≥150k),I own my home.,Baytown,,
R_7yTsP6z24DmMUI9,EN,"Neighborhood beautification,Improved stormwater quality,Stress reduction",,"Long-standing water bodies,Aquatic (water) plants (e.g., cattail, dwarf palmettos, bald cypress tree),A creek nearby,Wildlife commonly found near water (e.g., frogs, salamander, herons, egrets),Consistently-saturated soil",(1) Lake Houston Flatwood Wetlands,"Yes, I think they impact flooding in my community",Drought,Sometimes – (once every 2-6 months),Sometimes – (once every 2-6 months),"Heavy rainfall or storms,Blocked or clogged drainage systems,Increased development or urbanization",,"$1,000 - $5,000","Between ankle and knee level (e.g., above 3 inches, up to 12 inches)","Property damage (e.g., vehicle damage, home repairs),Mental health impact (e.g., anxiety, trauma, stress),Prevented or delayed access to essential services (e.g., health care, groceries, travel, work),Increased cost for repairs or flood proofing (e.g., more expensive flood insurance premiums)",,"Installed flood barriers or sandbags around my property,Requested assistance from local government (e.g., city, county) to improve drainage,Engaged with local authorities around flooding issues",,"Nature-based detention pond,Large park,Rain garden,Urban forestry,Wetland conservation","Bioswale,Permeable pavement,Rain garden","Nature-based detention pond,Pocket wetland,Urban forestry","Large park,Wetland conservation,Wetland restoration (inland or coastal)",3,2,1,"Yes, it is important","Yes, it is important","Yes, it is important",Harris County Flood Control District (HCFCD),,Moderate trust,"Equity in implementation–areas that need it most may not get first priority,Displacement due to environmental projects (e.g., gentrification or green gentrification),Increased taxes,Maintenance issues",,Slightly satisfied,"More frequent updates on local flood risks,More detailed information about flood preparedness,Increased opportunities for community feedback,More targeted outreach to vulnerable populations (e.g., environmental justice communities),Improved use of technology (e.g., apps, websites) for flood risk information",,"Better information sharing (e.g., more frequent announcements, different forms of communication),Establishing community advisory boards,Providing resources for community action (e.g., participation opportunities, educational programs, technical training),Host more regular and diverse community meetings representative of the community,Providing multilingual interpretation services",,I occasionally participate in meetings,Somewhat involved,"Bayou City Waterkeeper (BCWK),My local neighborhood association or homeowners association (HOA)",,Facebook Posts,,No,11-20 years,Moderate (50k-<150k),I own my home.,Houston,,
R_3v1yXGeZc4rAz61,EN,"Improved air quality,Increased property value,Stress reduction",,"Long-standing water bodies,A creek nearby,Wildlife commonly found near water (e.g., frogs, salamander, herons, egrets),Consistently-saturated soil",(2) Greater Lake Creek,"Yes, I think they impact flooding in my community",Drought,Often – (At least once a month),Always – (every time it rains),"Blocked or clogged drainage systems,Drains culverts or pipes that are too small (e.g., inadequate stormwater infrastructure size),Increased development or urbanization",,"$500 - $1,000","Between ankle and knee level (e.g., above 3 inches, up to 12 inches)","Property damage (e.g., vehicle damage, home repairs),Mental health impact (e.g., anxiety, trauma, stress),Prevented or delayed access to essential services (e.g., health care, groceries, travel, work)",,"Raised the foundation of my house,Installed flood barriers or sandbags around my property,Requested assistance from local government (e.g., city, county) to improve drainage",,"Nature-based detention pond,Large park,Permeable pavement,Pocket prairie","Bioswale,Permeable pavement","Pocket prairie,Pocket wetland","Wetland conservation,Wetland restoration (inland or coastal)",1,2,3,"Yes, it is important","Yes, it is important","Yes, it is important",Houston Galveston Area Council (HGAC),,Above average trust,"Equity in implementation–areas that need it most may not get first priority,Displacement due to environmental projects (e.g., gentrification or green gentrification),High installment costs",,Extremely satisfied,"More frequent updates on local flood risks,More detailed information about flood preparedness,Enhanced coordination with other local organizations/agencies",,"Better information sharing (e.g., more frequent announcements, different forms of communication),Establishing community advisory boards,Involving local schools and community groups",,I participate in all meetings,Extremely involved,"West Street Recovery (WSR),Coalition for Environment, Equity and Resilience (CEER),Northeast Action Collective (NAC)",,Instagram Posts,,No,6-10 years,Low (<50k),I own my home.,Houston,,
R_6GQFhEUSIrqvqEG,EN,"Improved air quality,Improved stormwater quality,Improved soil quality",,"Long-standing water bodies,A drainage ditch nearby,Wildlife commonly found near water (e.g., frogs, salamander, herons, egrets)",(5) Anahuac Coastal Marsh and Prairies,"Yes, I think they impact flooding in my community",Drought,Often – (At least once a month),Often – (At least once a month),"Heavy rainfall or storms,Drains culverts or pipes that are too small (e.g., inadequate stormwater infrastructure size),Increased development or urbanization",,"$5,000 - $10,000","Between ankle and knee level (e.g., above 3 inches, up to 12 inches)","Property damage (e.g., vehicle damage, home repairs),Mental health impact (e.g., anxiety, trauma, stress),Prevented or delayed access to essential services (e.g., health care, groceries, travel, work),Increased cost for repairs or flood proofing (e.g., more expensive flood insurance premiums)",,"Raised the foundation of my house,Installed flood barriers or sandbags around my property",,"Bioswale,Nature-based detention pond,Pocket prairie,Rain garden,Urban forestry","Permeable pavement,Rain garden,Rainwater harvesting","Pocket wetland,Urban forestry","Large park,Wetland conservation",1,2,3,"Yes, it is important","Yes, it is important","Yes, it is important","City of Houston, and other Municipalities (Municipal Utility District MUDs)",,Moderate trust,"Attracting unwanted pests,Displacement due to environmental projects (e.g., gentrification or green gentrification)",,Very satisfied,"More frequent updates on local flood risks,Better access to emergency resources and assistance,More targeted outreach to vulnerable populations (e.g., environmental justice communities)",,"Better information sharing (e.g., more frequent announcements, different forms of communication),Involving local schools and community groups,Host more regular and diverse community meetings representative of the community",,I participate in most meetings,Somewhat involved,"Bayou City Waterkeeper (BCWK),Coalition for Environment, Equity and Resilience (CEER)",,Community bulletin posts,,No,6-10 years,High (≥150k),I own my home.,Houston,,
R_5mko44f4hzEp1IJ,EN,"Improved air quality,Improved soil quality,Recreation (e.g., fishing, bird watching, walking)",,"Long-standing water bodies,A drainage ditch nearby,Wildlife commonly found near water (e.g., frogs, salamander, herons, egrets)",(2) Greater Lake Creek,"Yes, I think they impact flooding in my community",Drought,Sometimes – (once every 2-6 months),Sometimes – (once every 2-6 months),"Heavy rainfall or storms,Blocked or clogged drainage systems,Drains culverts or pipes that are too small (e.g., inadequate stormwater infrastructure size)",,$0 - I haven't spent any money on flood-related repairs,"Less than or at ankle level (e.g., under 3 inches)","Property damage (e.g., vehicle damage, home repairs),Mental health impact (e.g., anxiety, trauma, stress),Prevented or delayed access to essential services (e.g., health care, groceries, travel, work)",,"Raised the foundation of my house,Requested assistance from local government (e.g., city, county) to improve drainage,Only my landlord can take action to address or reduce flooding at my residence",,"Bioswale,Permeable pavement,Pocket wetland,Wetland conservation","Bioswale,Rain garden","Pocket prairie,Urban forestry",Wetland conservation,1,2,3,"Yes, it is important","Yes, it is important","Yes, it is important",Harris County Flood Control District (HCFCD),,Moderate trust,"Attracting unwanted pests,Displacement due to environmental projects (e.g., gentrification or green gentrification),Lack of educational resources for the community",,Slightly satisfied,"More frequent updates on local flood risks,Better access to emergency resources and assistance,Enhanced coordination with other local organizations/agencies",,"Better information sharing (e.g., more frequent announcements, different forms of communication),Involving local schools and community groups,Compensation for time (e.g., money, gift cards)",,I participate in all meetings,Extremely involved,"Bayou City Waterkeeper (BCWK),Coalition for Environment, Equity and Resilience (CEER)",,Facebook Posts,,No,1-5 years,Moderate (50k-<150k),I own my home.,Houston,,
R_3rdZ0taYK5HomDh,EN,"Improved stormwater quality,Improved soil quality",,"Long-standing water bodies,Aquatic (water) plants (e.g., cattail, dwarf palmettos, bald cypress tree),Wildlife commonly found near water (e.g., frogs, salamander, herons, egrets)",(4) Trans-Brazos Region,"Yes, I think they impact flooding in my community",Drought,Sometimes – (once every 2-6 months),Sometimes – (once every 2-6 months),"Heavy rainfall or storms,Drains culverts or pipes that are too small (e.g., inadequate stormwater infrastructure size),Increased development or urbanization",,"$5,000 - $10,000","Between ankle and knee level (e.g., above 3 inches, up to 12 inches)","Property damage (e.g., vehicle damage, home repairs),Displacement from home (e.g., temporary relocation),Prevented or delayed access to essential services (e.g., health care, groceries, travel, work),Interruption of utility services (e.g., power outages, water supply)",,"Raised the foundation of my house,Requested assistance from local government (e.g., city, county) to improve drainage,Only my landlord can take action to address or reduce flooding at my residence",,"Large park,Pocket prairie,Rain garden,Urban forestry,Wetland conservation","Bioswale,Rain garden,Rainwater harvesting","Nature-based detention pond,Pocket prairie,Urban forestry","Large park,Wetland conservation",2,1,3,"Yes, it is important","Yes, it is important","Yes, it is important","City of Houston, and other Municipalities (Municipal Utility District MUDs)",,Above average trust,"Equity in implementation–areas that need it most may not get first priority,Displacement due to environmental projects (e.g., gentrification or green gentrification),Increased taxes,Maintenance issues",,Very satisfied,"More frequent updates on local flood risks,More detailed information about flood preparedness,Increased opportunities for community feedback,Improved use of technology (e.g., apps, websites) for flood risk information",,"Better information sharing (e.g., more frequent announcements, different forms of communication),Involving local schools and community groups,Compensation for time (e.g., money, gift cards),Host more regular and diverse community meetings representative of the community",,I participate in most meetings,Very involved,"Bayou City Waterkeeper (BCWK),West Street Recovery (WSR),Coalition for Environment, Equity and Resilience (CEER)",,Community bulletin posts,,No,6-10 years,Moderate (50k-<150k),I own my home.,Houston,,
R_6M4l8N2DgNklrss,EN,"Improved air quality,Improved stormwater quality,Recreation (e.g., fishing, bird watching, walking)",,"Aquatic (water) plants (e.g., cattail, dwarf palmettos, bald cypress tree),A drainage ditch nearby,Wildlife commonly found near water (e.g., frogs, salamander, herons, egrets)",(2) Greater Lake Creek,"Yes, I think they impact flooding in my community",Drought,Often – (At least once a month),Often – (At least once a month),"Drains culverts or pipes that are too small (e.g., inadequate stormwater infrastructure size),Aging infrastructure (e.g., not in compliance–out of date),Increased development or urbanization",,"$5,000 - $10,000","Between ankle and knee level (e.g., above 3 inches, up to 12 inches)","Mental health impact (e.g., anxiety, trauma, stress),Prevented or delayed access to essential services (e.g., health care, groceries, travel, work)",,"Requested assistance from local government (e.g., city, county) to improve drainage,Engaged with local authorities around flooding issues",,"Pocket wetland,Rainwater harvesting,Urban forestry","Permeable pavement,Rain garden,Rainwater harvesting","Pocket prairie,Pocket wetland",Wetland conservation,2,1,3,"Yes, it is important","Yes, it is important","Yes, it is important",Harris County Flood Control District (HCFCD),,Moderate trust,"Equity in implementation–areas that need it most may not get first priority,Displacement due to environmental projects (e.g., gentrification or green gentrification),High installment costs",,Very satisfied,"More detailed information about flood preparedness,Increased opportunities for community feedback,More targeted outreach to vulnerable populations (e.g., environmental justice communities)",,"Establishing community advisory boards,Involving local schools and community groups,Providing resources for community action (e.g., participation opportunities, educational programs, technical training)",,I participate in most meetings,Moderately involved,"West Street Recovery (WSR),Coalition for Environment, Equity and Resilience (CEER)",,Facebook Posts,,No,6-10 years,Moderate (50k-<150k),I own my home.,Houston,,
R_3PzTp3p7SPd5TpT,EN,"Neighborhood beautification,Improved air quality,Improved stormwater quality",,Long-standing water bodies,(1) Lake Houston Flatwood Wetlands,"No, I do not think they impact flooding in my community",Drought,Rarely – (once a year or less),Sometimes – (once every 2-6 months),"Heavy rainfall or storms,Drains culverts or pipes that are too small (e.g., inadequate stormwater infrastructure size)",,"$500 - $1,000","Less than or at ankle level (e.g., under 3 inches)","Property damage (e.g., vehicle damage, home repairs)",,Raised the foundation of my house,,"Bioswale,Nature-based detention pond,Large park","Bioswale,Permeable pavement,Rain garden",Nature-based detention pond,Large park,1,3,2,"Yes, it is important","Yes, it is important","Yes, it is important","City of Houston, and other Municipalities (Municipal Utility District MUDs)",,Extreme trust,Equity in implementation–areas that need it most may not get first priority,,Extremely satisfied,More frequent updates on local flood risks,,"Better information sharing (e.g., more frequent announcements, different forms of communication)",,I participate in all meetings,Extremely involved,Bayou City Waterkeeper (BCWK),,Newspaper articles/Flyers,,No,1-5 years,Moderate (50k-<150k),I rent my home.,Baytown,,
R_3D2pVqPbxN7c1sl,EN,"Improved air quality,Improved stormwater quality,Increased property value",,"Long-standing water bodies,Aquatic (water) plants (e.g., cattail, dwarf palmettos, bald cypress tree),A drainage ditch nearby",(3) Greater Katy Prairie-Pothole Pimple-Mound Complexes,"Yes, I think they impact flooding in my community",Drought,Sometimes – (once every 2-6 months),Sometimes – (once every 2-6 months),"Heavy rainfall or storms,Drains culverts or pipes that are too small (e.g., inadequate stormwater infrastructure size),Aging infrastructure (e.g., not in compliance–out of date)",,"$500 - $1,000","Between ankle and knee level (e.g., above 3 inches, up to 12 inches)","Property damage (e.g., vehicle damage, home repairs),Displacement from home (e.g., temporary relocation)",,"Installed flood barriers or sandbags around my property,Engaged with local authorities around flooding issues",,"Bioswale,Permeable pavement","Permeable pavement,Rain garden",Pocket prairie,Wetland conservation,1,2,3,"Yes, it is important","Yes, it is important","Yes, it is important","City of Houston, and other Municipalities (Municipal Utility District MUDs)",,Moderate trust,"Equity in implementation–areas that need it most may not get first priority,High installment costs",,Moderately satisfied,"More frequent updates on local flood risks,More detailed information about flood preparedness",,"Better information sharing (e.g., more frequent announcements, different forms of communication),Establishing community advisory boards",,I participate in most meetings,Somewhat involved,"Coalition for Environment, Equity and Resilience (CEER),Northeast Action Collective (NAC)",,Facebook Posts,,No,Over 20 years,Moderate (50k-<150k),I own my home.,Baytown,,
R_5gGferDiH0v0qk5,EN,"Neighborhood beautification,Improved air quality,Recreation (e.g., fishing, bird watching, walking)",,"Long-standing water bodies,A drainage ditch nearby,Consistently-saturated soil",(3) Greater Katy Prairie-Pothole Pimple-Mound Complexes,"Yes, I think they impact flooding in my community",Drought,Rarely – (once a year or less),Rarely – (once a year or less),"Heavy rainfall or storms,Blocked or clogged drainage systems,Aging infrastructure (e.g., not in compliance–out of date)",,Less than $500,"Less than or at ankle level (e.g., under 3 inches)","Property damage (e.g., vehicle damage, home repairs)",,Only my landlord can take action to address or reduce flooding at my residence,,Large park,Permeable pavement,Pocket prairie,Large park,1,2,3,"Yes, it is important","Yes, it is important","Yes, it is important","City of Houston, and other Municipalities (Municipal Utility District MUDs)",,Slight trust,"Attracting unwanted pests,Equity in implementation–areas that need it most may not get first priority,Increased taxes,Maintenance issues",,Moderately satisfied,"More frequent updates on local flood risks,Increased opportunities for community feedback",,"Better information sharing (e.g., more frequent announcements, different forms of communication),Involving local schools and community groups,Host more regular and diverse community meetings representative of the community",,I rarely participate in meetings,Somewhat involved,West Street Recovery (WSR),,Community bulletin posts,,No,1-5 years,Low (<50k),I own my home.,Baytown,,
R_5Nx4GTWuIWMxhrc,EN,"Neighborhood beautification,Improved air quality,Improved soil quality",,"Long-standing water bodies,Aquatic (water) plants (e.g., cattail, dwarf palmettos, bald cypress tree),Wildlife commonly found near water (e.g., frogs, salamander, herons, egrets),Consistently-saturated soil",(4) Trans-Brazos Region,"Yes, I think they impact flooding in my community",Drought,Never,Sometimes – (once every 2-6 months),"Heavy rainfall or storms,Nearby river, creek, or bayou overflowing",,Less than $500,"Between ankle and knee level (e.g., above 3 inches, up to 12 inches)","Mental health impact (e.g., anxiety, trauma, stress),Displacement from home (e.g., temporary relocation),Prevented or delayed access to essential services (e.g., health care, groceries, travel, work),Increased cost for repairs or flood proofing (e.g., more expensive flood insurance premiums)",,"Installed flood barriers or sandbags around my property,Requested assistance from local government (e.g., city, county) to improve drainage",,"Rain garden,Urban forestry,Wetland conservation,Wetland restoration (coastal or inland)",Rainwater harvesting,"Nature-based detention pond,Urban forestry",Wetland conservation,1,2,3,"Yes, it is important","Yes, it is important","Yes, it is important",Gulf Coast Protection District (GCPD),,Above average trust,"Displacement due to environmental projects (e.g., gentrification or green gentrification),High installment costs,Increased taxes",,Very satisfied,"More frequent updates on local flood risks,Better access to emergency resources and assistance,More targeted outreach to vulnerable populations (e.g., environmental justice communities)",,"Better information sharing (e.g., more frequent announcements, different forms of communication),Providing resources for community action (e.g., participation opportunities, educational programs, technical training),Host more regular and diverse community meetings representative of the community,Providing multilingual interpretation services",,I occasionally participate in meetings,Moderately involved,"Coalition for Environment, Equity and Resilience (CEER),My local neighborhood association or homeowners association (HOA)",,Newspaper articles/Flyers,,No,Over 20 years,Moderate (50k-<150k),I own my home.,Houston,,
R_7iJzfmbqnLTZbSR,EN,"Neighborhood beautification,Improved air quality,Improved soil quality",,"Aquatic (water) plants (e.g., cattail, dwarf palmettos, bald cypress tree),A creek nearby,Wildlife commonly found near water (e.g., frogs, salamander, herons, egrets)",(1) Lake Houston Flatwood Wetlands,"No, I do not think they impact flooding in my community",Drought,Sometimes – (once every 2-6 months),Sometimes – (once every 2-6 months),"Heavy rainfall or storms,Blocked or clogged drainage systems,Nearby river, creek, or bayou overflowing",,"$5,000 - $10,000","Between ankle and knee level (e.g., above 3 inches, up to 12 inches)","Property damage (e.g., vehicle damage, home repairs)",,Raised the foundation of my house,,Urban forestry,Bioswale,Urban forestry,Large park,2,3,1,"Yes, it is important","Yes, it is important","Yes, it is important","City of Houston, and other Municipalities (Municipal Utility District MUDs)",,Above average trust,"Attracting unwanted pests,High installment costs",,Very satisfied,"More frequent updates on local flood risks,More detailed information about flood preparedness",,"Better information sharing (e.g., more frequent announcements, different forms of communication),Providing resources for community action (e.g., participation opportunities, educational programs, technical training)",,I participate in most meetings,Very involved,My local neighborhood association or homeowners association (HOA),,Community bulletin posts,,No,Over 20 years,Moderate (50k-<150k),I own my home.,Houston,,
R_3cwM43Hlo0g4t1K,EN,"Improved air quality,Recreation (e.g., fishing, bird watching, walking)",,I do not know,(2) Greater Lake Creek,I do not know,Drought,Sometimes – (once every 2-6 months),Sometimes – (once every 2-6 months),"Heavy rainfall or storms,Drains culverts or pipes that are too small (e.g., inadequate stormwater infrastructure size),Increased development or urbanization",,$0 - I haven't spent any money on flood-related repairs,"Above the knee (e.g., over 12 inches)",Loss of work or income,,"Raised the foundation of my house,Engaged with local authorities around flooding issues",,Pocket prairie,Rain garden,Pocket prairie,Wetland conservation,1,2,3,"No, it is not important","Yes, it is important","Yes, it is important",I do not know,,Moderate trust,"Attracting unwanted pests,High installment costs,Lack of educational resources for the community",,Extremely satisfied,"More frequent updates on local flood risks,Better access to emergency resources and assistance",,"Better information sharing (e.g., more frequent announcements, different forms of communication),Involving local schools and community groups",,I rarely participate in meetings,Somewhat involved,My local neighborhood association or homeowners association (HOA),,Word of mouth,,Yes,Over 20 years,Low (<50k),I rent my home.,Houston,,
R_5rTORLcCN2NaR3I,EN,"Improved air quality,Improved stormwater quality,Improved soil quality",,"Long-standing water bodies,Aquatic (water) plants (e.g., cattail, dwarf palmettos, bald cypress tree),A creek nearby,Wildlife commonly found near water (e.g., frogs, salamander, herons, egrets),Consistently-saturated soil",(1) Lake Houston Flatwood Wetlands,"Yes, I think they impact flooding in my community",Drought,Sometimes – (once every 2-6 months),Sometimes – (once every 2-6 months),"Heavy rainfall or storms,Blocked or clogged drainage systems,Increased development or urbanization",,Less than $500,"Above the knee (e.g., over 12 inches)","Mental health impact (e.g., anxiety, trauma, stress)",,"Raised the foundation of my house,Engaged with local authorities around flooding issues,Only my landlord can take action to address or reduce flooding at my residence",,"Pocket prairie,Pocket wetland,Urban forestry","Permeable pavement,Rainwater harvesting","Nature-based detention pond,Urban forestry",Wetland conservation,1,2,3,"Yes, it is important","Yes, it is important","Yes, it is important",Harris County Flood Control District (HCFCD),,Above average trust,"Equity in implementation–areas that need it most may not get first priority,Lack of educational resources for the community,Maintenance issues",,Extremely satisfied,"More frequent updates on local flood risks,Better access to emergency resources and assistance,Enhanced coordination with other local organizations/agencies",,"Better information sharing (e.g., more frequent announcements, different forms of communication),Providing resources for community action (e.g., participation opportunities, educational programs, technical training)",,I participate in most meetings,Very involved,"Bayou City Waterkeeper (BCWK),Coalition for Environment, Equity and Resilience (CEER)",,Instagram Posts,,No,6-10 years,High (≥150k),I own my home.,Houston,,
R_5GAPWlIQu8CUa1b,EN,"Improved air quality,Improved stormwater quality,Stress reduction",,"Long-standing water bodies,Aquatic (water) plants (e.g., cattail, dwarf palmettos, bald cypress tree),Consistently-saturated soil",I am not sure which critical wetland is located upstream of me.,"Yes, I think they impact flooding in my community",Drought,Never,Never,"Heavy rainfall or storms,Blocked or clogged drainage systems,Increased development or urbanization",,$0 - I haven't spent any money on flood-related repairs,"Not applicable (e.g., no experiences with flooding)","Property damage (e.g., vehicle damage, home repairs),Mental health impact (e.g., anxiety, trauma, stress),Interruption of utility services (e.g., power outages, water supply)",,Only my landlord can take action to address or reduce flooding at my residence,,"Bioswale,Large park,Urban forestry","Bioswale,Permeable pavement,Rain garden","Nature-based detention pond,Pocket prairie,Urban forestry","Large park,Wetland conservation",1,2,3,I don’t know,"Yes, it is important","Yes, it is important",State of Texas,,Moderate trust,"High installment costs,Increased taxes,Maintenance issues,Space requirements–not enough space",,Moderately satisfied,"More frequent updates on local flood risks,More detailed information about flood preparedness,Improved use of technology (e.g., apps, websites) for flood risk information",,"Better information sharing (e.g., more frequent announcements, different forms of communication),Host more regular and diverse community meetings representative of the community,Providing child care",,I rarely participate in meetings,Not at all involved,I am not part of any organizations focused on drainage and flooding issues.,,Instagram Posts,,No,1-5 years,Moderate (50k-<150k),I rent my home.,Houston,,
R_7HY67wDyjG0owpz,EN,"Neighborhood beautification,Improved air quality,Improved stormwater quality",,"Long-standing water bodies,Aquatic (water) plants (e.g., cattail, dwarf palmettos, bald cypress tree),A drainage ditch nearby,A creek nearby,Wildlife commonly found near water (e.g., frogs, salamander, herons, egrets)",(4) Trans-Brazos Region,,Drought,Sometimes – (once every 2-6 months),Sometimes – (once every 2-6 months),"Heavy rainfall or storms,Blocked or clogged drainage systems,Increased development or urbanization",,$0 - I haven't spent any money on flood-related repairs,"Less than or at ankle level (e.g., under 3 inches)","Mental health impact (e.g., anxiety, trauma, stress),Prevented or delayed access to essential services (e.g., health care, groceries, travel, work),Interruption of utility services (e.g., power outages, water supply),Other:",,I have not taken any measures to address or reduce flooding,,"Bioswale,Nature-based detention pond,Permeable pavement,Pocket prairie","Bioswale,Permeable pavement,Rain garden,Rainwater harvesting","Nature-based detention pond,Pocket prairie,Pocket wetland,Urban forestry","Large park,Wetland conservation,Wetland restoration (inland or coastal)",1,2,3,"Yes, it is important","Yes, it is important","Yes, it is important",Local city planning departments,,Moderate trust,"High installment costs,Increased taxes,Maintenance issues,Space requirements–not enough space",,Moderately satisfied,"More frequent updates on local flood risks,Better access to emergency resources and assistance,Enhanced coordination with other local organizations/agencies,Improved use of technology (e.g., apps, websites) for flood risk information",,"Better information sharing (e.g., more frequent announcements, different forms of communication),Involving local schools and community groups,Providing resources for community action (e.g., participation opportunities, educational programs, technical training),Host more regular and diverse community meetings representative of the community",,I occasionally participate in meetings,Somewhat involved,My local neighborhood association or homeowners association (HOA),,Facebook Posts,,No,6-10 years,Moderate (50k-<150k),I own my home.,Houston,,
R_5CJK8hopqLszryP,EN,"Increased property value,Recreation (e.g., fishing, bird watching, walking),Stress reduction",,"Long-standing water bodies,Aquatic (water) plants (e.g., cattail, dwarf palmettos, bald cypress tree),A creek nearby,Wildlife commonly found near water (e.g., frogs, salamander, herons, egrets),Consistently-saturated soil",(3) Greater Katy Prairie-Pothole Pimple-Mound Complexes,"Yes, I think they impact flooding in my community",Drought,Sometimes – (once every 2-6 months),Often – (At least once a month),"Drains culverts or pipes that are too small (e.g., inadequate stormwater infrastructure size)",,"$10,000 - $20,000","Above the knee (e.g., over 12 inches)","Displacement from home (e.g., temporary relocation)",,Only my landlord can take action to address or reduce flooding at my residence,,"Nature-based detention pond,Permeable pavement,Rain garden,Urban forestry,Wetland conservation",Rain garden,Pocket prairie,Wetland conservation,1,2,3,"Yes, it is important","Yes, it is important","Yes, it is important",Houston Galveston Area Council (HGAC),,Above average trust,"Equity in implementation–areas that need it most may not get first priority,High installment costs,Lack of educational resources for the community,Maintenance issues,Not fitting into community look/aesthetic",,Extremely satisfied,"More detailed information about flood preparedness,Better access to emergency resources and assistance,More targeted outreach to vulnerable populations (e.g., environmental justice communities)",,"Establishing community advisory boards,Providing resources for community action (e.g., participation opportunities, educational programs, technical training),Host more regular and diverse community meetings representative of the community",,I occasionally participate in meetings,Very involved,"West Street Recovery (WSR),Coalition for Environment, Equity and Resilience (CEER),Northeast Action Collective (NAC)",,Instagram Posts,,No,Over 20 years,High (≥150k),I own my home.,Baytown,,
R_3YzYoAThviMOM5H,EN,"Neighborhood beautification,Improved air quality,Stress reduction",,"Long-standing water bodies,Aquatic (water) plants (e.g., cattail, dwarf palmettos, bald cypress tree),Wildlife commonly found near water (e.g., frogs, salamander, herons, egrets)",I am not sure which critical wetland is located upstream of me.,"Yes, I think they impact flooding in my community",Drought,Sometimes – (once every 2-6 months),Sometimes – (once every 2-6 months),"Heavy rainfall or storms,Blocked or clogged drainage systems,Aging infrastructure (e.g., not in compliance–out of date)",,$0 - I haven't spent any money on flood-related repairs,"Less than or at ankle level (e.g., under 3 inches)","Mental health impact (e.g., anxiety, trauma, stress),Prevented or delayed access to essential services (e.g., health care, groceries, travel, work)",,"Installed flood barriers or sandbags around my property,Requested assistance from local government (e.g., city, county) to improve drainage",,"Large park,Rain garden,Wetland conservation","Rain garden,Rainwater harvesting","Pocket prairie,Urban forestry","Large park,Wetland conservation",1,2,3,"Yes, it is important","Yes, it is important","Yes, it is important",Harris County Flood Control District (HCFCD),,Moderate trust,There are no concerns,,Very satisfied,"Better access to emergency resources and assistance,Improved use of technology (e.g., apps, websites) for flood risk information",,"Better information sharing (e.g., more frequent announcements, different forms of communication),Establishing community advisory boards",,I occasionally participate in meetings,Somewhat involved,I am not part of any organizations focused on drainage and flooding issues.,,Newspaper articles/Flyers,,Yes,6-10 years,High (≥150k),I own my home.,Houston,,
R_61ZtOA7dLSHr39x,EN,Improved air quality,,Consistently-saturated soil,(3) Greater Katy Prairie-Pothole Pimple-Mound Complexes,"No, I do not think they impact flooding in my community",Drought,Often – (At least once a month),Often – (At least once a month),"Not applicable (e.g., my neighborhood does not flood)",,"$1,000 - $5,000","Above the knee (e.g., over 12 inches)",I have not experienced any of these events,,I have not taken any measures to address or reduce flooding,,I have not seen any of the GSI examples in my community.,I prefer not to implement small-scale GSI in my community,I prefer not to implement mid-scale GSI in my community,I prefer not to implement large-scale GSI in my community,1,2,3,"No, it is not important","No, it is not important","No, it is not important","City of Houston, and other Municipalities (Municipal Utility District MUDs)",,No trust,There are no concerns,,Not at all satisfied,More detailed information about flood preparedness,,Other:,None of the above,There are no meetings available related to this topic,Not at all involved,I am not part of any organizations focused on drainage and flooding issues.,,Phone Calls,,No,1-5 years,Moderate (50k-<150k),I own my home.,Houston,,
R_5PLB1rD9xRefr3m,EN,Improved air quality,,Consistently-saturated soil,(2) Greater Lake Creek,"Yes, I think they impact flooding in my community",Drought,Often – (At least once a month),Often – (At least once a month),"Not applicable (e.g., my neighborhood does not flood)",,"$500 - $1,000","Between ankle and knee level (e.g., above 3 inches, up to 12 inches)","Increased cost for repairs or flood proofing (e.g., more expensive flood insurance premiums)",,"Not applicable (e.g., flooding has not affected my residence)",,I have not seen any of the GSI examples in my community.,I prefer not to implement small-scale GSI in my community,Urban forestry,I prefer not to implement large-scale GSI in my community,2,1,3,"Yes, it is important","Yes, it is important","No, it is not important",State of Texas,,Above average trust,Increased taxes,,Extremely satisfied,"More detailed information about flood preparedness,Better access to emergency resources and assistance",,"Better information sharing (e.g., more frequent announcements, different forms of communication)",,I participate in all meetings,Extremely involved,I am not part of any organizations focused on drainage and flooding issues.,,Newspaper articles/Flyers,,No,1-5 years,Moderate (50k-<150k),I rent my home.,Houston,,
R_5rqXk6ZOPnFVakR,EN,"Improved air quality,Improved soil quality,Recreation (e.g., fishing, bird watching, walking)",,"Long-standing water bodies,Aquatic (water) plants (e.g., cattail, dwarf palmettos, bald cypress tree),Wildlife commonly found near water (e.g., frogs, salamander, herons, egrets)",(1) Lake Houston Flatwood Wetlands,"Yes, I think they impact flooding in my community",Drought,Sometimes – (once every 2-6 months),Sometimes – (once every 2-6 months),"Heavy rainfall or storms,Blocked or clogged drainage systems,Nearby river, creek, or bayou overflowing",,"$1,000 - $5,000","Between ankle and knee level (e.g., above 3 inches, up to 12 inches)","Property damage (e.g., vehicle damage, home repairs),Prevented or delayed access to essential services (e.g., health care, groceries, travel, work),Increased cost for repairs or flood proofing (e.g., more expensive flood insurance premiums)",,Installed flood barriers or sandbags around my property,,"Permeable pavement,Pocket wetland",Permeable pavement,Pocket wetland,Wetland conservation,3,1,2,"Yes, it is important","Yes, it is important","Yes, it is important","City of Houston, and other Municipalities (Municipal Utility District MUDs)",,Slight trust,Equity in implementation–areas that need it most may not get first priority,,Moderately satisfied,Better access to emergency resources and assistance,,"Better information sharing (e.g., more frequent announcements, different forms of communication),Involving local schools and community groups",,I participate in most meetings,Moderately involved,Northeast Action Collective (NAC),,Facebook Posts,,No,Over 20 years,High (≥150k),I own my home.,Houston,,
R_5L9rYUdmnoBKR8J,EN,"Neighborhood beautification,Improved air quality,Improved stormwater quality",,"Aquatic (water) plants (e.g., cattail, dwarf palmettos, bald cypress tree),A drainage ditch nearby,A creek nearby",(4) Trans-Brazos Region,"Yes, I think they impact flooding in my community",Drought,Often – (At least once a month),Sometimes – (once every 2-6 months),"Heavy rainfall or storms,Blocked or clogged drainage systems,Aging infrastructure (e.g., not in compliance–out of date)",,"More than $20,000","Above the knee (e.g., over 12 inches)","Property damage (e.g., vehicle damage, home repairs),Loss of work or income,Mental health impact (e.g., anxiety, trauma, stress),Displacement from home (e.g., temporary relocation),Prevented or delayed access to essential services (e.g., health care, groceries, travel, work),Interruption of utility services (e.g., power outages, water supply),Increased cost for repairs or flood proofing (e.g., more expensive flood insurance premiums)",,"Installed flood barriers or sandbags around my property,Requested assistance from local government (e.g., city, county) to improve drainage,Engaged with local authorities around flooding issues",,"Nature-based detention pond,Permeable pavement,Rain garden,Urban forestry,Wetland conservation,Wetland restoration (coastal or inland)","Permeable pavement,Rain garden,Rainwater harvesting","Nature-based detention pond,Pocket prairie,Pocket wetland,Urban forestry","Wetland conservation,Wetland restoration (inland or coastal)",2,1,3,"Yes, it is important","Yes, it is important","Yes, it is important","City of Houston, and other Municipalities (Municipal Utility District MUDs)",,Moderate trust,"Equity in implementation–areas that need it most may not get first priority,Displacement due to environmental projects (e.g., gentrification or green gentrification),High installment costs",,Moderately satisfied,"Enhanced coordination with other local organizations/agencies,More targeted outreach to vulnerable populations (e.g., environmental justice communities),Improved use of technology (e.g., apps, websites) for flood risk information",,"Establishing community advisory boards,Involving local schools and community groups,Providing resources for community action (e.g., participation opportunities, educational programs, technical training)",,I participate in most meetings,Very involved,"Bayou City Waterkeeper (BCWK),Coalition for Environment, Equity and Resilience (CEER),Northeast Action Collective (NAC),My local neighborhood association or homeowners association (HOA)",,Community bulletin posts,,No,Over 20 years,High (≥150k),I own my home.,Baytown,,
R_3Y3o7XUu7pVy3Ey,EN,"Improved air quality,Improved soil quality,Recreation (e.g., fishing, bird watching, walking)",,"Long-standing water bodies,Aquatic (water) plants (e.g., cattail, dwarf palmettos, bald cypress tree),A drainage ditch nearby,Wildlife commonly found near water (e.g., frogs, salamander, herons, egrets),Consistently-saturated soil",(2) Greater Lake Creek,"Yes, I think they impact flooding in my community",Drought,Often – (At least once a month),Sometimes – (once every 2-6 months),"Drains culverts or pipes that are too small (e.g., inadequate stormwater infrastructure size),Aging infrastructure (e.g., not in compliance–out of date)",,"$500 - $1,000","Between ankle and knee level (e.g., above 3 inches, up to 12 inches)","Property damage (e.g., vehicle damage, home repairs),Displacement from home (e.g., temporary relocation),Prevented or delayed access to essential services (e.g., health care, groceries, travel, work)",,"Raised the foundation of my house,Installed flood barriers or sandbags around my property,Requested assistance from local government (e.g., city, county) to improve drainage",,"Bioswale,Pocket wetland,Rain garden,Wetland conservation","Bioswale,Rain garden,Rainwater harvesting",Pocket wetland,Large park,2,1,3,"Yes, it is important","Yes, it is important","Yes, it is important","City of Houston, and other Municipalities (Municipal Utility District MUDs)",,Moderate trust,"Attracting unwanted pests,Equity in implementation–areas that need it most may not get first priority,High installment costs,Increased taxes,Lack of educational resources for the community,Maintenance issues",,Very satisfied,"More detailed information about flood preparedness,Better access to emergency resources and assistance,Enhanced coordination with other local organizations/agencies",,"Better information sharing (e.g., more frequent announcements, different forms of communication),Establishing community advisory boards,Compensation for time (e.g., money, gift cards),Host more regular and diverse community meetings representative of the community",,I participate in all meetings,Somewhat involved,"Bayou City Waterkeeper (BCWK),West Street Recovery (WSR),Coalition for Environment, Equity and Resilience (CEER)",,Community bulletin posts,,Yes,Over 20 years,High (≥150k),I own my home.,Houston,,
R_1OJrlJj4C2Eu3HH,EN,I do not know,,I do not know,I am not sure which critical wetland is located upstream of me.,"No, I do not think they impact flooding in my community",Drought,Never,Never,"Heavy rainfall or storms,Blocked or clogged drainage systems,Nearby river, creek, or bayou overflowing",,$0 - I haven't spent any money on flood-related repairs,"Not applicable (e.g., no experiences with flooding)",I have not experienced any of these events,,I have not taken any measures to address or reduce flooding,,"Large park,Rainwater harvesting",Rain garden,Urban forestry,I prefer not to implement large-scale GSI in my community,1,2,3,I don’t know,I don’t know,I don’t know,I do not know,,No trust,There are no concerns,,Not at all satisfied,More frequent updates on local flood risks,,Host more regular and diverse community meetings representative of the community,,There are no meetings available related to this topic,Not at all involved,I am not part of any organizations focused on drainage and flooding issues.,,Facebook Posts,,Yes,Less than a year,Low (<50k),I rent my home.,Houston,,
R_5fkJKkXo6oXehaH,EN,"Improved air quality,Recreation (e.g., fishing, bird watching, walking),Stress reduction",,"Long-standing water bodies,Aquatic (water) plants (e.g., cattail, dwarf palmettos, bald cypress tree),A creek nearby,Wildlife commonly found near water (e.g., frogs, salamander, herons, egrets),Consistently-saturated soil",I am not sure which critical wetland is located upstream of me.,"Yes, I think they impact flooding in my community",Drought,Sometimes – (once every 2-6 months),Sometimes – (once every 2-6 months),"Heavy rainfall or storms,Blocked or clogged drainage systems,Drains culverts or pipes that are too small (e.g., inadequate stormwater infrastructure size)",,"$500 - $1,000","Between ankle and knee level (e.g., above 3 inches, up to 12 inches)","Mental health impact (e.g., anxiety, trauma, stress),Prevented or delayed access to essential services (e.g., health care, groceries, travel, work),Interruption of utility services (e.g., power outages, water supply)",,"Installed flood barriers or sandbags around my property,Requested assistance from local government (e.g., city, county) to improve drainage,Engaged with local authorities around flooding issues",,"Bioswale,Nature-based detention pond,Large park,Permeable pavement,Pocket prairie,Rainwater harvesting","Bioswale,Rain garden","Pocket wetland,Urban forestry","Wetland conservation,Wetland restoration (inland or coastal)",1,2,3,"Yes, it is important","Yes, it is important","Yes, it is important",Harris County Flood Control District (HCFCD),,Moderate trust,"Equity in implementation–areas that need it most may not get first priority,High installment costs,Increased taxes,Lack of educational resources for the community",,Moderately satisfied,"Better access to emergency resources and assistance,Enhanced coordination with other local organizations/agencies,More targeted outreach to vulnerable populations (e.g., environmental justice communities),Improved use of technology (e.g., apps, websites) for flood risk information",,"Establishing community advisory boards,Providing resources for community action (e.g., participation opportunities, educational programs, technical training),Compensation for time (e.g., money, gift cards),Host more regular and diverse community meetings representative of the community",,I occasionally participate in meetings,Somewhat involved,"West Street Recovery (WSR),Coalition for Environment, Equity and Resilience (CEER),Northeast Action Collective (NAC)",,Community bulletin posts,,Yes,Over 20 years,High (≥150k),I own my home.,Baytown,,
R_6Db9EFwSFzY5dAK,EN,"Improved air quality,Improved stormwater quality,Improved soil quality",,"Aquatic (water) plants (e.g., cattail, dwarf palmettos, bald cypress tree),A drainage ditch nearby,A creek nearby",(1) Lake Houston Flatwood Wetlands,"Yes, I think they impact flooding in my community",Drought,Always – (every time it rains),Sometimes – (once every 2-6 months),"Aging infrastructure (e.g., not in compliance–out of date),Increased development or urbanization",,"$10,000 - $20,000","Between ankle and knee level (e.g., above 3 inches, up to 12 inches)","Mental health impact (e.g., anxiety, trauma, stress),Displacement from home (e.g., temporary relocation),Prevented or delayed access to essential services (e.g., health care, groceries, travel, work)",,"Installed flood barriers or sandbags around my property,Requested assistance from local government (e.g., city, county) to improve drainage,Engaged with local authorities around flooding issues",,"Nature-based detention pond,Large park,Permeable pavement","Bioswale,Permeable pavement,Rain garden",Pocket prairie,Wetland conservation,1,2,3,"Yes, it is important","Yes, it is important","Yes, it is important",State of Texas,,Moderate trust,"Displacement due to environmental projects (e.g., gentrification or green gentrification),High installment costs,Increased taxes",,Extremely satisfied,"More detailed information about flood preparedness,Better access to emergency resources and assistance,Increased opportunities for community feedback",,"Establishing community advisory boards,Involving local schools and community groups,Providing resources for community action (e.g., participation opportunities, educational programs, technical training)",,I participate in most meetings,Very involved,"West Street Recovery (WSR),Coalition for Environment, Equity and Resilience (CEER),Northeast Action Collective (NAC)",,Instagram Posts,,No,11-20 years,Moderate (50k-<150k),I rent my home.,Houston,,
R_35YGU3y3cptT79H,EN,"Improved air quality,Improved stormwater quality,Increased property value",,"Aquatic (water) plants (e.g., cattail, dwarf palmettos, bald cypress tree),A drainage ditch nearby,Wildlife commonly found near water (e.g., frogs, salamander, herons, egrets)",(1) Lake Houston Flatwood Wetlands,"Yes, I think they impact flooding in my community",Drought,Sometimes – (once every 2-6 months),Often – (At least once a month),"Drains culverts or pipes that are too small (e.g., inadequate stormwater infrastructure size),Aging infrastructure (e.g., not in compliance–out of date),Increased development or urbanization",,"$10,000 - $20,000","Between ankle and knee level (e.g., above 3 inches, up to 12 inches)","Property damage (e.g., vehicle damage, home repairs),Mental health impact (e.g., anxiety, trauma, stress),Prevented or delayed access to essential services (e.g., health care, groceries, travel, work)",,"Installed flood barriers or sandbags around my property,Requested assistance from local government (e.g., city, county) to improve drainage,Only my landlord can take action to address or reduce flooding at my residence",,"Rain garden,Urban forestry,Wetland conservation","Rain garden,Rainwater harvesting","Pocket prairie,Pocket wetland","Wetland conservation,Wetland restoration (inland or coastal)",2,1,3,"Yes, it is important","No, it is not important",I don’t know,Houston Galveston Area Council (HGAC),,Slight trust,"Equity in implementation–areas that need it most may not get first priority,Displacement due to environmental projects (e.g., gentrification or green gentrification),Lack of educational resources for the community",,Very satisfied,"Increased opportunities for community feedback,Enhanced coordination with other local organizations/agencies,More targeted outreach to vulnerable populations (e.g., environmental justice communities)",,"Establishing community advisory boards,Providing resources for community action (e.g., participation opportunities, educational programs, technical training),Host more regular and diverse community meetings representative of the community",,I occasionally participate in meetings,Moderately involved,"Coalition for Environment, Equity and Resilience (CEER),Northeast Action Collective (NAC),My local neighborhood association or homeowners association (HOA)",,Facebook Posts,,No,11-20 years,High (≥150k),I own my home.,Houston,,
R_6QSn7Op1RWSqknc,EN,"Improved stormwater quality,Improved soil quality,Increased property value",,"Aquatic (water) plants (e.g., cattail, dwarf palmettos, bald cypress tree),A drainage ditch nearby,A creek nearby",(2) Greater Lake Creek,"Yes, I think they impact flooding in my community",Drought,Sometimes – (once every 2-6 months),Sometimes – (once every 2-6 months),"Drains culverts or pipes that are too small (e.g., inadequate stormwater infrastructure size),Aging infrastructure (e.g., not in compliance–out of date),Increased development or urbanization",,"$1,000 - $5,000","Between ankle and knee level (e.g., above 3 inches, up to 12 inches)","Mental health impact (e.g., anxiety, trauma, stress),Displacement from home (e.g., temporary relocation),Prevented or delayed access to essential services (e.g., health care, groceries, travel, work)",,"Installed flood barriers or sandbags around my property,Requested assistance from local government (e.g., city, county) to improve drainage,Engaged with local authorities around flooding issues",,"Nature-based detention pond,Large park,Pocket prairie","Permeable pavement,Rain garden,Rainwater harvesting","Pocket prairie,Pocket wetland,Urban forestry","Large park,Wetland conservation,Wetland restoration (inland or coastal)",2,1,3,"Yes, it is important","Yes, it is important","Yes, it is important",Local city planning departments,,Moderate trust,"Displacement due to environmental projects (e.g., gentrification or green gentrification),High installment costs,Increased taxes",,Moderately satisfied,"Better access to emergency resources and assistance,Increased opportunities for community feedback,Enhanced coordination with other local organizations/agencies",,"Establishing community advisory boards,Involving local schools and community groups,Providing resources for community action (e.g., participation opportunities, educational programs, technical training)",,I occasionally participate in meetings,Moderately involved,"Coalition for Environment, Equity and Resilience (CEER),Northeast Action Collective (NAC)",,Facebook Posts,,No,11-20 years,Moderate (50k-<150k),I own my home.,Houston,,
R_6EhhhUU3Fa9mQdX,EN,"Improved air quality,Improved soil quality,Recreation (e.g., fishing, bird watching, walking)",,"Long-standing water bodies,Wildlife commonly found near water (e.g., frogs, salamander, herons, egrets)",(2) Greater Lake Creek,"Yes, I think they impact flooding in my community",Drought,Often – (At least once a month),Always – (every time it rains),"Heavy rainfall or storms,Drains culverts or pipes that are too small (e.g., inadequate stormwater infrastructure size),Nearby river, creek, or bayou overflowing",,"$5,000 - $10,000","Between ankle and knee level (e.g., above 3 inches, up to 12 inches)","Property damage (e.g., vehicle damage, home repairs),Displacement from home (e.g., temporary relocation),Interruption of utility services (e.g., power outages, water supply)",,"Raised the foundation of my house,Engaged with local authorities around flooding issues",,"Bioswale,Permeable pavement,Urban forestry","Bioswale,Rainwater harvesting",Pocket prairie,Wetland conservation,3,1,2,"Yes, it is important","Yes, it is important","No, it is not important",Harris County Flood Control District (HCFCD),,Moderate trust,"Equity in implementation–areas that need it most may not get first priority,Lack of educational resources for the community",,Very satisfied,"More detailed information about flood preparedness,More targeted outreach to vulnerable populations (e.g., environmental justice communities)",,"Better information sharing (e.g., more frequent announcements, different forms of communication),Providing resources for community action (e.g., participation opportunities, educational programs, technical training)",,I participate in most meetings,Very involved,"Bayou City Waterkeeper (BCWK),Northeast Action Collective (NAC)",,Instagram Posts,,No,Over 20 years,Moderate (50k-<150k),I own my home.,Houston,,
R_5dtl67O7hy9HxZJ,EN,"Improved air quality,Improved stormwater quality,Stress reduction",,"Long-standing water bodies,Aquatic (water) plants (e.g., cattail, dwarf palmettos, bald cypress tree),A drainage ditch nearby,A creek nearby,Wildlife commonly found near water (e.g., frogs, salamander, herons, egrets),Consistently-saturated soil",I am not sure which critical wetland is located upstream of me.,I do not know,Drought,Never,Never,"Not applicable (e.g., my neighborhood does not flood)",,Prefer not to answer,"Not applicable (e.g., no experiences with flooding)",I have not experienced any of these events,,"Not applicable (e.g., flooding has not affected my residence)",,I have not seen any of the GSI examples in my community.,I prefer not to implement small-scale GSI in my community,I prefer not to implement mid-scale GSI in my community,I prefer not to implement large-scale GSI in my community,1,2,3,I don’t know,"Yes, it is important","Yes, it is important",Harris County Flood Control District (HCFCD),,Extreme trust,"Attracting unwanted pests,Equity in implementation–areas that need it most may not get first priority,Displacement due to environmental projects (e.g., gentrification or green gentrification),High installment costs,Increased taxes,Lack of educational resources for the community,Maintenance issues,Not fitting into community look/aesthetic,Space requirements–not enough space",,Moderately satisfied,"More frequent updates on local flood risks,More detailed information about flood preparedness,Better access to emergency resources and assistance,Increased opportunities for community feedback,Enhanced coordination with other local organizations/agencies,More targeted outreach to vulnerable populations (e.g., environmental justice communities),Improved use of technology (e.g., apps, websites) for flood risk information,Improved translation and accessibility information for non-English speakers",,"Better information sharing (e.g., more frequent announcements, different forms of communication),Establishing community advisory boards,Involving local schools and community groups,Providing resources for community action (e.g., participation opportunities, educational programs, technical training),Compensation for time (e.g., money, gift cards),Host more regular and diverse community meetings representative of the community,Providing multilingual interpretation services,Providing child care",,There are no meetings available related to this topic,Not at all involved,I am not part of any organizations focused on drainage and flooding issues.,,Word of mouth,,No,6-10 years,No response,I own my home.,Houston,,
R_6g1SFZ8lCiJIskp,EN,"Neighborhood beautification,Improved air quality,Improved stormwater quality",,"Long-standing water bodies,Aquatic (water) plants (e.g., cattail, dwarf palmettos, bald cypress tree),A drainage ditch nearby",(1) Lake Houston Flatwood Wetlands,"Yes, I think they impact flooding in my community",Drought,Always – (every time it rains),Always – (every time it rains),"Heavy rainfall or storms,Blocked or clogged drainage systems,Drains culverts or pipes that are too small (e.g., inadequate stormwater infrastructure size)",,"$10,000 - $20,000","Between ankle and knee level (e.g., above 3 inches, up to 12 inches)","Property damage (e.g., vehicle damage, home repairs),Loss of work or income,Mental health impact (e.g., anxiety, trauma, stress)",,"Raised the foundation of my house,Installed flood barriers or sandbags around my property,Requested assistance from local government (e.g., city, county) to improve drainage",,"Bioswale,Nature-based detention pond,Large park","Bioswale,Permeable pavement,Rain garden","Nature-based detention pond,Pocket prairie,Pocket wetland","Large park,Wetland conservation,Wetland restoration (inland or coastal)",1,2,3,"Yes, it is important","Yes, it is important","Yes, it is important",Harris County Flood Control District (HCFCD),,Extreme trust,"Attracting unwanted pests,Equity in implementation–areas that need it most may not get first priority,Displacement due to environmental projects (e.g., gentrification or green gentrification)",,Extremely satisfied,"More frequent updates on local flood risks,More detailed information about flood preparedness,Better access to emergency resources and assistance",,"Better information sharing (e.g., more frequent announcements, different forms of communication),Establishing community advisory boards,Involving local schools and community groups",,I participate in all meetings,Extremely involved,"Bayou City Waterkeeper (BCWK),West Street Recovery (WSR),Coalition for Environment, Equity and Resilience (CEER)",,Newspaper articles/Flyers,,No,1-5 years,Low (<50k),I rent my home.,Houston,,
R_6rDrFd9Blk1IacL,EN,"Improved air quality,Increased property value,Recreation (e.g., fishing, bird watching, walking)",,"Long-standing water bodies,Aquatic (water) plants (e.g., cattail, dwarf palmettos, bald cypress tree),A creek nearby,Wildlife commonly found near water (e.g., frogs, salamander, herons, egrets),Consistently-saturated soil",(1) Lake Houston Flatwood Wetlands,"Yes, I think they impact flooding in my community",Drought,Rarely – (once a year or less),Rarely – (once a year or less),"Heavy rainfall or storms,Blocked or clogged drainage systems,Increased development or urbanization",,"$5,000 - $10,000","Less than or at ankle level (e.g., under 3 inches)","Property damage (e.g., vehicle damage, home repairs),Mental health impact (e.g., anxiety, trauma, stress),Prevented or delayed access to essential services (e.g., health care, groceries, travel, work),Interruption of utility services (e.g., power outages, water supply),Increased cost for repairs or flood proofing (e.g., more expensive flood insurance premiums)",,"Installed flood barriers or sandbags around my property,Engaged with local authorities around flooding issues,Only my landlord can take action to address or reduce flooding at my residence",,"Large park,Pocket wetland,Urban forestry,Wetland restoration (coastal or inland)","Permeable pavement,Rain garden,Rainwater harvesting","Nature-based detention pond,Pocket wetland,Urban forestry","Wetland conservation,Wetland restoration (inland or coastal)",2,1,3,"Yes, it is important","Yes, it is important","Yes, it is important","City of Houston, and other Municipalities (Municipal Utility District MUDs)",,Moderate trust,"Equity in implementation–areas that need it most may not get first priority,High installment costs,Lack of educational resources for the community,Maintenance issues",,Very satisfied,"More frequent updates on local flood risks,Better access to emergency resources and assistance,Enhanced coordination with other local organizations/agencies,More targeted outreach to vulnerable populations (e.g., environmental justice communities),Improved use of technology (e.g., apps, websites) for flood risk information",,"Better information sharing (e.g., more frequent announcements, different forms of communication),Providing resources for community action (e.g., participation opportunities, educational programs, technical training),Host more regular and diverse community meetings representative of the community,Providing multilingual interpretation services",,I participate in most meetings,Very involved,"Bayou City Waterkeeper (BCWK),Coalition for Environment, Equity and Resilience (CEER),My local neighborhood association or homeowners association (HOA)",,Newspaper articles/Flyers,,Yes,6-10 years,Moderate (50k-<150k),I own my home.,Houston,,
R_57ljHHP6Iv6wwDo,EN,"Improved air quality,Improved stormwater quality,Improved soil quality",,"Long-standing water bodies,Aquatic (water) plants (e.g., cattail, dwarf palmettos, bald cypress tree),A drainage ditch nearby,A creek nearby,Wildlife commonly found near water (e.g., frogs, salamander, herons, egrets),Consistently-saturated soil",(3) Greater Katy Prairie-Pothole Pimple-Mound Complexes,"Yes, I think they impact flooding in my community",Drought,Never,Never,"Heavy rainfall or storms,Increased development or urbanization,Nearby river, creek, or bayou overflowing",,$0 - I haven't spent any money on flood-related repairs,"Not applicable (e.g., no experiences with flooding)",I have not experienced any of these events,,"Not applicable (e.g., flooding has not affected my residence)",,"Bioswale,Nature-based detention pond,Urban forestry","Bioswale,Permeable pavement,Rain garden,Rainwater harvesting","Nature-based detention pond,Urban forestry","Large park,Wetland conservation,Wetland restoration (inland or coastal)",1,3,2,"Yes, it is important","Yes, it is important","Yes, it is important","City of Houston, and other Municipalities (Municipal Utility District MUDs)",,No trust,There are no concerns,,Slightly satisfied,"More frequent updates on local flood risks,More detailed information about flood preparedness,Better access to emergency resources and assistance,Increased opportunities for community feedback,Enhanced coordination with other local organizations/agencies,More targeted outreach to vulnerable populations (e.g., environmental justice communities),Improved use of technology (e.g., apps, websites) for flood risk information,Improved translation and accessibility information for non-English speakers,Other:",Demand that these people have oversight and that they prove they act with transparency.  ,"Better information sharing (e.g., more frequent announcements, different forms of communication),Establishing community advisory boards,Involving local schools and community groups,Providing resources for community action (e.g., participation opportunities, educational programs, technical training),Compensation for time (e.g., money, gift cards),Host more regular and diverse community meetings representative of the community,Providing multilingual interpretation services,Providing child care,Other:",Be fully transparent and cut their wasteful spending and lining their own pockets with money that interbred for and should go to infrastructure and sustainability projects ,I occasionally participate in meetings,Moderately involved,Other:,"An environmentalist group that's informal and we communicate frequently online and contact politicians about infrastructure, climate change, weather events, grid vulnerability, etc ",Other:,"Blogs, concerted efforts and a multitude of different communication ",No,Over 20 years,Moderate (50k-<150k),I own my home.,Houston,,
R_5jMUPGCO7vb5CbG,EN,"Neighborhood beautification,Improved stormwater quality,Recreation (e.g., fishing, bird watching, walking)",,"Aquatic (water) plants (e.g., cattail, dwarf palmettos, bald cypress tree),Wildlife commonly found near water (e.g., frogs, salamander, herons, egrets)",(5) Anahuac Coastal Marsh and Prairies,"Yes, I think they impact flooding in my community",Drought,Sometimes – (once every 2-6 months),Sometimes – (once every 2-6 months),"Heavy rainfall or storms,Blocked or clogged drainage systems,Nearby river, creek, or bayou overflowing",,"$5,000 - $10,000","Between ankle and knee level (e.g., above 3 inches, up to 12 inches)","Property damage (e.g., vehicle damage, home repairs),Loss of work or income,Interruption of utility services (e.g., power outages, water supply),Increased cost for repairs or flood proofing (e.g., more expensive flood insurance premiums)",,"Raised the foundation of my house,Installed flood barriers or sandbags around my property",,"Large park,Rainwater harvesting","Permeable pavement,Rain garden",Urban forestry,"Large park,Wetland restoration (inland or coastal)",1,2,3,"Yes, it is important","No, it is not important","Yes, it is important",Texas Water Development Board (TWDB),,Slight trust,"Attracting unwanted pests,Increased taxes,Maintenance issues",,Slightly satisfied,More detailed information about flood preparedness,,"Better information sharing (e.g., more frequent announcements, different forms of communication),Providing resources for community action (e.g., participation opportunities, educational programs, technical training)",,I participate in all meetings,Somewhat involved,Bayou City Waterkeeper (BCWK),,Newspaper articles/Flyers,,Yes,6-10 years,Low (<50k),I rent my home.,Baytown,,
R_6sdD7eyBFzRtraI,EN,"Improved air quality,Increased property value,Recreation (e.g., fishing, bird watching, walking)",,"A drainage ditch nearby,Consistently-saturated soil",(2) Greater Lake Creek,"Yes, I think they impact flooding in my community",Drought,Sometimes – (once every 2-6 months),Sometimes – (once every 2-6 months),"Blocked or clogged drainage systems,Aging infrastructure (e.g., not in compliance–out of date),Increased development or urbanization",,"$5,000 - $10,000","Between ankle and knee level (e.g., above 3 inches, up to 12 inches)","Property damage (e.g., vehicle damage, home repairs),Prevented or delayed access to essential services (e.g., health care, groceries, travel, work),Interruption of utility services (e.g., power outages, water supply)",,"Raised the foundation of my house,Requested assistance from local government (e.g., city, county) to improve drainage",,"Large park,Rain garden,Urban forestry","Permeable pavement,Rainwater harvesting","Pocket prairie,Urban forestry","Large park,Wetland restoration (inland or coastal)",3,2,1,"Yes, it is important","Yes, it is important","Yes, it is important",Harris County Flood Control District (HCFCD),,Moderate trust,"Equity in implementation–areas that need it most may not get first priority,Increased taxes,Maintenance issues",,Moderately satisfied,"More frequent updates on local flood risks,Increased opportunities for community feedback,Improved use of technology (e.g., apps, websites) for flood risk information",,"Better information sharing (e.g., more frequent announcements, different forms of communication),Providing resources for community action (e.g., participation opportunities, educational programs, technical training),Providing multilingual interpretation services",,There are no meetings available related to this topic,Somewhat involved,I am not part of any organizations focused on drainage and flooding issues.,,Community bulletin posts,,No,6-10 years,Moderate (50k-<150k),I own my home.,Baytown,,
R_3nMFhntFtFPwZOd,EN,"Improved air quality,Improved soil quality,Recreation (e.g., fishing, bird watching, walking)",,"Long-standing water bodies,A drainage ditch nearby,Wildlife commonly found near water (e.g., frogs, salamander, herons, egrets)",(2) Greater Lake Creek,"No, I do not think they impact flooding in my community",Drought,Never,Never,"Heavy rainfall or storms,Blocked or clogged drainage systems",,Less than $500,"Less than or at ankle level (e.g., under 3 inches)","Mental health impact (e.g., anxiety, trauma, stress),Displacement from home (e.g., temporary relocation)",,"Raised the foundation of my house,Engaged with local authorities around flooding issues",,"Nature-based detention pond,Pocket wetland",Permeable pavement,Nature-based detention pond,Large park,2,1,3,"Yes, it is important","Yes, it is important","Yes, it is important",United States Environmental Protection Agency (US EPA),,Moderate trust,"Attracting unwanted pests,Increased taxes",,Very satisfied,"More frequent updates on local flood risks,Increased opportunities for community feedback",,"Better information sharing (e.g., more frequent announcements, different forms of communication),Providing resources for community action (e.g., participation opportunities, educational programs, technical training),Compensation for time (e.g., money, gift cards)",,I participate in all meetings,Very involved,"West Street Recovery (WSR),Northeast Action Collective (NAC)",,Instagram Posts,,No,6-10 years,Low (<50k),I rent my home.,Houston,,
R_70JnSKmD0pFZTa0,EN,"Improved air quality,Improved soil quality,Increased property value",,"Aquatic (water) plants (e.g., cattail, dwarf palmettos, bald cypress tree),A drainage ditch nearby,Wildlife commonly found near water (e.g., frogs, salamander, herons, egrets)",(2) Greater Lake Creek,"Yes, I think they impact flooding in my community",Drought,Often – (At least once a month),Often – (At least once a month),"Blocked or clogged drainage systems,Aging infrastructure (e.g., not in compliance–out of date),Nearby river, creek, or bayou overflowing",,"$5,000 - $10,000","Between ankle and knee level (e.g., above 3 inches, up to 12 inches)","Mental health impact (e.g., anxiety, trauma, stress),Prevented or delayed access to essential services (e.g., health care, groceries, travel, work),Increased cost for repairs or flood proofing (e.g., more expensive flood insurance premiums)",,"Installed flood barriers or sandbags around my property,Requested assistance from local government (e.g., city, county) to improve drainage,Only my landlord can take action to address or reduce flooding at my residence",,"Nature-based detention pond,Permeable pavement,Pocket wetland,Urban forestry,Wetland conservation","Bioswale,Permeable pavement,Rainwater harvesting","Pocket prairie,Pocket wetland","Wetland conservation,Wetland restoration (inland or coastal)",2,3,1,"Yes, it is important","Yes, it is important","Yes, it is important",State of Texas,,Above average trust,"Equity in implementation–areas that need it most may not get first priority,Displacement due to environmental projects (e.g., gentrification or green gentrification),Increased taxes,Maintenance issues",,Very satisfied,"More detailed information about flood preparedness,Better access to emergency resources and assistance,Enhanced coordination with other local organizations/agencies,More targeted outreach to vulnerable populations (e.g., environmental justice communities)",,"Establishing community advisory boards,Providing resources for community action (e.g., participation opportunities, educational programs, technical training),Providing multilingual interpretation services",,I participate in most meetings,Very involved,"West Street Recovery (WSR),Northeast Action Collective (NAC),My local neighborhood association or homeowners association (HOA)",,Instagram Posts,,No,6-10 years,Moderate (50k-<150k),I own my home.,Houston,,
R_5Y5sQs9KPgEB6KS,EN,"Neighborhood beautification,Improved stormwater quality,Recreation (e.g., fishing, bird watching, walking)",,"Aquatic (water) plants (e.g., cattail, dwarf palmettos, bald cypress tree),A creek nearby",(3) Greater Katy Prairie-Pothole Pimple-Mound Complexes,"Yes, I think they impact flooding in my community",Drought,Often – (At least once a month),Often – (At least once a month),"Drains culverts or pipes that are too small (e.g., inadequate stormwater infrastructure size),Nearby river, creek, or bayou overflowing",,"$5,000 - $10,000","Between ankle and knee level (e.g., above 3 inches, up to 12 inches)","Displacement from home (e.g., temporary relocation),Prevented or delayed access to essential services (e.g., health care, groceries, travel, work)",,"Installed flood barriers or sandbags around my property,Requested assistance from local government (e.g., city, county) to improve drainage",,"Nature-based detention pond,Rainwater harvesting","Permeable pavement,Rain garden",Urban forestry,Large park,1,2,3,"Yes, it is important","Yes, it is important","Yes, it is important",Harris County Flood Control District (HCFCD),,Moderate trust,"High installment costs,Maintenance issues",,Very satisfied,"Better access to emergency resources and assistance,Improved use of technology (e.g., apps, websites) for flood risk information",,"Establishing community advisory boards,Compensation for time (e.g., money, gift cards)",,I rarely participate in meetings,Moderately involved,Northeast Action Collective (NAC),,Community bulletin posts,,No,Over 20 years,Moderate (50k-<150k),I own my home.,Baytown,,
R_7izzCYCg09afH7H,EN,"Improved air quality,Improved soil quality,Increased property value",,"Aquatic (water) plants (e.g., cattail, dwarf palmettos, bald cypress tree),A creek nearby,Wildlife commonly found near water (e.g., frogs, salamander, herons, egrets),Consistently-saturated soil",(4) Trans-Brazos Region,"Yes, I think they impact flooding in my community",Drought,Always – (every time it rains),Often – (At least once a month),"Heavy rainfall or storms,Drains culverts or pipes that are too small (e.g., inadequate stormwater infrastructure size),Increased development or urbanization",,"$10,000 - $20,000","Between ankle and knee level (e.g., above 3 inches, up to 12 inches)","Property damage (e.g., vehicle damage, home repairs),Mental health impact (e.g., anxiety, trauma, stress),Prevented or delayed access to essential services (e.g., health care, groceries, travel, work),Interruption of utility services (e.g., power outages, water supply),Increased cost for repairs or flood proofing (e.g., more expensive flood insurance premiums)",,"Raised the foundation of my house,Installed flood barriers or sandbags around my property,Requested assistance from local government (e.g., city, county) to improve drainage,Engaged with local authorities around flooding issues",,"Large park,Pocket prairie,Rainwater harvesting,Urban forestry,Wetland conservation,Wetland restoration (coastal or inland)","Permeable pavement,Rain garden,Rainwater harvesting","Nature-based detention pond,Pocket prairie,Urban forestry","Wetland conservation,Wetland restoration (inland or coastal)",2,1,3,"Yes, it is important","Yes, it is important","Yes, it is important",Gulf Coast Protection District (GCPD),,Above average trust,"Equity in implementation–areas that need it most may not get first priority,High installment costs,Lack of educational resources for the community,Maintenance issues,Space requirements–not enough space",,Extremely satisfied,"More frequent updates on local flood risks,Better access to emergency resources and assistance,Increased opportunities for community feedback,More targeted outreach to vulnerable populations (e.g., environmental justice communities),Improved use of technology (e.g., apps, websites) for flood risk information,Improved translation and accessibility information for non-English speakers",,"Better information sharing (e.g., more frequent announcements, different forms of communication),Establishing community advisory boards,Providing resources for community action (e.g., participation opportunities, educational programs, technical training),Host more regular and diverse community meetings representative of the community,Providing multilingual interpretation services",,I participate in all meetings,Extremely involved,"Bayou City Waterkeeper (BCWK),West Street Recovery (WSR),Coalition for Environment, Equity and Resilience (CEER),My local neighborhood association or homeowners association (HOA)",,Instagram Posts,,No,Over 20 years,Moderate (50k-<150k),I own my home.,Houston,,
R_3703yeZrqMzHWAp,EN,"Improved soil quality,Increased property value,Stress reduction",,"Long-standing water bodies,Aquatic (water) plants (e.g., cattail, dwarf palmettos, bald cypress tree),A creek nearby,Wildlife commonly found near water (e.g., frogs, salamander, herons, egrets)",(2) Greater Lake Creek,"Yes, I think they impact flooding in my community",Drought,Sometimes – (once every 2-6 months),Sometimes – (once every 2-6 months),"Heavy rainfall or storms,Blocked or clogged drainage systems",,"$1,000 - $5,000","Between ankle and knee level (e.g., above 3 inches, up to 12 inches)","Property damage (e.g., vehicle damage, home repairs),Loss of work or income,Displacement from home (e.g., temporary relocation)",,"Installed flood barriers or sandbags around my property,Engaged with local authorities around flooding issues",,"Bioswale,Rainwater harvesting",Rain garden,Nature-based detention pond,Wetland conservation,3,1,2,"Yes, it is important","Yes, it is important","Yes, it is important",Texas Commission on Environmental Quality (TCEQ),,Moderate trust,"Equity in implementation–areas that need it most may not get first priority,Increased taxes",,Slightly satisfied,"More detailed information about flood preparedness,Enhanced coordination with other local organizations/agencies",,"Better information sharing (e.g., more frequent announcements, different forms of communication),Providing resources for community action (e.g., participation opportunities, educational programs, technical training)",,I participate in all meetings,Very involved,"Bayou City Waterkeeper (BCWK),Coalition for Environment, Equity and Resilience (CEER)",,Newspaper articles/Flyers,,No,1-5 years,Moderate (50k-<150k),I rent my home.,Baytown,,
R_1goLZ6AKreUgsSD,EN,"Improved air quality,Improved soil quality,Increased property value",,"Long-standing water bodies,Aquatic (water) plants (e.g., cattail, dwarf palmettos, bald cypress tree),A drainage ditch nearby,Consistently-saturated soil",(4) Trans-Brazos Region,"Yes, I think they impact flooding in my community",Drought,Often – (At least once a month),Often – (At least once a month),"Heavy rainfall or storms,Drains culverts or pipes that are too small (e.g., inadequate stormwater infrastructure size),Aging infrastructure (e.g., not in compliance–out of date)",,"$5,000 - $10,000","Above the knee (e.g., over 12 inches)","Property damage (e.g., vehicle damage, home repairs),Mental health impact (e.g., anxiety, trauma, stress),Prevented or delayed access to essential services (e.g., health care, groceries, travel, work),Interruption of utility services (e.g., power outages, water supply)",,"Raised the foundation of my house,Installed flood barriers or sandbags around my property,Engaged with local authorities around flooding issues",,"Nature-based detention pond,Permeable pavement,Pocket prairie","Bioswale,Permeable pavement","Nature-based detention pond,Pocket wetland,Urban forestry","Large park,Wetland restoration (inland or coastal)",2,1,3,"Yes, it is important","Yes, it is important","Yes, it is important",Harris County Flood Control District (HCFCD),,Moderate trust,"Equity in implementation–areas that need it most may not get first priority,Displacement due to environmental projects (e.g., gentrification or green gentrification),High installment costs,Maintenance issues",,Very satisfied,"More frequent updates on local flood risks,More detailed information about flood preparedness,Better access to emergency resources and assistance,Improved use of technology (e.g., apps, websites) for flood risk information,Improved translation and accessibility information for non-English speakers",,"Better information sharing (e.g., more frequent announcements, different forms of communication),Establishing community advisory boards,Providing resources for community action (e.g., participation opportunities, educational programs, technical training),Host more regular and diverse community meetings representative of the community",,I participate in all meetings,Very involved,"Bayou City Waterkeeper (BCWK),West Street Recovery (WSR),Northeast Action Collective (NAC)",,Instagram Posts,,No,11-20 years,Moderate (50k-<150k),I own my home.,Houston,,
R_31dOjfbrZ3QUwSL,EN,"Neighborhood beautification,Improved air quality,Increased property value",,"Aquatic (water) plants (e.g., cattail, dwarf palmettos, bald cypress tree),A drainage ditch nearby,Wildlife commonly found near water (e.g., frogs, salamander, herons, egrets)",(1) Lake Houston Flatwood Wetlands,"Yes, I think they impact flooding in my community",Drought,Often – (At least once a month),Often – (At least once a month),"Heavy rainfall or storms,Drains culverts or pipes that are too small (e.g., inadequate stormwater infrastructure size)",,"$5,000 - $10,000","Between ankle and knee level (e.g., above 3 inches, up to 12 inches)","Property damage (e.g., vehicle damage, home repairs),Mental health impact (e.g., anxiety, trauma, stress),Prevented or delayed access to essential services (e.g., health care, groceries, travel, work),Increased cost for repairs or flood proofing (e.g., more expensive flood insurance premiums)",,"Raised the foundation of my house,Installed flood barriers or sandbags around my property,Requested assistance from local government (e.g., city, county) to improve drainage",,"Bioswale,Nature-based detention pond,Permeable pavement,Pocket wetland,Urban forestry","Bioswale,Permeable pavement,Rainwater harvesting","Nature-based detention pond,Pocket prairie","Large park,Wetland restoration (inland or coastal)",1,2,3,"Yes, it is important","Yes, it is important","Yes, it is important",Gulf Coast Protection District (GCPD),,Moderate trust,"Equity in implementation–areas that need it most may not get first priority,Increased taxes,Maintenance issues",,Very satisfied,"More detailed information about flood preparedness,Increased opportunities for community feedback,More targeted outreach to vulnerable populations (e.g., environmental justice communities),Improved use of technology (e.g., apps, websites) for flood risk information",,"Better information sharing (e.g., more frequent announcements, different forms of communication),Involving local schools and community groups,Compensation for time (e.g., money, gift cards)",,I participate in most meetings,Moderately involved,"Bayou City Waterkeeper (BCWK),West Street Recovery (WSR),Coalition for Environment, Equity and Resilience (CEER)",,Instagram Posts,,No,Over 20 years,High (≥150k),I own my home.,Baytown,,
R_3tX1F9kaboCLOxz,EN,"Neighborhood beautification,Improved air quality,Improved stormwater quality",,"Long-standing water bodies,Aquatic (water) plants (e.g., cattail, dwarf palmettos, bald cypress tree),A drainage ditch nearby",(2) Greater Lake Creek,"Yes, I think they impact flooding in my community",Drought,Often – (At least once a month),Often – (At least once a month),"Heavy rainfall or storms,Blocked or clogged drainage systems,Drains culverts or pipes that are too small (e.g., inadequate stormwater infrastructure size)",,"$5,000 - $10,000","Between ankle and knee level (e.g., above 3 inches, up to 12 inches)","Property damage (e.g., vehicle damage, home repairs),Displacement from home (e.g., temporary relocation),Prevented or delayed access to essential services (e.g., health care, groceries, travel, work)",,"Installed flood barriers or sandbags around my property,Requested assistance from local government (e.g., city, county) to improve drainage,Engaged with local authorities around flooding issues",,"Large park,Pocket wetland,Rain garden","Permeable pavement,Rain garden",Urban forestry,Large park,1,2,3,"Yes, it is important","Yes, it is important","Yes, it is important","City of Houston, and other Municipalities (Municipal Utility District MUDs)",,Extreme trust,"Attracting unwanted pests,Equity in implementation–areas that need it most may not get first priority,Displacement due to environmental projects (e.g., gentrification or green gentrification)",,Very satisfied,"Better access to emergency resources and assistance,Increased opportunities for community feedback,Enhanced coordination with other local organizations/agencies",,"Better information sharing (e.g., more frequent announcements, different forms of communication),Establishing community advisory boards,Involving local schools and community groups",,I participate in most meetings,Very involved,Bayou City Waterkeeper (BCWK),,Facebook Posts,,Yes,6-10 years,Moderate (50k-<150k),I own my home.,Houston,,
R_72KcCM36TnQTTKy,EN,"Neighborhood beautification,Improved air quality,Stress reduction",,"Long-standing water bodies,Aquatic (water) plants (e.g., cattail, dwarf palmettos, bald cypress tree),A creek nearby,Consistently-saturated soil",(2) Greater Lake Creek,"Yes, I think they impact flooding in my community",Drought,Often – (At least once a month),Often – (At least once a month),"Heavy rainfall or storms,Drains culverts or pipes that are too small (e.g., inadequate stormwater infrastructure size),Aging infrastructure (e.g., not in compliance–out of date)",,"$5,000 - $10,000","Less than or at ankle level (e.g., under 3 inches)","Loss of work or income,Prevented or delayed access to essential services (e.g., health care, groceries, travel, work),Interruption of utility services (e.g., power outages, water supply)",,"Installed flood barriers or sandbags around my property,Engaged with local authorities around flooding issues,Only my landlord can take action to address or reduce flooding at my residence",,"Bioswale,Pocket prairie,Rain garden,Urban forestry,Wetland conservation",Permeable pavement,"Pocket prairie,Pocket wetland",Large park,1,3,2,"Yes, it is important","Yes, it is important","No, it is not important",Texas Commission on Environmental Quality (TCEQ),,Above average trust,"Equity in implementation–areas that need it most may not get first priority,Lack of educational resources for the community,Not fitting into community look/aesthetic",,Moderately satisfied,"Better access to emergency resources and assistance,Enhanced coordination with other local organizations/agencies,More targeted outreach to vulnerable populations (e.g., environmental justice communities)",,"Providing resources for community action (e.g., participation opportunities, educational programs, technical training),Host more regular and diverse community meetings representative of the community",,I participate in most meetings,Somewhat involved,"West Street Recovery (WSR),Northeast Action Collective (NAC)",,Instagram Posts,,No,1-5 years,Low (<50k),I own my home.,Baytown,,
R_6Q4OFLhc6S5ANuL,EN,"Neighborhood beautification,Improved air quality,Recreation (e.g., fishing, bird watching, walking)",,"Long-standing water bodies,A drainage ditch nearby,Consistently-saturated soil",(5) Anahuac Coastal Marsh and Prairies,"Yes, I think they impact flooding in my community",Drought,Often – (At least once a month),Often – (At least once a month),"Heavy rainfall or storms,Drains culverts or pipes that are too small (e.g., inadequate stormwater infrastructure size),Increased development or urbanization",,"More than $20,000","Above the knee (e.g., over 12 inches)","Property damage (e.g., vehicle damage, home repairs),Displacement from home (e.g., temporary relocation),Prevented or delayed access to essential services (e.g., health care, groceries, travel, work)",,"Installed flood barriers or sandbags around my property,Engaged with local authorities around flooding issues",,"Rain garden,Rainwater harvesting,Wetland conservation","Bioswale,Rain garden",Pocket wetland,Wetland conservation,2,1,3,"Yes, it is important","Yes, it is important","Yes, it is important",State of Texas,,Extreme trust,"Attracting unwanted pests,Displacement due to environmental projects (e.g., gentrification or green gentrification),Maintenance issues",,Extremely satisfied,"More frequent updates on local flood risks,Increased opportunities for community feedback",,"Establishing community advisory boards,Compensation for time (e.g., money, gift cards)",,I occasionally participate in meetings,Extremely involved,"Bayou City Waterkeeper (BCWK),West Street Recovery (WSR),Northeast Action Collective (NAC)",,Phone Calls,,No,6-10 years,Moderate (50k-<150k),I own my home.,Houston,,
R_3JWylVA4nPgEV2P,EN,"Neighborhood beautification,Recreation (e.g., fishing, bird watching, walking),Stress reduction",,"Long-standing water bodies,Aquatic (water) plants (e.g., cattail, dwarf palmettos, bald cypress tree),Wildlife commonly found near water (e.g., frogs, salamander, herons, egrets),Consistently-saturated soil",(1) Lake Houston Flatwood Wetlands,I do not know,Drought,Rarely – (once a year or less),Never,"Heavy rainfall or storms,Blocked or clogged drainage systems,Drains culverts or pipes that are too small (e.g., inadequate stormwater infrastructure size)",,$0 - I haven't spent any money on flood-related repairs,"Not applicable (e.g., no experiences with flooding)",I have not experienced any of these events,,I have not taken any measures to address or reduce flooding,,"Large park,Pocket wetland,Wetland conservation",Rainwater harvesting,"Nature-based detention pond,Pocket wetland","Large park,Wetland conservation",1,2,3,"Yes, it is important","Yes, it is important","Yes, it is important","City of Houston, and other Municipalities (Municipal Utility District MUDs)",,Above average trust,"Attracting unwanted pests,Increased taxes,Maintenance issues",,Moderately satisfied,"More detailed information about flood preparedness,Increased opportunities for community feedback",,"Establishing community advisory boards,Providing resources for community action (e.g., participation opportunities, educational programs, technical training),Host more regular and diverse community meetings representative of the community",,I participate in most meetings,Not at all involved,I am not part of any organizations focused on drainage and flooding issues.,,Newspaper articles/Flyers,,No,1-5 years,Low (<50k),I own my home.,Baytown,,
R_3f9k05zsHVj3q8f,EN,"Neighborhood beautification,Improved stormwater quality,Increased property value",,"Long-standing water bodies,A drainage ditch nearby",(4) Trans-Brazos Region,I do not know,Drought,Sometimes – (once every 2-6 months),Sometimes – (once every 2-6 months),"Heavy rainfall or storms,Blocked or clogged drainage systems,Aging infrastructure (e.g., not in compliance–out of date)",,$0 - I haven't spent any money on flood-related repairs,"Less than or at ankle level (e.g., under 3 inches)","Interruption of utility services (e.g., power outages, water supply)",,Only my landlord can take action to address or reduce flooding at my residence,,I have not seen any of the GSI examples in my community.,Rain garden,Urban forestry,Large park,2,3,1,I don’t know,"Yes, it is important","Yes, it is important",I do not know,,Above average trust,"High installment costs,Increased taxes",,Moderately satisfied,"More frequent updates on local flood risks,Better access to emergency resources and assistance,Enhanced coordination with other local organizations/agencies",,"Establishing community advisory boards,Providing resources for community action (e.g., participation opportunities, educational programs, technical training),Compensation for time (e.g., money, gift cards),Host more regular and diverse community meetings representative of the community,Providing child care",,I occasionally participate in meetings,Not at all involved,I am not part of any organizations focused on drainage and flooding issues.,,Phone Calls,,No,1-5 years,Low (<50k),I rent my home.,Houston,,
R_5DAW8aAkvy2nNSc,EN,"Neighborhood beautification,Improved stormwater quality,Improved soil quality",,"Aquatic (water) plants (e.g., cattail, dwarf palmettos, bald cypress tree),A drainage ditch nearby,Wildlife commonly found near water (e.g., frogs, salamander, herons, egrets)",(3) Greater Katy Prairie-Pothole Pimple-Mound Complexes,"Yes, I think they impact flooding in my community",Drought,Always – (every time it rains),Always – (every time it rains),"Blocked or clogged drainage systems,Drains culverts or pipes that are too small (e.g., inadequate stormwater infrastructure size),Aging infrastructure (e.g., not in compliance–out of date)",,"$5,000 - $10,000","Above the knee (e.g., over 12 inches)","Property damage (e.g., vehicle damage, home repairs),Mental health impact (e.g., anxiety, trauma, stress),Displacement from home (e.g., temporary relocation)",,"Installed flood barriers or sandbags around my property,Requested assistance from local government (e.g., city, county) to improve drainage,Only my landlord can take action to address or reduce flooding at my residence",,"Pocket prairie,Rain garden,Rainwater harvesting","Permeable pavement,Rain garden,Rainwater harvesting",Urban forestry,Wetland conservation,2,1,3,"Yes, it is important","Yes, it is important","Yes, it is important",State of Texas,,Extreme trust,"High installment costs,Lack of educational resources for the community,Maintenance issues",,Extremely satisfied,"Better access to emergency resources and assistance,Enhanced coordination with other local organizations/agencies,More targeted outreach to vulnerable populations (e.g., environmental justice communities)",,"Establishing community advisory boards,Providing resources for community action (e.g., participation opportunities, educational programs, technical training),Compensation for time (e.g., money, gift cards)",,I participate in all meetings,Extremely involved,Northeast Action Collective (NAC),,Community bulletin posts,,No,1-5 years,Moderate (50k-<150k),I own my home.,Houston,,
R_5dMAzIOMaZjLWtJ,EN,"Neighborhood beautification,Improved air quality,Increased property value",,"Long-standing water bodies,A creek nearby,Wildlife commonly found near water (e.g., frogs, salamander, herons, egrets)",(1) Lake Houston Flatwood Wetlands,"Yes, I think they impact flooding in my community",Drought,Often – (At least once a month),Sometimes – (once every 2-6 months),"Heavy rainfall or storms,Blocked or clogged drainage systems,Nearby river, creek, or bayou overflowing",,"$5,000 - $10,000","Less than or at ankle level (e.g., under 3 inches)","Property damage (e.g., vehicle damage, home repairs)",,Installed flood barriers or sandbags around my property,,"Nature-based detention pond,Large park,Rain garden,Wetland conservation",Rain garden,Pocket wetland,Large park,3,2,1,"Yes, it is important","Yes, it is important","Yes, it is important","City of Houston, and other Municipalities (Municipal Utility District MUDs)",,Extreme trust,"Attracting unwanted pests,Maintenance issues",,Extremely satisfied,"Enhanced coordination with other local organizations/agencies,More targeted outreach to vulnerable populations (e.g., environmental justice communities)",,"Establishing community advisory boards,Involving local schools and community groups,Providing resources for community action (e.g., participation opportunities, educational programs, technical training)",,I occasionally participate in meetings,Very involved,My local neighborhood association or homeowners association (HOA),,Facebook Posts,,No,6-10 years,Moderate (50k-<150k),I own my home.,Houston,,
R_7R2C4biBoU4lNTH,EN,"Neighborhood beautification,Improved air quality,Recreation (e.g., fishing, bird watching, walking)",,"Aquatic (water) plants (e.g., cattail, dwarf palmettos, bald cypress tree),A drainage ditch nearby,A creek nearby,Wildlife commonly found near water (e.g., frogs, salamander, herons, egrets),Consistently-saturated soil",(2) Greater Lake Creek,"Yes, I think they impact flooding in my community",Drought,Always – (every time it rains),Always – (every time it rains),"Heavy rainfall or storms,Increased development or urbanization",,"$5,000 - $10,000","Between ankle and knee level (e.g., above 3 inches, up to 12 inches)","Mental health impact (e.g., anxiety, trauma, stress),Displacement from home (e.g., temporary relocation),Interruption of utility services (e.g., power outages, water supply)",,"Installed flood barriers or sandbags around my property,Requested assistance from local government (e.g., city, county) to improve drainage,Engaged with local authorities around flooding issues",,"Nature-based detention pond,Large park",Permeable pavement,"Pocket prairie,Pocket wetland",Wetland conservation,3,1,2,"Yes, it is important","Yes, it is important","Yes, it is important",Gulf Coast Protection District (GCPD),,Above average trust,High installment costs,,Very satisfied,"Better access to emergency resources and assistance,Increased opportunities for community feedback",,"Establishing community advisory boards,Providing resources for community action (e.g., participation opportunities, educational programs, technical training)",,I rarely participate in meetings,Moderately involved,West Street Recovery (WSR),,Facebook Posts,,Yes,6-10 years,Moderate (50k-<150k),I own my home.,Baytown,,
R_7MgSKaI9ZHoZids,EN,"Improved air quality,Improved soil quality,Increased property value",,"Aquatic (water) plants (e.g., cattail, dwarf palmettos, bald cypress tree),Wildlife commonly found near water (e.g., frogs, salamander, herons, egrets),Consistently-saturated soil",(2) Greater Lake Creek,"Yes, I think they impact flooding in my community",Drought,Often – (At least once a month),Often – (At least once a month),"Heavy rainfall or storms,Drains culverts or pipes that are too small (e.g., inadequate stormwater infrastructure size),Nearby river, creek, or bayou overflowing",,"$5,000 - $10,000","Between ankle and knee level (e.g., above 3 inches, up to 12 inches)","Property damage (e.g., vehicle damage, home repairs),Mental health impact (e.g., anxiety, trauma, stress),Prevented or delayed access to essential services (e.g., health care, groceries, travel, work)",,"Installed flood barriers or sandbags around my property,Requested assistance from local government (e.g., city, county) to improve drainage,Engaged with local authorities around flooding issues",,"Nature-based detention pond,Pocket prairie,Rain garden,Wetland restoration (coastal or inland)","Bioswale,Rain garden,Rainwater harvesting","Nature-based detention pond,Pocket wetland,Urban forestry","Wetland conservation,Wetland restoration (inland or coastal)",3,1,2,"Yes, it is important","Yes, it is important","Yes, it is important",State of Texas,,Above average trust,"Equity in implementation–areas that need it most may not get first priority,High installment costs,Maintenance issues",,Very satisfied,"More frequent updates on local flood risks,Better access to emergency resources and assistance,More targeted outreach to vulnerable populations (e.g., environmental justice communities)",,"Better information sharing (e.g., more frequent announcements, different forms of communication),Providing resources for community action (e.g., participation opportunities, educational programs, technical training),Host more regular and diverse community meetings representative of the community",,I participate in most meetings,Very involved,"West Street Recovery (WSR),Northeast Action Collective (NAC)",,Community bulletin posts,,No,11-20 years,Moderate (50k-<150k),I own my home.,Houston,,
R_7EMwStXjsRz60it,EN,"Neighborhood beautification,Improved air quality,Improved stormwater quality",,"Long-standing water bodies,Aquatic (water) plants (e.g., cattail, dwarf palmettos, bald cypress tree),A drainage ditch nearby",(3) Greater Katy Prairie-Pothole Pimple-Mound Complexes,"No, I do not think they impact flooding in my community",Drought,Sometimes – (once every 2-6 months),Often – (At least once a month),"Heavy rainfall or storms,Blocked or clogged drainage systems,Drains culverts or pipes that are too small (e.g., inadequate stormwater infrastructure size)",,$0 - I haven't spent any money on flood-related repairs,"Less than or at ankle level (e.g., under 3 inches)",I have not experienced any of these events,,I have not taken any measures to address or reduce flooding,,"Nature-based detention pond,Large park,Permeable pavement",Rainwater harvesting,Urban forestry,Wetland restoration (inland or coastal),1,2,3,"Yes, it is important","Yes, it is important","Yes, it is important",Houston Galveston Area Council (HGAC),,Moderate trust,"High installment costs,Increased taxes",,Slightly satisfied,"More frequent updates on local flood risks,More detailed information about flood preparedness,Better access to emergency resources and assistance",,"Better information sharing (e.g., more frequent announcements, different forms of communication),Establishing community advisory boards,Involving local schools and community groups",,I participate in all meetings,Somewhat involved,"Bayou City Waterkeeper (BCWK),West Street Recovery (WSR),Coalition for Environment, Equity and Resilience (CEER)",,Facebook Posts,,No,Over 20 years,Low (<50k),I rent my home.,Houston,,
R_7ldBDL5U0vWdpjX,EN,"Improved air quality,Improved stormwater quality,Improved soil quality",,"Aquatic (water) plants (e.g., cattail, dwarf palmettos, bald cypress tree),Wildlife commonly found near water (e.g., frogs, salamander, herons, egrets),Consistently-saturated soil",(2) Greater Lake Creek,"Yes, I think they impact flooding in my community",Drought,Always – (every time it rains),Often – (At least once a month),"Heavy rainfall or storms,Drains culverts or pipes that are too small (e.g., inadequate stormwater infrastructure size),Increased development or urbanization",,"$5,000 - $10,000","Above the knee (e.g., over 12 inches)","Property damage (e.g., vehicle damage, home repairs),Displacement from home (e.g., temporary relocation),Prevented or delayed access to essential services (e.g., health care, groceries, travel, work)",,"Raised the foundation of my house,Requested assistance from local government (e.g., city, county) to improve drainage",,"Pocket prairie,Urban forestry",Bioswale,Pocket prairie,Wetland conservation,2,1,3,"Yes, it is important","Yes, it is important","Yes, it is important",Gulf Coast Protection District (GCPD),,Moderate trust,"Equity in implementation–areas that need it most may not get first priority,High installment costs,Lack of educational resources for the community,Not fitting into community look/aesthetic",,Very satisfied,"More detailed information about flood preparedness,Increased opportunities for community feedback,Improved use of technology (e.g., apps, websites) for flood risk information",,"Establishing community advisory boards,Providing resources for community action (e.g., participation opportunities, educational programs, technical training),Compensation for time (e.g., money, gift cards)",,I participate in all meetings,Very involved,"Coalition for Environment, Equity and Resilience (CEER),Northeast Action Collective (NAC)",,Instagram Posts,,No,11-20 years,Moderate (50k-<150k),I own my home.,Houston,,
R_6IOwyac8nG3MyfT,ES-ES,"Neighborhood beautification,Improved soil quality,Stress reduction",,A drainage ditch nearby,(3) Greater Katy Prairie-Pothole Pimple-Mound Complexes,"Yes, I think they impact flooding in my community",Drought,Rarely – (once a year or less),Never,Heavy rainfall or storms,,$0 - I haven't spent any money on flood-related repairs,"Not applicable (e.g., no experiences with flooding)",I have not experienced any of these events,,"Not applicable (e.g., flooding has not affected my residence)",,I have not seen any of the GSI examples in my community.,I prefer not to implement small-scale GSI in my community,I prefer not to implement mid-scale GSI in my community,I prefer not to implement large-scale GSI in my community,1,2,3,I don’t know,"Yes, it is important","Yes, it is important",I do not know,,Moderate trust,There are no concerns,,Moderately satisfied,More detailed information about flood preparedness,,"Better information sharing (e.g., more frequent announcements, different forms of communication)",,There are no meetings available related to this topic,Not at all involved,I am not part of any organizations focused on drainage and flooding issues.,,Community bulletin posts,,Yes,1-5 years,Moderate (50k-<150k),I rent my home.,Houston,,
R_52F9GX3Hte3SWrs,EN,"Improved air quality,Improved soil quality,Increased property value",,"Long-standing water bodies,A drainage ditch nearby,Wildlife commonly found near water (e.g., frogs, salamander, herons, egrets)",(5) Anahuac Coastal Marsh and Prairies,"Yes, I think they impact flooding in my community",Drought,Sometimes – (once every 2-6 months),Sometimes – (once every 2-6 months),"Heavy rainfall or storms,Aging infrastructure (e.g., not in compliance–out of date),Increased development or urbanization",,"$10,000 - $20,000","Between ankle and knee level (e.g., above 3 inches, up to 12 inches)","Property damage (e.g., vehicle damage, home repairs),Loss of work or income,Mental health impact (e.g., anxiety, trauma, stress),Prevented or delayed access to essential services (e.g., health care, groceries, travel, work),Interruption of utility services (e.g., power outages, water supply),Increased cost for repairs or flood proofing (e.g., more expensive flood insurance premiums)",,"Raised the foundation of my house,Installed flood barriers or sandbags around my property,Engaged with local authorities around flooding issues",,"Nature-based detention pond,Large park,Permeable pavement,Pocket prairie,Pocket wetland,Urban forestry","Bioswale,Permeable pavement,Rain garden","Nature-based detention pond,Urban forestry","Wetland conservation,Wetland restoration (inland or coastal)",2,3,1,"Yes, it is important","Yes, it is important","Yes, it is important",Houston Galveston Area Council (HGAC),,Extreme trust,"Attracting unwanted pests,Equity in implementation–areas that need it most may not get first priority,Increased taxes,Maintenance issues",,Extremely satisfied,"More frequent updates on local flood risks,More detailed information about flood preparedness,Enhanced coordination with other local organizations/agencies,More targeted outreach to vulnerable populations (e.g., environmental justice communities),Improved use of technology (e.g., apps, websites) for flood risk information",,"Better information sharing (e.g., more frequent announcements, different forms of communication),Host more regular and diverse community meetings representative of the community",,I participate in most meetings,Extremely involved,"Bayou City Waterkeeper (BCWK),West Street Recovery (WSR),My local neighborhood association or homeowners association (HOA)",,Facebook Posts,,No,Over 20 years,Moderate (50k-<150k),I own my home.,Houston,,
R_71hAYvKF4bs9cYp,EN,I do not know,,I do not know,I am not sure which critical wetland is located upstream of me.,I do not know,Drought,Sometimes – (once every 2-6 months),Never,Heavy rainfall or storms,,$0 - I haven't spent any money on flood-related repairs,"Not applicable (e.g., no experiences with flooding)",I have not experienced any of these events,,"Not applicable (e.g., flooding has not affected my residence)",,I have not seen any of the GSI examples in my community.,I prefer not to implement small-scale GSI in my community,I prefer not to implement mid-scale GSI in my community,I prefer not to implement large-scale GSI in my community,1,2,3,"Yes, it is important","Yes, it is important","Yes, it is important",I do not know,,Moderate trust,There are no concerns,,Not at all satisfied,"More detailed information about flood preparedness,Better access to emergency resources and assistance,More targeted outreach to vulnerable populations (e.g., environmental justice communities)",,"Establishing community advisory boards,Providing multilingual interpretation services",,There are no meetings available related to this topic,Not at all involved,I am not part of any organizations focused on drainage and flooding issues.,,Community bulletin posts,,Yes,1-5 years,Moderate (50k-<150k),I rent my home.,Houston,,
R_5LFzuRsFV8lQGyZ,EN,"Neighborhood beautification,Improved stormwater quality,Stress reduction",,"Long-standing water bodies,Aquatic (water) plants (e.g., cattail, dwarf palmettos, bald cypress tree),A drainage ditch nearby,A creek nearby,Wildlife commonly found near water (e.g., frogs, salamander, herons, egrets)",(1) Lake Houston Flatwood Wetlands,"No, I do not think they impact flooding in my community",Drought,Never,Never,"Heavy rainfall or storms,Blocked or clogged drainage systems,Drains culverts or pipes that are too small (e.g., inadequate stormwater infrastructure size)",,$0 - I haven't spent any money on flood-related repairs,"Less than or at ankle level (e.g., under 3 inches)",I have not experienced any of these events,,I have not taken any measures to address or reduce flooding,,"Bioswale,Nature-based detention pond,Large park,Permeable pavement,Wetland conservation,Wetland restoration (coastal or inland)",Permeable pavement,Nature-based detention pond,Large park,3,2,1,"Yes, it is important","Yes, it is important","Yes, it is important","City of Houston, and other Municipalities (Municipal Utility District MUDs)",,Extreme trust,"Attracting unwanted pests,Increased taxes,Maintenance issues",,Very satisfied,"More frequent updates on local flood risks,More detailed information about flood preparedness,Better access to emergency resources and assistance,Increased opportunities for community feedback",,"Involving local schools and community groups,Compensation for time (e.g., money, gift cards),Host more regular and diverse community meetings representative of the community",,I rarely participate in meetings,Somewhat involved,My local neighborhood association or homeowners association (HOA),,Instagram Posts,,No,6-10 years,Low (<50k),I own my home.,Houston,,
R_3qCIDeSLtQWP4VP,EN,"Neighborhood beautification,Recreation (e.g., fishing, bird watching, walking),Stress reduction",,"Long-standing water bodies,A drainage ditch nearby,A creek nearby,Wildlife commonly found near water (e.g., frogs, salamander, herons, egrets)",(3) Greater Katy Prairie-Pothole Pimple-Mound Complexes,"Yes, I think they impact flooding in my community",Drought,Never,Never,"Not applicable (e.g., my neighborhood does not flood)",,$0 - I haven't spent any money on flood-related repairs,"Not applicable (e.g., no experiences with flooding)",I have not experienced any of these events,,"Not applicable (e.g., flooding has not affected my residence)",,Nature-based detention pond,I prefer not to implement small-scale GSI in my community,I prefer not to implement mid-scale GSI in my community,I prefer not to implement large-scale GSI in my community,1,2,3,"Yes, it is important","Yes, it is important","Yes, it is important",US Army Corps of Engineers (USACE),,Slight trust,"Increased taxes,Maintenance issues",,There is no information available,"More frequent updates on local flood risks,More detailed information about flood preparedness,Better access to emergency resources and assistance,Improved use of technology (e.g., apps, websites) for flood risk information",,"Better information sharing (e.g., more frequent announcements, different forms of communication)",,"I never participate in meetings, although they are available",Not at all involved,I am not part of any organizations focused on drainage and flooding issues.,,Newspaper articles/Flyers,,No,1-5 years,Moderate (50k-<150k),I rent my home.,Houston,,
R_11dorDCXtzUgdh1,EN,Improved air quality,,"Wildlife commonly found near water (e.g., frogs, salamander, herons, egrets)",(1) Lake Houston Flatwood Wetlands,"No, I do not think they impact flooding in my community",Drought,Sometimes – (once every 2-6 months),Rarely – (once a year or less),"Heavy rainfall or storms,Drains culverts or pipes that are too small (e.g., inadequate stormwater infrastructure size),Aging infrastructure (e.g., not in compliance–out of date)",,Less than $500,"Less than or at ankle level (e.g., under 3 inches)","Property damage (e.g., vehicle damage, home repairs)",,I have not taken any measures to address or reduce flooding,,Large park,I prefer not to implement small-scale GSI in my community,I prefer not to implement mid-scale GSI in my community,I prefer not to implement large-scale GSI in my community,1,3,2,"Yes, it is important","Yes, it is important","Yes, it is important",State of Texas,,Moderate trust,Increased taxes,,Moderately satisfied,"More detailed information about flood preparedness,Better access to emergency resources and assistance,More targeted outreach to vulnerable populations (e.g., environmental justice communities)",,"Compensation for time (e.g., money, gift cards)",,There are no meetings available related to this topic,Not at all involved,I am not part of any organizations focused on drainage and flooding issues.,,Facebook Posts,,No,Over 20 years,Low (<50k),I own my home.,Houston,,
R_7dzIT51X44BjOpl,EN,I do not know,,I do not know,I am not sure which critical wetland is located upstream of me.,I do not know,Drought,Rarely – (once a year or less),Rarely – (once a year or less),"Not applicable (e.g., my neighborhood does not flood)",,$0 - I haven't spent any money on flood-related repairs,"Not applicable (e.g., no experiences with flooding)",I have not experienced any of these events,,I have not taken any measures to address or reduce flooding,,I have not seen any of the GSI examples in my community.,I prefer not to implement small-scale GSI in my community,I prefer not to implement mid-scale GSI in my community,I prefer not to implement large-scale GSI in my community,2,3,1,"No, it is not important","No, it is not important","No, it is not important","City of Houston, and other Municipalities (Municipal Utility District MUDs)",,No trust,There are no concerns,,There is no information available,Improved translation and accessibility information for non-English speakers,,"Better information sharing (e.g., more frequent announcements, different forms of communication)",,There are no meetings available related to this topic,Very involved,I am not part of any organizations focused on drainage and flooding issues.,,Word of mouth,,No,1-5 years,Low (<50k),I rent my home.,Houston,,
R_62PyDS1dKjQmYvq,EN,Increased property value,,"Long-standing water bodies,Aquatic (water) plants (e.g., cattail, dwarf palmettos, bald cypress tree)",(1) Lake Houston Flatwood Wetlands,"Yes, I think they impact flooding in my community",Drought,Sometimes – (once every 2-6 months),Often – (At least once a month),"Not applicable (e.g., my neighborhood does not flood)",,"$10,000 - $20,000","Above the knee (e.g., over 12 inches)","Mental health impact (e.g., anxiety, trauma, stress),Interruption of utility services (e.g., power outages, water supply)",,Installed flood barriers or sandbags around my property,,Bioswale,Rain garden,Urban forestry,Large park,1,2,3,"Yes, it is important",I don’t know,"No, it is not important",Harris County Flood Control District (HCFCD),,Moderate trust,Increased taxes,,Very satisfied,Increased opportunities for community feedback,,"Providing resources for community action (e.g., participation opportunities, educational programs, technical training)",,I occasionally participate in meetings,Very involved,"Coalition for Environment, Equity and Resilience (CEER)",,Phone Calls,,No,Over 20 years,Moderate (50k-<150k),I own my home.,Houston,,
R_1oLc01u1z0SA8c9,EN,"Improved air quality,Improved stormwater quality,Improved soil quality",,"Long-standing water bodies,Aquatic (water) plants (e.g., cattail, dwarf palmettos, bald cypress tree),A creek nearby,Wildlife commonly found near water (e.g., frogs, salamander, herons, egrets),Consistently-saturated soil",(1) Lake Houston Flatwood Wetlands,"Yes, I think they impact flooding in my community",Drought,Rarely – (once a year or less),Never,"Heavy rainfall or storms,Increased development or urbanization,Nearby river, creek, or bayou overflowing",,$0 - I haven't spent any money on flood-related repairs,"Not applicable (e.g., no experiences with flooding)",I have not experienced any of these events,,Only my landlord can take action to address or reduce flooding at my residence,,Large park,Rainwater harvesting,Nature-based detention pond,"Large park,Wetland conservation,Wetland restoration (inland or coastal)",3,2,1,"Yes, it is important","Yes, it is important","Yes, it is important",United States Environmental Protection Agency (US EPA),,Moderate trust,"Attracting unwanted pests,Displacement due to environmental projects (e.g., gentrification or green gentrification),High installment costs,Increased taxes,Maintenance issues,Space requirements–not enough space",,Moderately satisfied,"More frequent updates on local flood risks,Better access to emergency resources and assistance,More targeted outreach to vulnerable populations (e.g., environmental justice communities)",,"Better information sharing (e.g., more frequent announcements, different forms of communication),Providing resources for community action (e.g., participation opportunities, educational programs, technical training),Host more regular and diverse community meetings representative of the community",,"I never participate in meetings, although they are available",Not at all involved,I am not part of any organizations focused on drainage and flooding issues.,,Other:, Citywide text messages ,No,11-20 years,Moderate (50k-<150k),I rent my home.,Houston,,
R_5Cxka0TaYjLKOCb,EN,"Improved stormwater quality,Improved soil quality,Increased property value",,"Long-standing water bodies,A drainage ditch nearby,Wildlife commonly found near water (e.g., frogs, salamander, herons, egrets)",(1) Lake Houston Flatwood Wetlands,"No, I do not think they impact flooding in my community",Drought,Often – (At least once a month),Always – (every time it rains),"Drains culverts or pipes that are too small (e.g., inadequate stormwater infrastructure size),Aging infrastructure (e.g., not in compliance–out of date)",,"$10,000 - $20,000","Above the knee (e.g., over 12 inches)","Loss of work or income,Mental health impact (e.g., anxiety, trauma, stress),Displacement from home (e.g., temporary relocation)",,"Raised the foundation of my house,Installed flood barriers or sandbags around my property,Requested assistance from local government (e.g., city, county) to improve drainage",,"Large park,Permeable pavement,Pocket wetland","Bioswale,Permeable pavement","Nature-based detention pond,Pocket prairie","Large park,Wetland conservation",1,2,3,"Yes, it is important","No, it is not important","Yes, it is important",Gulf Coast Protection District (GCPD),,Above average trust,"Increased taxes,Lack of educational resources for the community,Maintenance issues",,Very satisfied,"Better access to emergency resources and assistance,Enhanced coordination with other local organizations/agencies,Improved use of technology (e.g., apps, websites) for flood risk information",,"Better information sharing (e.g., more frequent announcements, different forms of communication),Establishing community advisory boards,Providing resources for community action (e.g., participation opportunities, educational programs, technical training)",,I occasionally participate in meetings,Very involved,"West Street Recovery (WSR),Coalition for Environment, Equity and Resilience (CEER)",,Community bulletin posts,,No,6-10 years,Moderate (50k-<150k),I own my home.,Houston,,
R_6xO57Czxxep2WWt,EN,"Neighborhood beautification,Improved air quality,Recreation (e.g., fishing, bird watching, walking)",,"Long-standing water bodies,Aquatic (water) plants (e.g., cattail, dwarf palmettos, bald cypress tree),Wildlife commonly found near water (e.g., frogs, salamander, herons, egrets)",(3) Greater Katy Prairie-Pothole Pimple-Mound Complexes,"Yes, I think they impact flooding in my community",Drought,Often – (At least once a month),Often – (At least once a month),"Heavy rainfall or storms,Drains culverts or pipes that are too small (e.g., inadequate stormwater infrastructure size),Nearby river, creek, or bayou overflowing",,"$10,000 - $20,000","Between ankle and knee level (e.g., above 3 inches, up to 12 inches)","Property damage (e.g., vehicle damage, home repairs),Loss of work or income,Prevented or delayed access to essential services (e.g., health care, groceries, travel, work),Interruption of utility services (e.g., power outages, water supply)",,"Raised the foundation of my house,Requested assistance from local government (e.g., city, county) to improve drainage,Engaged with local authorities around flooding issues",,"Nature-based detention pond,Large park,Pocket wetland,Rain garden","Permeable pavement,Rainwater harvesting","Nature-based detention pond,Pocket prairie,Urban forestry","Wetland conservation,Wetland restoration (inland or coastal)",3,2,1,"Yes, it is important","Yes, it is important","Yes, it is important",Houston Galveston Area Council (HGAC),,Above average trust,"Equity in implementation–areas that need it most may not get first priority,Displacement due to environmental projects (e.g., gentrification or green gentrification),Maintenance issues",,Very satisfied,"More frequent updates on local flood risks,Better access to emergency resources and assistance,Enhanced coordination with other local organizations/agencies",,"Establishing community advisory boards,Providing resources for community action (e.g., participation opportunities, educational programs, technical training),Providing multilingual interpretation services",,I participate in most meetings,Very involved,"West Street Recovery (WSR),Coalition for Environment, Equity and Resilience (CEER),My local neighborhood association or homeowners association (HOA)",,Facebook Posts,,No,Over 20 years,Moderate (50k-<150k),I own my home.,Houston,,
R_6zu6itq276bTUKY,EN,I do not know,,"Aquatic (water) plants (e.g., cattail, dwarf palmettos, bald cypress tree)",(5) Anahuac Coastal Marsh and Prairies,"No, I do not think they impact flooding in my community",Drought,Rarely – (once a year or less),Rarely – (once a year or less),"Drains culverts or pipes that are too small (e.g., inadequate stormwater infrastructure size)",,$0 - I haven't spent any money on flood-related repairs,"Between ankle and knee level (e.g., above 3 inches, up to 12 inches)","Mental health impact (e.g., anxiety, trauma, stress)",,I have not taken any measures to address or reduce flooding,,I have not seen any of the GSI examples in my community.,I prefer not to implement small-scale GSI in my community,I prefer not to implement mid-scale GSI in my community,I prefer not to implement large-scale GSI in my community,1,2,3,"Yes, it is important","Yes, it is important","Yes, it is important",Harris County Flood Control District (HCFCD),,Moderate trust,High installment costs,,Moderately satisfied,Better access to emergency resources and assistance,,Providing multilingual interpretation services,,There are no meetings available related to this topic,Not at all involved,I am not part of any organizations focused on drainage and flooding issues.,,Word of mouth,,No,1-5 years,Low (<50k),I do not rent or own my home.,Baytown,,
R_5jbxSlAT1aLsHhT,EN,Neighborhood beautification,,"Aquatic (water) plants (e.g., cattail, dwarf palmettos, bald cypress tree)",(4) Trans-Brazos Region,"Yes, I think they impact flooding in my community",Drought,Sometimes – (once every 2-6 months),Often – (At least once a month),"Aging infrastructure (e.g., not in compliance–out of date)",,"$10,000 - $20,000","Between ankle and knee level (e.g., above 3 inches, up to 12 inches)","Mental health impact (e.g., anxiety, trauma, stress),Displacement from home (e.g., temporary relocation)",,"Requested assistance from local government (e.g., city, county) to improve drainage",,Large park,Permeable pavement,Pocket wetland,Wetland conservation,2,3,1,"Yes, it is important","Yes, it is important","Yes, it is important",Houston Galveston Area Council (HGAC),,Moderate trust,"High installment costs,Lack of educational resources for the community",,Moderately satisfied,"Better access to emergency resources and assistance,Enhanced coordination with other local organizations/agencies",,"Involving local schools and community groups,Providing resources for community action (e.g., participation opportunities, educational programs, technical training)",,I occasionally participate in meetings,Moderately involved,"Coalition for Environment, Equity and Resilience (CEER)",,Instagram Posts,,Yes,6-10 years,Moderate (50k-<150k),I own my home.,Houston,,
R_1wcRi68wiI4SNbF,EN,"Improved air quality,Improved soil quality,Recreation (e.g., fishing, bird watching, walking)",,"Aquatic (water) plants (e.g., cattail, dwarf palmettos, bald cypress tree),A creek nearby,Wildlife commonly found near water (e.g., frogs, salamander, herons, egrets),Consistently-saturated soil",(1) Lake Houston Flatwood Wetlands,"Yes, I think they impact flooding in my community",Drought,Sometimes – (once every 2-6 months),Sometimes – (once every 2-6 months),"Blocked or clogged drainage systems,Drains culverts or pipes that are too small (e.g., inadequate stormwater infrastructure size),Aging infrastructure (e.g., not in compliance–out of date)",,"$5,000 - $10,000","Above the knee (e.g., over 12 inches)","Property damage (e.g., vehicle damage, home repairs),Mental health impact (e.g., anxiety, trauma, stress),Prevented or delayed access to essential services (e.g., health care, groceries, travel, work),Increased cost for repairs or flood proofing (e.g., more expensive flood insurance premiums)",,"Raised the foundation of my house,Requested assistance from local government (e.g., city, county) to improve drainage,Engaged with local authorities around flooding issues",,"Nature-based detention pond,Permeable pavement,Pocket wetland,Rainwater harvesting,Wetland conservation","Bioswale,Permeable pavement,Rain garden","Pocket prairie,Pocket wetland,Urban forestry",Wetland restoration (inland or coastal),3,2,1,"Yes, it is important","Yes, it is important","Yes, it is important",Gulf Coast Protection District (GCPD),,Extreme trust,"Equity in implementation–areas that need it most may not get first priority,Displacement due to environmental projects (e.g., gentrification or green gentrification),High installment costs",,Extremely satisfied,"More detailed information about flood preparedness,Better access to emergency resources and assistance,Increased opportunities for community feedback",,"Establishing community advisory boards,Involving local schools and community groups,Providing resources for community action (e.g., participation opportunities, educational programs, technical training)",,I occasionally participate in meetings,Extremely involved,"West Street Recovery (WSR),Coalition for Environment, Equity and Resilience (CEER),Northeast Action Collective (NAC)",,Instagram Posts,,Yes,Over 20 years,Moderate (50k-<150k),I own my home.,Houston,,
R_6aFRg55liRSc54B,EN,"Neighborhood beautification,Improved air quality,Improved soil quality",,"Long-standing water bodies,Aquatic (water) plants (e.g., cattail, dwarf palmettos, bald cypress tree),Wildlife commonly found near water (e.g., frogs, salamander, herons, egrets)",(2) Greater Lake Creek,"No, I do not think they impact flooding in my community",Drought,Rarely – (once a year or less),Sometimes – (once every 2-6 months),"Heavy rainfall or storms,Blocked or clogged drainage systems,Drains culverts or pipes that are too small (e.g., inadequate stormwater infrastructure size)",,"$500 - $1,000","Less than or at ankle level (e.g., under 3 inches)","Property damage (e.g., vehicle damage, home repairs),Loss of work or income,Mental health impact (e.g., anxiety, trauma, stress)",,Only my landlord can take action to address or reduce flooding at my residence,,Nature-based detention pond,Rainwater harvesting,Pocket wetland,Wetland conservation,1,2,3,"Yes, it is important","Yes, it is important","Yes, it is important",Texas Water Development Board (TWDB),,Moderate trust,Maintenance issues,,Moderately satisfied,More detailed information about flood preparedness,,"Better information sharing (e.g., more frequent announcements, different forms of communication)",,I rarely participate in meetings,Moderately involved,Bayou City Waterkeeper (BCWK),,Facebook Posts,,No,6-10 years,Moderate (50k-<150k),I own my home.,Houston,,
R_500gU606RebEyxk,EN,"Improved air quality,Improved stormwater quality",,"A drainage ditch nearby,Consistently-saturated soil",I am not sure which critical wetland is located upstream of me.,"Yes, I think they impact flooding in my community",Drought,Rarely – (once a year or less),Never,"Blocked or clogged drainage systems,Aging infrastructure (e.g., not in compliance–out of date),Nearby river, creek, or bayou overflowing",,$0 - I haven't spent any money on flood-related repairs,"Less than or at ankle level (e.g., under 3 inches)",I have not experienced any of these events,,Only my landlord can take action to address or reduce flooding at my residence,,"Urban forestry,Wetland conservation",I prefer not to implement small-scale GSI in my community,Urban forestry,Wetland restoration (inland or coastal),1,2,3,"Yes, it is important","Yes, it is important","Yes, it is important",Harris County Flood Control District (HCFCD),,Moderate trust,"Equity in implementation–areas that need it most may not get first priority,Increased taxes,Maintenance issues",,There is no information available,"Increased opportunities for community feedback,Improved use of technology (e.g., apps, websites) for flood risk information",,"Better information sharing (e.g., more frequent announcements, different forms of communication),Host more regular and diverse community meetings representative of the community",,There are no meetings available related to this topic,Not at all involved,My local neighborhood association or homeowners association (HOA),,Community bulletin posts,,No,Over 20 years,Moderate (50k-<150k),I own my home.,Houston,,
R_7stSjoJiJlOPWRE,EN,"Improved air quality,Improved stormwater quality,Improved soil quality",,"Aquatic (water) plants (e.g., cattail, dwarf palmettos, bald cypress tree),Wildlife commonly found near water (e.g., frogs, salamander, herons, egrets)",(5) Anahuac Coastal Marsh and Prairies,"Yes, I think they impact flooding in my community",Drought,Always – (every time it rains),Always – (every time it rains),"Heavy rainfall or storms,Drains culverts or pipes that are too small (e.g., inadequate stormwater infrastructure size),Aging infrastructure (e.g., not in compliance–out of date)",,"More than $20,000","Between ankle and knee level (e.g., above 3 inches, up to 12 inches)","Property damage (e.g., vehicle damage, home repairs),Displacement from home (e.g., temporary relocation),Prevented or delayed access to essential services (e.g., health care, groceries, travel, work),Interruption of utility services (e.g., power outages, water supply)",,"Raised the foundation of my house,Requested assistance from local government (e.g., city, county) to improve drainage,Engaged with local authorities around flooding issues",,"Bioswale,Permeable pavement,Pocket prairie,Rain garden,Urban forestry,Wetland conservation","Bioswale,Rain garden",Pocket prairie,Wetland conservation,1,2,3,"Yes, it is important","Yes, it is important","Yes, it is important",Harris County Flood Control District (HCFCD),,Extreme trust,"Attracting unwanted pests,Equity in implementation–areas that need it most may not get first priority,High installment costs,Increased taxes,Not fitting into community look/aesthetic",,Extremely satisfied,"More frequent updates on local flood risks,More detailed information about flood preparedness,Increased opportunities for community feedback,More targeted outreach to vulnerable populations (e.g., environmental justice communities),Improved use of technology (e.g., apps, websites) for flood risk information,Improved translation and accessibility information for non-English speakers",,"Better information sharing (e.g., more frequent announcements, different forms of communication),Involving local schools and community groups,Providing resources for community action (e.g., participation opportunities, educational programs, technical training),Compensation for time (e.g., money, gift cards)",,I participate in all meetings,Not at all involved,"Bayou City Waterkeeper (BCWK),Coalition for Environment, Equity and Resilience (CEER)",,Facebook Posts,,No,Over 20 years,Moderate (50k-<150k),I own my home.,Houston,,
R_5lMseLOfqBiIScS,EN,"Neighborhood beautification,Improved air quality,Improved stormwater quality",,"Long-standing water bodies,Aquatic (water) plants (e.g., cattail, dwarf palmettos, bald cypress tree),A drainage ditch nearby",(5) Anahuac Coastal Marsh and Prairies,"Yes, I think they impact flooding in my community",Drought,Often – (At least once a month),Always – (every time it rains),"Heavy rainfall or storms,Blocked or clogged drainage systems,Aging infrastructure (e.g., not in compliance–out of date)",,"$5,000 - $10,000","Between ankle and knee level (e.g., above 3 inches, up to 12 inches)","Loss of work or income,Mental health impact (e.g., anxiety, trauma, stress),Displacement from home (e.g., temporary relocation)",,"Raised the foundation of my house,Installed flood barriers or sandbags around my property,Requested assistance from local government (e.g., city, county) to improve drainage",,"Urban forestry,Wetland conservation","Bioswale,Permeable pavement,Rain garden",Urban forestry,"Large park,Wetland restoration (inland or coastal)",1,2,3,"Yes, it is important",I don’t know,"Yes, it is important","City of Houston, and other Municipalities (Municipal Utility District MUDs)",,Extreme trust,"Attracting unwanted pests,Equity in implementation–areas that need it most may not get first priority,Displacement due to environmental projects (e.g., gentrification or green gentrification)",,Extremely satisfied,"Better access to emergency resources and assistance,Increased opportunities for community feedback,Enhanced coordination with other local organizations/agencies",,"Involving local schools and community groups,Providing resources for community action (e.g., participation opportunities, educational programs, technical training),Compensation for time (e.g., money, gift cards)",,I participate in all meetings,Extremely involved,"West Street Recovery (WSR),Coalition for Environment, Equity and Resilience (CEER),Northeast Action Collective (NAC)",,Instagram Posts,,No,6-10 years,Moderate (50k-<150k),I own my home.,Houston,,
R_1k0KvxS1NCPrq24,EN,"Neighborhood beautification,Improved air quality,Improved stormwater quality",,"A drainage ditch nearby,A creek nearby,Wildlife commonly found near water (e.g., frogs, salamander, herons, egrets)",(4) Trans-Brazos Region,"Yes, I think they impact flooding in my community",Drought,Sometimes – (once every 2-6 months),Never,"Heavy rainfall or storms,Blocked or clogged drainage systems,Nearby river, creek, or bayou overflowing",,$0 - I haven't spent any money on flood-related repairs,"Between ankle and knee level (e.g., above 3 inches, up to 12 inches)","Prevented or delayed access to essential services (e.g., health care, groceries, travel, work),Interruption of utility services (e.g., power outages, water supply)",,"Installed flood barriers or sandbags around my property,Requested assistance from local government (e.g., city, county) to improve drainage,Engaged with local authorities around flooding issues",,I have not seen any of the GSI examples in my community.,Permeable pavement,Nature-based detention pond,Large park,1,2,3,"Yes, it is important","Yes, it is important","Yes, it is important",Gulf Coast Protection District (GCPD),,Moderate trust,"Attracting unwanted pests,High installment costs,Increased taxes",,Very satisfied,"More frequent updates on local flood risks,More detailed information about flood preparedness,Better access to emergency resources and assistance,Increased opportunities for community feedback,Enhanced coordination with other local organizations/agencies,More targeted outreach to vulnerable populations (e.g., environmental justice communities),Improved use of technology (e.g., apps, websites) for flood risk information,Improved translation and accessibility information for non-English speakers",,"Better information sharing (e.g., more frequent announcements, different forms of communication),Establishing community advisory boards,Involving local schools and community groups,Providing resources for community action (e.g., participation opportunities, educational programs, technical training)",,I participate in most meetings,Moderately involved,My local neighborhood association or homeowners association (HOA),,Community bulletin posts,,No,Over 20 years,Moderate (50k-<150k),I own my home.,Houston,,
R_1Gy5CKB6GCOlhSQ,EN,"Neighborhood beautification,Improved air quality,Recreation (e.g., fishing, bird watching, walking)",,"Long-standing water bodies,A drainage ditch nearby,Wildlife commonly found near water (e.g., frogs, salamander, herons, egrets),Consistently-saturated soil",(1) Lake Houston Flatwood Wetlands,"Yes, I think they impact flooding in my community",Drought,Sometimes – (once every 2-6 months),Sometimes – (once every 2-6 months),"Drains culverts or pipes that are too small (e.g., inadequate stormwater infrastructure size),Aging infrastructure (e.g., not in compliance–out of date),Nearby river, creek, or bayou overflowing",,"More than $20,000","Less than or at ankle level (e.g., under 3 inches)","Property damage (e.g., vehicle damage, home repairs),Loss of work or income,Mental health impact (e.g., anxiety, trauma, stress),Displacement from home (e.g., temporary relocation),Prevented or delayed access to essential services (e.g., health care, groceries, travel, work),Interruption of utility services (e.g., power outages, water supply),Increased cost for repairs or flood proofing (e.g., more expensive flood insurance premiums)",,"Requested assistance from local government (e.g., city, county) to improve drainage",,"Nature-based detention pond,Large park","Bioswale,Permeable pavement,Rainwater harvesting","Nature-based detention pond,Pocket wetland","Large park,Wetland restoration (inland or coastal)",1,2,3,"Yes, it is important","Yes, it is important","Yes, it is important",I do not know,,No trust,There are no concerns,,Slightly satisfied,"More frequent updates on local flood risks,Better access to emergency resources and assistance,More targeted outreach to vulnerable populations (e.g., environmental justice communities),Improved use of technology (e.g., apps, websites) for flood risk information,Improved translation and accessibility information for non-English speakers",,"Better information sharing (e.g., more frequent announcements, different forms of communication),Establishing community advisory boards,Involving local schools and community groups,Providing resources for community action (e.g., participation opportunities, educational programs, technical training),Compensation for time (e.g., money, gift cards),Host more regular and diverse community meetings representative of the community,Providing multilingual interpretation services,Providing child care",,"I never participate in meetings, although they are available",Somewhat involved,I am not part of any organizations focused on drainage and flooding issues.,,Phone Calls,,No,6-10 years,Low (<50k),I own my home.,Houston,,
R_6dY4PqJTzyWsoyR,EN,"Neighborhood beautification,Improved air quality,Improved soil quality",,"Long-standing water bodies,A drainage ditch nearby,A creek nearby",(2) Greater Lake Creek,"Yes, I think they impact flooding in my community",Drought,Often – (At least once a month),Often – (At least once a month),"Heavy rainfall or storms,Blocked or clogged drainage systems,Drains culverts or pipes that are too small (e.g., inadequate stormwater infrastructure size)",,"$5,000 - $10,000","Between ankle and knee level (e.g., above 3 inches, up to 12 inches)","Property damage (e.g., vehicle damage, home repairs),Loss of work or income,Displacement from home (e.g., temporary relocation)",,"Raised the foundation of my house,Installed flood barriers or sandbags around my property,Engaged with local authorities around flooding issues",,"Nature-based detention pond,Large park,Pocket wetland,Rain garden,Urban forestry,Wetland conservation,Wetland restoration (coastal or inland)","Bioswale,Rain garden","Pocket wetland,Urban forestry","Large park,Wetland conservation,Wetland restoration (inland or coastal)",1,2,3,"Yes, it is important","Yes, it is important","Yes, it is important",Harris County Flood Control District (HCFCD),,Extreme trust,"Attracting unwanted pests,High installment costs",,Very satisfied,"More frequent updates on local flood risks,More detailed information about flood preparedness,Increased opportunities for community feedback",,"Better information sharing (e.g., more frequent announcements, different forms of communication),Establishing community advisory boards,Involving local schools and community groups",,I participate in all meetings,Very involved,Bayou City Waterkeeper (BCWK),,Community bulletin posts,,No,11-20 years,Moderate (50k-<150k),I own my home.,Houston,,
R_5dGwlxnlF4VQ2Mt,EN,"Improved air quality,Improved stormwater quality,Stress reduction",,"A drainage ditch nearby,A creek nearby,Consistently-saturated soil",I am not sure which critical wetland is located upstream of me.,"Yes, I think they impact flooding in my community",Drought,Always – (every time it rains),Always – (every time it rains),"Heavy rainfall or storms,Drains culverts or pipes that are too small (e.g., inadequate stormwater infrastructure size),Aging infrastructure (e.g., not in compliance–out of date)",,$0 - I haven't spent any money on flood-related repairs,"Less than or at ankle level (e.g., under 3 inches)","Loss of work or income,Mental health impact (e.g., anxiety, trauma, stress),Displacement from home (e.g., temporary relocation),Prevented or delayed access to essential services (e.g., health care, groceries, travel, work),Interruption of utility services (e.g., power outages, water supply)",,"Requested assistance from local government (e.g., city, county) to improve drainage,Only my landlord can take action to address or reduce flooding at my residence",,I have not seen any of the GSI examples in my community.,"Permeable pavement,Rainwater harvesting",Nature-based detention pond,"Wetland conservation,Wetland restoration (inland or coastal)",1,2,3,"Yes, it is important","Yes, it is important","Yes, it is important",I do not know,,Moderate trust,"Attracting unwanted pests,Displacement due to environmental projects (e.g., gentrification or green gentrification),High installment costs,Increased taxes,Maintenance issues,Not fitting into community look/aesthetic,Space requirements–not enough space",,Moderately satisfied,"More frequent updates on local flood risks,More detailed information about flood preparedness,Better access to emergency resources and assistance,Increased opportunities for community feedback,Enhanced coordination with other local organizations/agencies,More targeted outreach to vulnerable populations (e.g., environmental justice communities),Improved use of technology (e.g., apps, websites) for flood risk information,Improved translation and accessibility information for non-English speakers",,"Better information sharing (e.g., more frequent announcements, different forms of communication),Establishing community advisory boards,Involving local schools and community groups,Providing resources for community action (e.g., participation opportunities, educational programs, technical training),Compensation for time (e.g., money, gift cards),Host more regular and diverse community meetings representative of the community,Providing multilingual interpretation services",,There are no meetings available related to this topic,Moderately involved,I am not part of any organizations focused on drainage and flooding issues.,,Facebook Posts,,No,1-5 years,Low (<50k),I rent my home.,Houston,,
R_6PoFYkD8lfLD00E,EN,"Neighborhood beautification,Improved air quality,Recreation (e.g., fishing, bird watching, walking)",,A drainage ditch nearby,(3) Greater Katy Prairie-Pothole Pimple-Mound Complexes,"No, I do not think they impact flooding in my community",Drought,Sometimes – (once every 2-6 months),Rarely – (once a year or less),"Heavy rainfall or storms,Increased development or urbanization",,$0 - I haven't spent any money on flood-related repairs,"Not applicable (e.g., no experiences with flooding)",Loss of work or income,,Only my landlord can take action to address or reduce flooding at my residence,,I have not seen any of the GSI examples in my community.,I prefer not to implement small-scale GSI in my community,I prefer not to implement mid-scale GSI in my community,Large park,3,2,1,"Yes, it is important","Yes, it is important","Yes, it is important",Harris County Flood Control District (HCFCD),,Slight trust,"Equity in implementation–areas that need it most may not get first priority,High installment costs,Increased taxes",,Moderately satisfied,"More frequent updates on local flood risks,Better access to emergency resources and assistance",,"Compensation for time (e.g., money, gift cards)",,"I never participate in meetings, although they are available",Not at all involved,I am not part of any organizations focused on drainage and flooding issues.,,Facebook Posts,,No,1-5 years,Low (<50k),I rent my home.,Houston,,
R_5eXcTlV7r1KHy4N,EN,"Improved stormwater quality,Improved soil quality,Recreation (e.g., fishing, bird watching, walking)",,"A creek nearby,Wildlife commonly found near water (e.g., frogs, salamander, herons, egrets),Consistently-saturated soil",(4) Trans-Brazos Region,"Yes, I think they impact flooding in my community",Drought,Never,Often – (At least once a month),"Heavy rainfall or storms,Drains culverts or pipes that are too small (e.g., inadequate stormwater infrastructure size),Aging infrastructure (e.g., not in compliance–out of date)",,$0 - I haven't spent any money on flood-related repairs,"Less than or at ankle level (e.g., under 3 inches)",I have not experienced any of these events,,"Not applicable (e.g., flooding has not affected my residence)",,"Nature-based detention pond,Large park,Permeable pavement,Pocket prairie,Pocket wetland,Rain garden,Rainwater harvesting,Wetland conservation",Rain garden,Nature-based detention pond,"Large park,Wetland conservation",3,2,1,"Yes, it is important","Yes, it is important","Yes, it is important",Gulf Coast Protection District (GCPD),,Above average trust,"Equity in implementation–areas that need it most may not get first priority,High installment costs,Increased taxes,Maintenance issues",,There is no information available,"More frequent updates on local flood risks,More detailed information about flood preparedness,Better access to emergency resources and assistance,Increased opportunities for community feedback,Enhanced coordination with other local organizations/agencies,More targeted outreach to vulnerable populations (e.g., environmental justice communities),Improved use of technology (e.g., apps, websites) for flood risk information,Improved translation and accessibility information for non-English speakers",,"Better information sharing (e.g., more frequent announcements, different forms of communication),Establishing community advisory boards,Involving local schools and community groups,Providing resources for community action (e.g., participation opportunities, educational programs, technical training),Host more regular and diverse community meetings representative of the community,Providing multilingual interpretation services",,I occasionally participate in meetings,Moderately involved,I am not part of any organizations focused on drainage and flooding issues.,,Community bulletin posts,,No,6-10 years,Low (<50k),I own my home.,Baytown,,
R_64AuM5r5ZBFvllT,EN,"Improved air quality,Recreation (e.g., fishing, bird watching, walking),Stress reduction",,"Long-standing water bodies,A creek nearby",I am not sure which critical wetland is located upstream of me.,I do not know,Drought,Often – (At least once a month),Sometimes – (once every 2-6 months),"Heavy rainfall or storms,Blocked or clogged drainage systems,Drains culverts or pipes that are too small (e.g., inadequate stormwater infrastructure size)",,$0 - I haven't spent any money on flood-related repairs,"Less than or at ankle level (e.g., under 3 inches)",I have not experienced any of these events,,I have not taken any measures to address or reduce flooding,,I have not seen any of the GSI examples in my community.,I prefer not to implement small-scale GSI in my community,I prefer not to implement mid-scale GSI in my community,I prefer not to implement large-scale GSI in my community,1,2,3,"Yes, it is important","Yes, it is important","Yes, it is important",I do not know,,Slight trust,There are no concerns,,There is no information available,Improved translation and accessibility information for non-English speakers,,"Better information sharing (e.g., more frequent announcements, different forms of communication),Establishing community advisory boards,Involving local schools and community groups,Providing resources for community action (e.g., participation opportunities, educational programs, technical training)",,There are no meetings available related to this topic,Not at all involved,I am not part of any organizations focused on drainage and flooding issues.,,Word of mouth,,Yes,1-5 years,Moderate (50k-<150k),I own my home.,Houston,,
R_1iENr9NQ7KQc1I5,EN,"Neighborhood beautification,Increased property value,Stress reduction",,"Long-standing water bodies,A creek nearby,Consistently-saturated soil",(3) Greater Katy Prairie-Pothole Pimple-Mound Complexes,"Yes, I think they impact flooding in my community",Drought,Rarely – (once a year or less),Rarely – (once a year or less),Heavy rainfall or storms,,$0 - I haven't spent any money on flood-related repairs,"Less than or at ankle level (e.g., under 3 inches)","Mental health impact (e.g., anxiety, trauma, stress),Prevented or delayed access to essential services (e.g., health care, groceries, travel, work)",,I have not taken any measures to address or reduce flooding,,I have not seen any of the GSI examples in my community.,Rain garden,Urban forestry,"Wetland conservation,Wetland restoration (inland or coastal)",3,2,1,"Yes, it is important","Yes, it is important","Yes, it is important",State of Texas,,Extreme trust,There are no concerns,,Moderately satisfied,"Increased opportunities for community feedback,Improved use of technology (e.g., apps, websites) for flood risk information",,"Better information sharing (e.g., more frequent announcements, different forms of communication),Establishing community advisory boards,Providing resources for community action (e.g., participation opportunities, educational programs, technical training)",,There are no meetings available related to this topic,Moderately involved,I am not part of any organizations focused on drainage and flooding issues.,,Community bulletin posts,,No,Over 20 years,Low (<50k),I own my home.,Houston,,
R_79lSdxJ3Ii3ogyZ,EN,"Neighborhood beautification,Increased property value",,"A drainage ditch nearby,A creek nearby",(1) Lake Houston Flatwood Wetlands,"No, I do not think they impact flooding in my community",Drought,Rarely – (once a year or less),Sometimes – (once every 2-6 months),"Not applicable (e.g., my neighborhood does not flood)",,$0 - I haven't spent any money on flood-related repairs,"Not applicable (e.g., no experiences with flooding)","Prevented or delayed access to essential services (e.g., health care, groceries, travel, work)",,"Not applicable (e.g., flooding has not affected my residence)",,I have not seen any of the GSI examples in my community.,I prefer not to implement small-scale GSI in my community,Nature-based detention pond,I prefer not to implement large-scale GSI in my community,1,2,3,"Yes, it is important","Yes, it is important","Yes, it is important",Harris County Flood Control District (HCFCD),,Moderate trust,"High installment costs,Increased taxes",,Very satisfied,"More frequent updates on local flood risks,More detailed information about flood preparedness,Better access to emergency resources and assistance,Improved translation and accessibility information for non-English speakers",,"Better information sharing (e.g., more frequent announcements, different forms of communication),Involving local schools and community groups,Host more regular and diverse community meetings representative of the community",,I occasionally participate in meetings,Moderately involved,My local neighborhood association or homeowners association (HOA),,Other:,By mail,No,Over 20 years,Low (<50k),I own my home.,Houston,,
R_3rOrKQIuCgOhjWx,EN,"Improved air quality,Improved soil quality,Stress reduction",,"Long-standing water bodies,A drainage ditch nearby,Wildlife commonly found near water (e.g., frogs, salamander, herons, egrets)",(5) Anahuac Coastal Marsh and Prairies,"Yes, I think they impact flooding in my community",Drought,Always – (every time it rains),Often – (At least once a month),"Heavy rainfall or storms,Drains culverts or pipes that are too small (e.g., inadequate stormwater infrastructure size),Increased development or urbanization",,"$10,000 - $20,000","Above the knee (e.g., over 12 inches)","Property damage (e.g., vehicle damage, home repairs),Loss of work or income,Displacement from home (e.g., temporary relocation),Prevented or delayed access to essential services (e.g., health care, groceries, travel, work)",,"Raised the foundation of my house,Installed flood barriers or sandbags around my property,Requested assistance from local government (e.g., city, county) to improve drainage",,"Pocket prairie,Rain garden,Urban forestry","Bioswale,Permeable pavement,Rain garden","Pocket prairie,Urban forestry","Large park,Wetland restoration (inland or coastal)",3,1,2,"Yes, it is important","Yes, it is important","Yes, it is important",Texas Commission on Environmental Quality (TCEQ),,Above average trust,"Attracting unwanted pests,Displacement due to environmental projects (e.g., gentrification or green gentrification)",,Extremely satisfied,"More frequent updates on local flood risks,Better access to emergency resources and assistance,Increased opportunities for community feedback",,"Better information sharing (e.g., more frequent announcements, different forms of communication),Establishing community advisory boards,Providing resources for community action (e.g., participation opportunities, educational programs, technical training)",,I participate in most meetings,Extremely involved,"Bayou City Waterkeeper (BCWK),West Street Recovery (WSR),Northeast Action Collective (NAC)",,Instagram Posts,,No,Over 20 years,High (≥150k),I own my home.,Houston,,
R_6GYZcZFrNgDRg7n,EN,"Neighborhood beautification,Improved stormwater quality,Recreation (e.g., fishing, bird watching, walking)",,"Long-standing water bodies,A drainage ditch nearby,Consistently-saturated soil",(1) Lake Houston Flatwood Wetlands,"Yes, I think they impact flooding in my community",Drought,Rarely – (once a year or less),Sometimes – (once every 2-6 months),"Heavy rainfall or storms,Blocked or clogged drainage systems,Aging infrastructure (e.g., not in compliance–out of date)",,I do not know,"Less than or at ankle level (e.g., under 3 inches)",I have not experienced any of these events,,"Not applicable (e.g., flooding has not affected my residence)",,I have not seen any of the GSI examples in my community.,I prefer not to implement small-scale GSI in my community,I prefer not to implement mid-scale GSI in my community,I prefer not to implement large-scale GSI in my community,1,2,3,"Yes, it is important","Yes, it is important",I don’t know,I do not know,,Moderate trust,"Displacement due to environmental projects (e.g., gentrification or green gentrification),Increased taxes,Not fitting into community look/aesthetic",,Very satisfied,"More frequent updates on local flood risks,Better access to emergency resources and assistance,Improved use of technology (e.g., apps, websites) for flood risk information",,"Better information sharing (e.g., more frequent announcements, different forms of communication),Involving local schools and community groups,Host more regular and diverse community meetings representative of the community",,I occasionally participate in meetings,Somewhat involved,I am not part of any organizations focused on drainage and flooding issues.,,Community bulletin posts,,Yes,1-5 years,Low (<50k),I rent my home.,Houston,,
R_1FgpbJ6700iWy2G,EN,"Improved air quality,Recreation (e.g., fishing, bird watching, walking),Stress reduction",,"Aquatic (water) plants (e.g., cattail, dwarf palmettos, bald cypress tree),A creek nearby",(2) Greater Lake Creek,"Yes, I think they impact flooding in my community",Drought,Never,Rarely – (once a year or less),"Heavy rainfall or storms,Aging infrastructure (e.g., not in compliance–out of date),Nearby river, creek, or bayou overflowing",,"$5,000 - $10,000","Less than or at ankle level (e.g., under 3 inches)","Property damage (e.g., vehicle damage, home repairs),Prevented or delayed access to essential services (e.g., health care, groceries, travel, work)",,"Requested assistance from local government (e.g., city, county) to improve drainage,Engaged with local authorities around flooding issues",,Urban forestry,Permeable pavement,Pocket prairie,Wetland restoration (inland or coastal),2,1,3,"Yes, it is important","No, it is not important","Yes, it is important",Harris County Flood Control District (HCFCD),,Moderate trust,"Attracting unwanted pests,Equity in implementation–areas that need it most may not get first priority,Lack of educational resources for the community",,Moderately satisfied,"Increased opportunities for community feedback,Improved translation and accessibility information for non-English speakers",,"Providing resources for community action (e.g., participation opportunities, educational programs, technical training),Compensation for time (e.g., money, gift cards)",,I occasionally participate in meetings,Very involved,"Bayou City Waterkeeper (BCWK),My local neighborhood association or homeowners association (HOA)",,Facebook Posts,,Yes,6-10 years,Moderate (50k-<150k),I own my home.,Houston,,
R_3RkhqK0p857cbGO,EN,"Neighborhood beautification,Improved stormwater quality,Recreation (e.g., fishing, bird watching, walking)",,"Long-standing water bodies,A drainage ditch nearby,A creek nearby",I am not sure which critical wetland is located upstream of me.,"Yes, I think they impact flooding in my community",Drought,Often – (At least once a month),Never,Heavy rainfall or storms,,$0 - I haven't spent any money on flood-related repairs,"Not applicable (e.g., no experiences with flooding)",I have not experienced any of these events,,I have not taken any measures to address or reduce flooding,,"Large park,Rain garden",I prefer not to implement small-scale GSI in my community,I prefer not to implement mid-scale GSI in my community,I prefer not to implement large-scale GSI in my community,1,2,3,"Yes, it is important","Yes, it is important","Yes, it is important",United States Environmental Protection Agency (US EPA),,Moderate trust,"Attracting unwanted pests,Displacement due to environmental projects (e.g., gentrification or green gentrification)",,Moderately satisfied,"Better access to emergency resources and assistance,More targeted outreach to vulnerable populations (e.g., environmental justice communities)",,"Establishing community advisory boards,Providing resources for community action (e.g., participation opportunities, educational programs, technical training),Providing multilingual interpretation services",,I participate in all meetings,Moderately involved,Bayou City Waterkeeper (BCWK),,Facebook Posts,,No,Less than a year,Low (<50k),I rent my home.,Houston,,
R_1vkTSs4pYgQ3lDz,EN,"Neighborhood beautification,Improved stormwater quality,Recreation (e.g., fishing, bird watching, walking)",,"Long-standing water bodies,Aquatic (water) plants (e.g., cattail, dwarf palmettos, bald cypress tree),Wildlife commonly found near water (e.g., frogs, salamander, herons, egrets)",(3) Greater Katy Prairie-Pothole Pimple-Mound Complexes,"Yes, I think they impact flooding in my community",Drought,Always – (every time it rains),Sometimes – (once every 2-6 months),"Heavy rainfall or storms,Drains culverts or pipes that are too small (e.g., inadequate stormwater infrastructure size),Aging infrastructure (e.g., not in compliance–out of date)",,Less than $500,"Between ankle and knee level (e.g., above 3 inches, up to 12 inches)","Property damage (e.g., vehicle damage, home repairs),Mental health impact (e.g., anxiety, trauma, stress),Prevented or delayed access to essential services (e.g., health care, groceries, travel, work)",,"Raised the foundation of my house,Installed flood barriers or sandbags around my property,Requested assistance from local government (e.g., city, county) to improve drainage",,"Bioswale,Nature-based detention pond,Large park,Permeable pavement,Pocket wetland,Rainwater harvesting,Wetland conservation","Bioswale,Rain garden,Rainwater harvesting",Pocket prairie,"Large park,Wetland restoration (inland or coastal)",3,1,2,"Yes, it is important","Yes, it is important","Yes, it is important","City of Houston, and other Municipalities (Municipal Utility District MUDs)",,Extreme trust,"Attracting unwanted pests,Equity in implementation–areas that need it most may not get first priority,Displacement due to environmental projects (e.g., gentrification or green gentrification),Maintenance issues",,Extremely satisfied,"More frequent updates on local flood risks,More detailed information about flood preparedness,Better access to emergency resources and assistance,More targeted outreach to vulnerable populations (e.g., environmental justice communities),Improved use of technology (e.g., apps, websites) for flood risk information",,"Better information sharing (e.g., more frequent announcements, different forms of communication),Establishing community advisory boards,Providing resources for community action (e.g., participation opportunities, educational programs, technical training),Host more regular and diverse community meetings representative of the community",,I participate in most meetings,Extremely involved,"West Street Recovery (WSR),Northeast Action Collective (NAC),My local neighborhood association or homeowners association (HOA)",,Community bulletin posts,,No,1-5 years,Low (<50k),I rent my home.,Houston,,
R_3l9Qa8OOWVpIr2P,EN,"Neighborhood beautification,Improved air quality,Stress reduction",,"Long-standing water bodies,Aquatic (water) plants (e.g., cattail, dwarf palmettos, bald cypress tree),A creek nearby",(3) Greater Katy Prairie-Pothole Pimple-Mound Complexes,"Yes, I think they impact flooding in my community",Drought,Often – (At least once a month),Sometimes – (once every 2-6 months),"Heavy rainfall or storms,Blocked or clogged drainage systems,Increased development or urbanization",,Less than $500,"Between ankle and knee level (e.g., above 3 inches, up to 12 inches)","Mental health impact (e.g., anxiety, trauma, stress)",,I have not taken any measures to address or reduce flooding,,Nature-based detention pond,Permeable pavement,"Nature-based detention pond,Pocket prairie",I prefer not to implement large-scale GSI in my community,1,2,3,"Yes, it is important","Yes, it is important","Yes, it is important","City of Houston, and other Municipalities (Municipal Utility District MUDs)",,No trust,"High installment costs,Increased taxes",,Not at all satisfied,"More frequent updates on local flood risks,Enhanced coordination with other local organizations/agencies",,"Compensation for time (e.g., money, gift cards)",,I occasionally participate in meetings,Not at all involved,My local neighborhood association or homeowners association (HOA),,Newspaper articles/Flyers,,No,Over 20 years,Low (<50k),I own my home.,Houston,,
R_7FaZbe7C9QZzmw1,EN,"Neighborhood beautification,Improved air quality,Improved stormwater quality",,"Long-standing water bodies,A drainage ditch nearby,Wildlife commonly found near water (e.g., frogs, salamander, herons, egrets)",(1) Lake Houston Flatwood Wetlands,"Yes, I think they impact flooding in my community",Drought,Rarely – (once a year or less),Rarely – (once a year or less),"Heavy rainfall or storms,Aging infrastructure (e.g., not in compliance–out of date),Nearby river, creek, or bayou overflowing",,$0 - I haven't spent any money on flood-related repairs,"Not applicable (e.g., no experiences with flooding)",I have not experienced any of these events,,"Not applicable (e.g., flooding has not affected my residence)",,"Pocket wetland,Wetland restoration (coastal or inland)",I prefer not to implement small-scale GSI in my community,I prefer not to implement mid-scale GSI in my community,Wetland restoration (inland or coastal),1,2,3,"Yes, it is important","Yes, it is important","No, it is not important",Harris County Flood Control District (HCFCD),,Above average trust,"Increased taxes,Maintenance issues,Space requirements–not enough space",,Moderately satisfied,"More frequent updates on local flood risks,Better access to emergency resources and assistance",,"Establishing community advisory boards,Compensation for time (e.g., money, gift cards)",,"I never participate in meetings, although they are available",Not at all involved,I am not part of any organizations focused on drainage and flooding issues.,,Word of mouth,,No,11-20 years,Moderate (50k-<150k),I rent my home.,Houston,,
R_5r0YUsbZtwe8pHq,EN,"Improved air quality,Improved stormwater quality,Recreation (e.g., fishing, bird watching, walking)",,"Long-standing water bodies,Aquatic (water) plants (e.g., cattail, dwarf palmettos, bald cypress tree),A creek nearby,Wildlife commonly found near water (e.g., frogs, salamander, herons, egrets),Consistently-saturated soil",I am not sure which critical wetland is located upstream of me.,"No, I do not think they impact flooding in my community",Drought,Never,Never,"Heavy rainfall or storms,Blocked or clogged drainage systems,Aging infrastructure (e.g., not in compliance–out of date)",,$0 - I haven't spent any money on flood-related repairs,"Not applicable (e.g., no experiences with flooding)",I have not experienced any of these events,,"Not applicable (e.g., flooding has not affected my residence)",,I have not seen any of the GSI examples in my community.,I prefer not to implement small-scale GSI in my community,Urban forestry,"Wetland conservation,Wetland restoration (inland or coastal)",3,2,1,"Yes, it is important","Yes, it is important","Yes, it is important","City of Houston, and other Municipalities (Municipal Utility District MUDs)",,Slight trust,"Attracting unwanted pests,Equity in implementation–areas that need it most may not get first priority,Displacement due to environmental projects (e.g., gentrification or green gentrification),Increased taxes,Lack of educational resources for the community,Maintenance issues,Space requirements–not enough space",,Not at all satisfied,"More frequent updates on local flood risks,More detailed information about flood preparedness,Better access to emergency resources and assistance,More targeted outreach to vulnerable populations (e.g., environmental justice communities),Improved use of technology (e.g., apps, websites) for flood risk information,Improved translation and accessibility information for non-English speakers",,"Better information sharing (e.g., more frequent announcements, different forms of communication),Establishing community advisory boards,Involving local schools and community groups,Providing resources for community action (e.g., participation opportunities, educational programs, technical training),Host more regular and diverse community meetings representative of the community,Providing multilingual interpretation services",,There are no meetings available related to this topic,Not at all involved,I am not part of any organizations focused on drainage and flooding issues.,,Other:,Direct Mail,Yes,1-5 years,Low (<50k),I own my home.,Houston,,
R_3Qa9dP7wivUEsqf,EN,"Neighborhood beautification,Improved soil quality,Recreation (e.g., fishing, bird watching, walking)",,"Long-standing water bodies,Aquatic (water) plants (e.g., cattail, dwarf palmettos, bald cypress tree),Wildlife commonly found near water (e.g., frogs, salamander, herons, egrets)",(4) Trans-Brazos Region,"Yes, I think they impact flooding in my community",Drought,Rarely – (once a year or less),Never,"Heavy rainfall or storms,Drains culverts or pipes that are too small (e.g., inadequate stormwater infrastructure size),Aging infrastructure (e.g., not in compliance–out of date)",,"$5,000 - $10,000","Less than or at ankle level (e.g., under 3 inches)","Mental health impact (e.g., anxiety, trauma, stress),Prevented or delayed access to essential services (e.g., health care, groceries, travel, work),Interruption of utility services (e.g., power outages, water supply)",,"Installed flood barriers or sandbags around my property,Engaged with local authorities around flooding issues",,"Large park,Rain garden,Wetland conservation",Permeable pavement,Pocket prairie,Wetland conservation,1,2,3,"Yes, it is important","Yes, it is important","Yes, it is important",State of Texas,,Above average trust,"Displacement due to environmental projects (e.g., gentrification or green gentrification),Maintenance issues",,Very satisfied,"Better access to emergency resources and assistance,Improved use of technology (e.g., apps, websites) for flood risk information",,"Establishing community advisory boards,Providing multilingual interpretation services",,I occasionally participate in meetings,Somewhat involved,"Coalition for Environment, Equity and Resilience (CEER)",,Facebook Posts,,No,6-10 years,High (≥150k),I own my home.,Houston,,
R_62m4ZKqOsQkTDqT,EN,"Improved air quality,Recreation (e.g., fishing, bird watching, walking),Stress reduction",,"Long-standing water bodies,Consistently-saturated soil",(4) Trans-Brazos Region,"No, I do not think they impact flooding in my community",Drought,Rarely – (once a year or less),Rarely – (once a year or less),"Heavy rainfall or storms,Blocked or clogged drainage systems,Drains culverts or pipes that are too small (e.g., inadequate stormwater infrastructure size)",,$0 - I haven't spent any money on flood-related repairs,"Less than or at ankle level (e.g., under 3 inches)","Prevented or delayed access to essential services (e.g., health care, groceries, travel, work),Interruption of utility services (e.g., power outages, water supply)",,"Not applicable (e.g., flooding has not affected my residence)",,I have not seen any of the GSI examples in my community.,"Permeable pavement,Rain garden,Rainwater harvesting","Nature-based detention pond,Pocket prairie","Large park,Wetland conservation,Wetland restoration (inland or coastal)",1,2,3,"Yes, it is important","Yes, it is important","Yes, it is important",I do not know,,Above average trust,"Displacement due to environmental projects (e.g., gentrification or green gentrification),Space requirements–not enough space",,Extremely satisfied,"More frequent updates on local flood risks,More detailed information about flood preparedness,Better access to emergency resources and assistance,Increased opportunities for community feedback,Enhanced coordination with other local organizations/agencies,More targeted outreach to vulnerable populations (e.g., environmental justice communities),Improved use of technology (e.g., apps, websites) for flood risk information,Improved translation and accessibility information for non-English speakers",,"Better information sharing (e.g., more frequent announcements, different forms of communication),Establishing community advisory boards,Involving local schools and community groups,Providing resources for community action (e.g., participation opportunities, educational programs, technical training),Host more regular and diverse community meetings representative of the community,Providing multilingual interpretation services",,There are no meetings available related to this topic,Not at all involved,I am not part of any organizations focused on drainage and flooding issues.,,Community bulletin posts,,No,6-10 years,Low (<50k),I do not rent or own my home.,Baytown,,
R_7DuUmWo6HH7YEaY,EN,"Improved air quality,Improved stormwater quality,Improved soil quality",,"Long-standing water bodies,Aquatic (water) plants (e.g., cattail, dwarf palmettos, bald cypress tree),A drainage ditch nearby,A creek nearby",(2) Greater Lake Creek,"Yes, I think they impact flooding in my community",Drought,Often – (At least once a month),Often – (At least once a month),"Blocked or clogged drainage systems,Drains culverts or pipes that are too small (e.g., inadequate stormwater infrastructure size),Aging infrastructure (e.g., not in compliance–out of date)",,"$10,000 - $20,000","Between ankle and knee level (e.g., above 3 inches, up to 12 inches)","Property damage (e.g., vehicle damage, home repairs),Loss of work or income,Mental health impact (e.g., anxiety, trauma, stress),Displacement from home (e.g., temporary relocation)",,"Installed flood barriers or sandbags around my property,Requested assistance from local government (e.g., city, county) to improve drainage,Engaged with local authorities around flooding issues",,"Rainwater harvesting,Urban forestry,Wetland conservation","Bioswale,Permeable pavement,Rain garden,Rainwater harvesting","Nature-based detention pond,Pocket prairie","Large park,Wetland conservation",2,1,3,"Yes, it is important","Yes, it is important","Yes, it is important",Gulf Coast Protection District (GCPD),,Extreme trust,"Attracting unwanted pests,Equity in implementation–areas that need it most may not get first priority,Displacement due to environmental projects (e.g., gentrification or green gentrification)",,Very satisfied,"More frequent updates on local flood risks,Better access to emergency resources and assistance,Increased opportunities for community feedback,Enhanced coordination with other local organizations/agencies",,"Better information sharing (e.g., more frequent announcements, different forms of communication),Involving local schools and community groups,Providing resources for community action (e.g., participation opportunities, educational programs, technical training),Compensation for time (e.g., money, gift cards)",,I participate in all meetings,Extremely involved,"Bayou City Waterkeeper (BCWK),West Street Recovery (WSR),Coalition for Environment, Equity and Resilience (CEER)",,Instagram Posts,,No,11-20 years,Moderate (50k-<150k),I own my home.,Houston,,
R_3f7amgaX3ywE5Oe,EN,"Improved air quality,Increased property value,Stress reduction",,"Long-standing water bodies,Aquatic (water) plants (e.g., cattail, dwarf palmettos, bald cypress tree),A creek nearby",(1) Lake Houston Flatwood Wetlands,"Yes, I think they impact flooding in my community",Drought,Rarely – (once a year or less),Rarely – (once a year or less),"Heavy rainfall or storms,Blocked or clogged drainage systems,Nearby river, creek, or bayou overflowing",,"$500 - $1,000","Less than or at ankle level (e.g., under 3 inches)","Property damage (e.g., vehicle damage, home repairs)",,"Installed flood barriers or sandbags around my property,Engaged with local authorities around flooding issues",,"Nature-based detention pond,Rainwater harvesting,Wetland conservation,Wetland restoration (coastal or inland)","Rain garden,Rainwater harvesting","Nature-based detention pond,Pocket wetland","Large park,Wetland conservation",1,2,3,"Yes, it is important","Yes, it is important","Yes, it is important","City of Houston, and other Municipalities (Municipal Utility District MUDs)",,Moderate trust,"Attracting unwanted pests,High installment costs,Increased taxes,Maintenance issues",,Moderately satisfied,"More frequent updates on local flood risks,More detailed information about flood preparedness,Increased opportunities for community feedback,Improved translation and accessibility information for non-English speakers",,"Better information sharing (e.g., more frequent announcements, different forms of communication),Providing multilingual interpretation services",,I rarely participate in meetings,Moderately involved,My local neighborhood association or homeowners association (HOA),,Word of mouth,,No,1-5 years,Moderate (50k-<150k),I rent my home.,Houston,,
R_6fvOr4tLpYGNDVi,EN,"Improved air quality,Improved stormwater quality,Improved soil quality",,"Long-standing water bodies,Aquatic (water) plants (e.g., cattail, dwarf palmettos, bald cypress tree),A drainage ditch nearby",(1) Lake Houston Flatwood Wetlands,"Yes, I think they impact flooding in my community",Drought,Sometimes – (once every 2-6 months),Sometimes – (once every 2-6 months),"Aging infrastructure (e.g., not in compliance–out of date),Increased development or urbanization,Nearby river, creek, or bayou overflowing",,"$10,000 - $20,000","Between ankle and knee level (e.g., above 3 inches, up to 12 inches)","Property damage (e.g., vehicle damage, home repairs),Loss of work or income,Mental health impact (e.g., anxiety, trauma, stress)",,"Installed flood barriers or sandbags around my property,Requested assistance from local government (e.g., city, county) to improve drainage,Engaged with local authorities around flooding issues",,"Large park,Pocket prairie,Pocket wetland,Rain garden,Wetland conservation,Wetland restoration (coastal or inland)",Permeable pavement,Pocket wetland,"Large park,Wetland conservation,Wetland restoration (inland or coastal)",1,2,3,"Yes, it is important","Yes, it is important","Yes, it is important",Texas Water Development Board (TWDB),,Above average trust,"Attracting unwanted pests,Displacement due to environmental projects (e.g., gentrification or green gentrification),High installment costs",,Extremely satisfied,"More frequent updates on local flood risks,More detailed information about flood preparedness,Better access to emergency resources and assistance",,"Better information sharing (e.g., more frequent announcements, different forms of communication),Establishing community advisory boards,Involving local schools and community groups",,I participate in all meetings,Very involved,"Bayou City Waterkeeper (BCWK),West Street Recovery (WSR),Coalition for Environment, Equity and Resilience (CEER)",,Facebook Posts,,No,Over 20 years,Moderate (50k-<150k),I own my home.,Baytown,,
R_5PaXAFTLTGMh5em,EN,"Neighborhood beautification,Improved stormwater quality,Increased property value",,"Long-standing water bodies,A drainage ditch nearby,Wildlife commonly found near water (e.g., frogs, salamander, herons, egrets)",(1) Lake Houston Flatwood Wetlands,"Yes, I think they impact flooding in my community",Drought,Often – (At least once a month),Always – (every time it rains),"Heavy rainfall or storms,Blocked or clogged drainage systems,Nearby river, creek, or bayou overflowing",,$0 - I haven't spent any money on flood-related repairs,"Less than or at ankle level (e.g., under 3 inches)","Prevented or delayed access to essential services (e.g., health care, groceries, travel, work),Interruption of utility services (e.g., power outages, water supply)",,"Installed flood barriers or sandbags around my property,Only my landlord can take action to address or reduce flooding at my residence",,I have not seen any of the GSI examples in my community.,Rain garden,Pocket prairie,Large park,2,1,3,"Yes, it is important","Yes, it is important","Yes, it is important",Harris County Flood Control District (HCFCD),,Slight trust,"Maintenance issues,Space requirements–not enough space",,Moderately satisfied,"More frequent updates on local flood risks,Improved translation and accessibility information for non-English speakers",,"Better information sharing (e.g., more frequent announcements, different forms of communication),Compensation for time (e.g., money, gift cards)",,"I never participate in meetings, although they are available",Somewhat involved,I am not part of any organizations focused on drainage and flooding issues.,,Phone Calls,,Yes,Over 20 years,High (≥150k),I rent my home.,Houston,,
R_5RQgF26u6RK0JHf,EN,"Neighborhood beautification,Improved stormwater quality,Improved soil quality",,"Long-standing water bodies,A creek nearby",(5) Anahuac Coastal Marsh and Prairies,"Yes, I think they impact flooding in my community",Drought,Sometimes – (once every 2-6 months),Sometimes – (once every 2-6 months),"Heavy rainfall or storms,Blocked or clogged drainage systems,Nearby river, creek, or bayou overflowing",,Less than $500,"Between ankle and knee level (e.g., above 3 inches, up to 12 inches)","Property damage (e.g., vehicle damage, home repairs),Interruption of utility services (e.g., power outages, water supply)",,"Requested assistance from local government (e.g., city, county) to improve drainage",,Large park,I prefer not to implement small-scale GSI in my community,Pocket wetland,Large park,1,2,3,"Yes, it is important","Yes, it is important","Yes, it is important","City of Houston, and other Municipalities (Municipal Utility District MUDs)",,Moderate trust,"Increased taxes,Not fitting into community look/aesthetic",,Not at all satisfied,"More frequent updates on local flood risks,Improved use of technology (e.g., apps, websites) for flood risk information",,"Establishing community advisory boards,Host more regular and diverse community meetings representative of the community",,I rarely participate in meetings,Somewhat involved,"Bayou City Waterkeeper (BCWK),Northeast Action Collective (NAC)",,Community bulletin posts,,No,6-10 years,Low (<50k),I rent my home.,Houston,,
R_52PBECLJYJitjf0,EN,"Improved air quality,Improved soil quality,Increased property value",,"A drainage ditch nearby,Wildlife commonly found near water (e.g., frogs, salamander, herons, egrets),Consistently-saturated soil",(2) Greater Lake Creek,"Yes, I think they impact flooding in my community",Drought,Rarely – (once a year or less),Rarely – (once a year or less),"Heavy rainfall or storms,Blocked or clogged drainage systems,Nearby river, creek, or bayou overflowing",,Less than $500,"Less than or at ankle level (e.g., under 3 inches)","Mental health impact (e.g., anxiety, trauma, stress)",,I have not taken any measures to address or reduce flooding,,Large park,Permeable pavement,Urban forestry,"Large park,Wetland conservation",1,2,3,"Yes, it is important","Yes, it is important","Yes, it is important",State of Texas,,Above average trust,"Attracting unwanted pests,Equity in implementation–areas that need it most may not get first priority,High installment costs,Increased taxes,Maintenance issues",,Moderately satisfied,"More frequent updates on local flood risks,More detailed information about flood preparedness,Better access to emergency resources and assistance,Increased opportunities for community feedback,Enhanced coordination with other local organizations/agencies,More targeted outreach to vulnerable populations (e.g., environmental justice communities),Improved use of technology (e.g., apps, websites) for flood risk information,Improved translation and accessibility information for non-English speakers",,"Better information sharing (e.g., more frequent announcements, different forms of communication),Establishing community advisory boards,Involving local schools and community groups,Providing resources for community action (e.g., participation opportunities, educational programs, technical training),Compensation for time (e.g., money, gift cards),Host more regular and diverse community meetings representative of the community,Providing multilingual interpretation services",,"I never participate in meetings, although they are available",Somewhat involved,My local neighborhood association or homeowners association (HOA),,Word of mouth,,No,11-20 years,Low (<50k),I do not rent or own my home.,Houston,,
R_3HkaLeIjtB4gMIh,EN,"Improved air quality,Recreation (e.g., fishing, bird watching, walking),Stress reduction",,"Long-standing water bodies,Aquatic (water) plants (e.g., cattail, dwarf palmettos, bald cypress tree),Wildlife commonly found near water (e.g., frogs, salamander, herons, egrets),Consistently-saturated soil",(4) Trans-Brazos Region,"Yes, I think they impact flooding in my community",Drought,Rarely – (once a year or less),Never,"Heavy rainfall or storms,Blocked or clogged drainage systems,Increased development or urbanization",,$0 - I haven't spent any money on flood-related repairs,"Above the knee (e.g., over 12 inches)","Prevented or delayed access to essential services (e.g., health care, groceries, travel, work),Interruption of utility services (e.g., power outages, water supply),Increased cost for repairs or flood proofing (e.g., more expensive flood insurance premiums)",,"Raised the foundation of my house,Installed flood barriers or sandbags around my property,Requested assistance from local government (e.g., city, county) to improve drainage,Engaged with local authorities around flooding issues,Only my landlord can take action to address or reduce flooding at my residence",,"Large park,Rain garden,Urban forestry","Bioswale,Permeable pavement,Rain garden","Nature-based detention pond,Pocket prairie,Urban forestry","Large park,Wetland conservation,Wetland restoration (inland or coastal)",2,1,3,"Yes, it is important","Yes, it is important","Yes, it is important","City of Houston, and other Municipalities (Municipal Utility District MUDs)",,Moderate trust,"Equity in implementation–areas that need it most may not get first priority,High installment costs,Maintenance issues,Space requirements–not enough space",,Moderately satisfied,"More frequent updates on local flood risks,More detailed information about flood preparedness,Better access to emergency resources and assistance,Improved use of technology (e.g., apps, websites) for flood risk information",,"Better information sharing (e.g., more frequent announcements, different forms of communication),Involving local schools and community groups,Providing resources for community action (e.g., participation opportunities, educational programs, technical training),Host more regular and diverse community meetings representative of the community,Providing multilingual interpretation services",,I participate in most meetings,Somewhat involved,"Bayou City Waterkeeper (BCWK),West Street Recovery (WSR),Coalition for Environment, Equity and Resilience (CEER)",,Instagram Posts,,No,6-10 years,Moderate (50k-<150k),I own my home.,Houston,,
R_5pse6ha0Un1F8ol,EN,"Neighborhood beautification,Improved air quality,Recreation (e.g., fishing, bird watching, walking)",,"Long-standing water bodies,Aquatic (water) plants (e.g., cattail, dwarf palmettos, bald cypress tree),Wildlife commonly found near water (e.g., frogs, salamander, herons, egrets)",I am not sure which critical wetland is located upstream of me.,"Yes, I think they impact flooding in my community",Drought,Rarely – (once a year or less),Rarely – (once a year or less),"Heavy rainfall or storms,Nearby river, creek, or bayou overflowing,Other:",I've seen it one time,I do not know,"Less than or at ankle level (e.g., under 3 inches)",Prefer not to answer,,Prefer not to answer,,Wetland conservation,Rainwater harvesting,Pocket wetland,Large park,1,2,3,Prefer not to answer,Prefer not to answer,"Yes, it is important",Harris County Flood Control District (HCFCD),,Moderate trust,Maintenance issues,,Moderately satisfied,"Improved use of technology (e.g., apps, websites) for flood risk information",,"Better information sharing (e.g., more frequent announcements, different forms of communication),Providing multilingual interpretation services",,I occasionally participate in meetings,Somewhat involved,I am not part of any organizations focused on drainage and flooding issues.,,Other:,A bigger sign,No,1-5 years,No response,I do not rent or own my home.,Houston,,
R_1Egv753phUA9qfr,EN,"Neighborhood beautification,Improved air quality,Improved soil quality",,A drainage ditch nearby,(4) Trans-Brazos Region,I do not know,Drought,Sometimes – (once every 2-6 months),Sometimes – (once every 2-6 months),"Heavy rainfall or storms,Drains culverts or pipes that are too small (e.g., inadequate stormwater infrastructure size)",,Less than $500,"Between ankle and knee level (e.g., above 3 inches, up to 12 inches)","Increased cost for repairs or flood proofing (e.g., more expensive flood insurance premiums)",,I have not taken any measures to address or reduce flooding,,Nature-based detention pond,Rain garden,Urban forestry,Large park,1,2,3,"Yes, it is important",I don’t know,"Yes, it is important","City of Houston, and other Municipalities (Municipal Utility District MUDs)",,Moderate trust,Increased taxes,,Slightly satisfied,"Better access to emergency resources and assistance,Improved use of technology (e.g., apps, websites) for flood risk information",,"Better information sharing (e.g., more frequent announcements, different forms of communication)",,I rarely participate in meetings,Somewhat involved,My local neighborhood association or homeowners association (HOA),,Facebook Posts,,No,1-5 years,Low (<50k),I rent my home.,Houston,,
R_5J7DBxH4goxEjLj,EN,"Improved air quality,Improved soil quality,Recreation (e.g., fishing, bird watching, walking)",,"A drainage ditch nearby,Consistently-saturated soil",(1) Lake Houston Flatwood Wetlands,"Yes, I think they impact flooding in my community",Drought,Sometimes – (once every 2-6 months),Sometimes – (once every 2-6 months),Heavy rainfall or storms,,$0 - I haven't spent any money on flood-related repairs,"Less than or at ankle level (e.g., under 3 inches)","Interruption of utility services (e.g., power outages, water supply)",,Only my landlord can take action to address or reduce flooding at my residence,,"Nature-based detention pond,Permeable pavement",Permeable pavement,Nature-based detention pond,Wetland conservation,1,2,3,"Yes, it is important","Yes, it is important","Yes, it is important",I do not know,,Slight trust,"Increased taxes,Maintenance issues,Space requirements–not enough space",,Moderately satisfied,"More frequent updates on local flood risks,More detailed information about flood preparedness,Improved use of technology (e.g., apps, websites) for flood risk information",,"Better information sharing (e.g., more frequent announcements, different forms of communication),Providing resources for community action (e.g., participation opportunities, educational programs, technical training)",,I rarely participate in meetings,Not at all involved,I am not part of any organizations focused on drainage and flooding issues.,,Facebook Posts,,No,Less than a year,Low (<50k),I rent my home.,Houston,,
R_7XCrMX9uVLDIJPj,EN,"Neighborhood beautification,Improved stormwater quality,Improved soil quality",,"Aquatic (water) plants (e.g., cattail, dwarf palmettos, bald cypress tree),A drainage ditch nearby,A creek nearby",(1) Lake Houston Flatwood Wetlands,"Yes, I think they impact flooding in my community",Drought,Rarely – (once a year or less),Sometimes – (once every 2-6 months),"Blocked or clogged drainage systems,Drains culverts or pipes that are too small (e.g., inadequate stormwater infrastructure size),Aging infrastructure (e.g., not in compliance–out of date)",,"$500 - $1,000","Between ankle and knee level (e.g., above 3 inches, up to 12 inches)","Loss of work or income,Mental health impact (e.g., anxiety, trauma, stress),Displacement from home (e.g., temporary relocation)",,"Installed flood barriers or sandbags around my property,Requested assistance from local government (e.g., city, county) to improve drainage",,"Rain garden,Urban forestry,Wetland conservation","Permeable pavement,Rain garden","Nature-based detention pond,Pocket wetland",Wetland conservation,1,3,2,"Yes, it is important","No, it is not important","Yes, it is important",Harris County Flood Control District (HCFCD),,Above average trust,"Displacement due to environmental projects (e.g., gentrification or green gentrification),High installment costs,Lack of educational resources for the community",,Extremely satisfied,"More detailed information about flood preparedness,Increased opportunities for community feedback,Enhanced coordination with other local organizations/agencies",,"Better information sharing (e.g., more frequent announcements, different forms of communication),Involving local schools and community groups,Providing resources for community action (e.g., participation opportunities, educational programs, technical training)",,I participate in all meetings,Very involved,"West Street Recovery (WSR),Coalition for Environment, Equity and Resilience (CEER)",,Instagram Posts,,No,1-5 years,Low (<50k),I rent my home.,Houston,,
R_14HTK4AjHvGt3a1,EN,"Neighborhood beautification,Increased property value,Recreation (e.g., fishing, bird watching, walking)",,Consistently-saturated soil,(2) Greater Lake Creek,"Yes, I think they impact flooding in my community",Drought,Rarely – (once a year or less),Rarely – (once a year or less),"Aging infrastructure (e.g., not in compliance–out of date),Increased development or urbanization,Nearby river, creek, or bayou overflowing",,$0 - I haven't spent any money on flood-related repairs,"Between ankle and knee level (e.g., above 3 inches, up to 12 inches)","Property damage (e.g., vehicle damage, home repairs)",,Only my landlord can take action to address or reduce flooding at my residence,,"Rain garden,Wetland conservation,Wetland restoration (coastal or inland)","Rain garden,Rainwater harvesting","Nature-based detention pond,Pocket prairie,Pocket wetland,Urban forestry","Large park,Wetland conservation",3,1,2,"Yes, it is important","Yes, it is important","Yes, it is important",Harris County Flood Control District (HCFCD),,Slight trust,"Attracting unwanted pests,Equity in implementation–areas that need it most may not get first priority,Displacement due to environmental projects (e.g., gentrification or green gentrification),High installment costs,Increased taxes,Lack of educational resources for the community,Maintenance issues,Not fitting into community look/aesthetic,Space requirements–not enough space",,Slightly satisfied,"More frequent updates on local flood risks,More detailed information about flood preparedness,Better access to emergency resources and assistance",,"Involving local schools and community groups,Providing resources for community action (e.g., participation opportunities, educational programs, technical training),Host more regular and diverse community meetings representative of the community,Providing multilingual interpretation services",,There are no meetings available related to this topic,Somewhat involved,I am not part of any organizations focused on drainage and flooding issues.,,Newspaper articles/Flyers,,No,1-5 years,Low (<50k),I rent my home.,Houston,,
R_3lz5LBZ02UWuORM,EN,"Improved air quality,Other:",The sidewalk as are uneven and slanted.,"Wildlife commonly found near water (e.g., frogs, salamander, herons, egrets)",I am not sure which critical wetland is located upstream of me.,"No, I do not think they impact flooding in my community",Drought,Never,Never,"Blocked or clogged drainage systems,Drains culverts or pipes that are too small (e.g., inadequate stormwater infrastructure size),Nearby river, creek, or bayou overflowing",,$0 - I haven't spent any money on flood-related repairs,"Not applicable (e.g., no experiences with flooding)",I have not experienced any of these events,,Only my landlord can take action to address or reduce flooding at my residence,,I have not seen any of the GSI examples in my community.,I prefer not to implement small-scale GSI in my community,I prefer not to implement mid-scale GSI in my community,"Large park,Wetland conservation,Wetland restoration (inland or coastal)",1,2,3,"Yes, it is important","Yes, it is important","Yes, it is important",Harris County Flood Control District (HCFCD),,Moderate trust,There are no concerns,,Not at all satisfied,Other:,Learning tools to help individuals make informed decisions.,"Better information sharing (e.g., more frequent announcements, different forms of communication)",,"I never participate in meetings, although they are available",Not at all involved,I am not part of any organizations focused on drainage and flooding issues.,,Community bulletin posts,,No,Less than a year,Low (<50k),I rent my home.,Houston,,
R_3w5djxq8j78bytl,EN,"Neighborhood beautification,Improved air quality,Increased property value",,A drainage ditch nearby,(2) Greater Lake Creek,"Yes, I think they impact flooding in my community",Drought,Sometimes – (once every 2-6 months),Rarely – (once a year or less),"Heavy rainfall or storms,Aging infrastructure (e.g., not in compliance–out of date),Nearby river, creek, or bayou overflowing",,"$5,000 - $10,000","Between ankle and knee level (e.g., above 3 inches, up to 12 inches)","Property damage (e.g., vehicle damage, home repairs)",,Only my landlord can take action to address or reduce flooding at my residence,,"Pocket prairie,Rain garden,Wetland conservation",Permeable pavement,Urban forestry,Wetland restoration (inland or coastal),2,1,3,"Yes, it is important","Yes, it is important","Yes, it is important",State of Texas,,Slight trust,"Equity in implementation–areas that need it most may not get first priority,High installment costs",,Extremely satisfied,"Enhanced coordination with other local organizations/agencies,Improved use of technology (e.g., apps, websites) for flood risk information",,"Establishing community advisory boards,Compensation for time (e.g., money, gift cards)",,I participate in most meetings,Very involved,"Northeast Action Collective (NAC),My local neighborhood association or homeowners association (HOA)",,Community bulletin posts,,No,6-10 years,Moderate (50k-<150k),I rent my home.,Houston,,
R_1eeklcpiOmZ2R5h,EN,"Improved air quality,Improved stormwater quality,Stress reduction",,"Long-standing water bodies,Aquatic (water) plants (e.g., cattail, dwarf palmettos, bald cypress tree),A creek nearby,Wildlife commonly found near water (e.g., frogs, salamander, herons, egrets),Consistently-saturated soil",(2) Greater Lake Creek,"Yes, I think they impact flooding in my community",Drought,Sometimes – (once every 2-6 months),Rarely – (once a year or less),"Heavy rainfall or storms,Drains culverts or pipes that are too small (e.g., inadequate stormwater infrastructure size),Increased development or urbanization",,$0 - I haven't spent any money on flood-related repairs,"Less than or at ankle level (e.g., under 3 inches)","Mental health impact (e.g., anxiety, trauma, stress),Prevented or delayed access to essential services (e.g., health care, groceries, travel, work)",,"Not applicable (e.g., flooding has not affected my residence)",,"Nature-based detention pond,Large park,Pocket prairie,Rain garden,Urban forestry,Wetland conservation","Permeable pavement,Rain garden,Rainwater harvesting","Nature-based detention pond,Pocket prairie,Pocket wetland,Urban forestry","Large park,Wetland conservation,Wetland restoration (inland or coastal)",3,2,1,"Yes, it is important","Yes, it is important","Yes, it is important",Harris County Flood Control District (HCFCD),,Moderate trust,"Equity in implementation–areas that need it most may not get first priority,High installment costs,Increased taxes,Maintenance issues,Space requirements–not enough space",,Slightly satisfied,"More frequent updates on local flood risks,More detailed information about flood preparedness,Better access to emergency resources and assistance,Increased opportunities for community feedback,Enhanced coordination with other local organizations/agencies,More targeted outreach to vulnerable populations (e.g., environmental justice communities),Improved use of technology (e.g., apps, websites) for flood risk information,Improved translation and accessibility information for non-English speakers",,"Better information sharing (e.g., more frequent announcements, different forms of communication),Establishing community advisory boards,Involving local schools and community groups,Providing resources for community action (e.g., participation opportunities, educational programs, technical training),Host more regular and diverse community meetings representative of the community,Providing multilingual interpretation services,Providing child care",,I rarely participate in meetings,Not at all involved,I am not part of any organizations focused on drainage and flooding issues.,,Facebook Posts,,No,11-20 years,High (≥150k),I own my home.,Houston,,
R_7prADNDOus2EXjH,EN,"Neighborhood beautification,Improved air quality,Stress reduction",,"Long-standing water bodies,A drainage ditch nearby",(3) Greater Katy Prairie-Pothole Pimple-Mound Complexes,"Yes, I think they impact flooding in my community",Drought,Sometimes – (once every 2-6 months),Sometimes – (once every 2-6 months),"Heavy rainfall or storms,Blocked or clogged drainage systems,Increased development or urbanization",,$0 - I haven't spent any money on flood-related repairs,"Less than or at ankle level (e.g., under 3 inches)","Property damage (e.g., vehicle damage, home repairs),Mental health impact (e.g., anxiety, trauma, stress),Interruption of utility services (e.g., power outages, water supply)",,"Requested assistance from local government (e.g., city, county) to improve drainage,Engaged with local authorities around flooding issues,Only my landlord can take action to address or reduce flooding at my residence",,Large park,Permeable pavement,Urban forestry,Large park,1,2,3,"Yes, it is important","Yes, it is important","Yes, it is important","City of Houston, and other Municipalities (Municipal Utility District MUDs)",,Moderate trust,"Increased taxes,Lack of educational resources for the community,Maintenance issues",,Slightly satisfied,"More frequent updates on local flood risks,More detailed information about flood preparedness,Better access to emergency resources and assistance,Increased opportunities for community feedback,More targeted outreach to vulnerable populations (e.g., environmental justice communities)",,"Better information sharing (e.g., more frequent announcements, different forms of communication),Involving local schools and community groups,Providing resources for community action (e.g., participation opportunities, educational programs, technical training)",,I rarely participate in meetings,Somewhat involved,My local neighborhood association or homeowners association (HOA),,Community bulletin posts,,Yes,1-5 years,Low (<50k),I rent my home.,Houston,,
R_633lexV93YeYbQU,EN,"Improved stormwater quality,Improved soil quality",,A drainage ditch nearby,(3) Greater Katy Prairie-Pothole Pimple-Mound Complexes,"Yes, I think they impact flooding in my community",Drought,Rarely – (once a year or less),Never,"Heavy rainfall or storms,Blocked or clogged drainage systems",,$0 - I haven't spent any money on flood-related repairs,"Not applicable (e.g., no experiences with flooding)","Increased cost for repairs or flood proofing (e.g., more expensive flood insurance premiums)",,Only my landlord can take action to address or reduce flooding at my residence,,"Rain garden,Wetland conservation",Permeable pavement,Nature-based detention pond,Wetland restoration (inland or coastal),1,2,3,"Yes, it is important","Yes, it is important","Yes, it is important","City of Houston, and other Municipalities (Municipal Utility District MUDs)",,Moderate trust,Maintenance issues,,Slightly satisfied,More detailed information about flood preparedness,,Establishing community advisory boards,,"I never participate in meetings, although they are available",Moderately involved,My local neighborhood association or homeowners association (HOA),,Facebook Posts,,Yes,1-5 years,Low (<50k),I rent my home.,Houston,,
R_3NCB8IImxb7gyhR,EN,"Neighborhood beautification,Improved stormwater quality",,A drainage ditch nearby,I am not sure which critical wetland is located upstream of me.,"Yes, I think they impact flooding in my community",Drought,Sometimes – (once every 2-6 months),Sometimes – (once every 2-6 months),"Heavy rainfall or storms,Drains culverts or pipes that are too small (e.g., inadequate stormwater infrastructure size)",,$0 - I haven't spent any money on flood-related repairs,"Less than or at ankle level (e.g., under 3 inches)",I have not experienced any of these events,,I have not taken any measures to address or reduce flooding,,I have not seen any of the GSI examples in my community.,Rain garden,Urban forestry,Wetland restoration (inland or coastal),1,2,3,"Yes, it is important","Yes, it is important","Yes, it is important",Harris County Flood Control District (HCFCD),,Slight trust,There are no concerns,,Moderately satisfied,More frequent updates on local flood risks,,"Compensation for time (e.g., money, gift cards)",,"I never participate in meetings, although they are available",Not at all involved,I am not part of any organizations focused on drainage and flooding issues.,,Community bulletin posts,,Yes,1-5 years,Moderate (50k-<150k),I rent my home.,Houston,,
R_1fUD03eX7Sr0eOd,EN,Improved stormwater quality,,Long-standing water bodies,(1) Lake Houston Flatwood Wetlands,"Yes, I think they impact flooding in my community",Drought,Always – (every time it rains),Always – (every time it rains),"Aging infrastructure (e.g., not in compliance–out of date)",,"$1,000 - $5,000","Between ankle and knee level (e.g., above 3 inches, up to 12 inches)","Mental health impact (e.g., anxiety, trauma, stress),Increased cost for repairs or flood proofing (e.g., more expensive flood insurance premiums)",,"Requested assistance from local government (e.g., city, county) to improve drainage",,Rain garden,Permeable pavement,Nature-based detention pond,Wetland restoration (inland or coastal),3,2,1,"Yes, it is important","Yes, it is important","Yes, it is important",United States Environmental Protection Agency (US EPA),,Extreme trust,"Displacement due to environmental projects (e.g., gentrification or green gentrification)",,Slightly satisfied,Increased opportunities for community feedback,,Establishing community advisory boards,,I occasionally participate in meetings,Extremely involved,My local neighborhood association or homeowners association (HOA),,Community bulletin posts,,Yes,Prefer not to answer,Low (<50k),I own my home.,Baytown,,
R_1QL1woCq9Tp1UG1,EN,"Neighborhood beautification,Improved stormwater quality,Increased property value",,"Aquatic (water) plants (e.g., cattail, dwarf palmettos, bald cypress tree),A drainage ditch nearby,Wildlife commonly found near water (e.g., frogs, salamander, herons, egrets)",(2) Greater Lake Creek,"No, I do not think they impact flooding in my community",Drought,Rarely – (once a year or less),Rarely – (once a year or less),"Heavy rainfall or storms,Blocked or clogged drainage systems,Nearby river, creek, or bayou overflowing",,"$500 - $1,000","Less than or at ankle level (e.g., under 3 inches)","Property damage (e.g., vehicle damage, home repairs)",,"Raised the foundation of my house,Installed flood barriers or sandbags around my property,Requested assistance from local government (e.g., city, county) to improve drainage",,"Bioswale,Nature-based detention pond,Permeable pavement",I prefer not to implement small-scale GSI in my community,Nature-based detention pond,Large park,1,2,3,"Yes, it is important","Yes, it is important","Yes, it is important",Harris County Flood Control District (HCFCD),,Slight trust,"Attracting unwanted pests,Displacement due to environmental projects (e.g., gentrification or green gentrification),High installment costs",,Slightly satisfied,"More frequent updates on local flood risks,Better access to emergency resources and assistance",,"Better information sharing (e.g., more frequent announcements, different forms of communication),Compensation for time (e.g., money, gift cards)",,I participate in all meetings,Somewhat involved,"Bayou City Waterkeeper (BCWK),Coalition for Environment, Equity and Resilience (CEER)",,Community bulletin posts,,No,Over 20 years,Low (<50k),I own my home.,Houston,,
R_35FQu9cedgzjZeV,EN,"Neighborhood beautification,Improved stormwater quality,Increased property value",,"Aquatic (water) plants (e.g., cattail, dwarf palmettos, bald cypress tree),A creek nearby,Wildlife commonly found near water (e.g., frogs, salamander, herons, egrets),Consistently-saturated soil",(1) Lake Houston Flatwood Wetlands,"Yes, I think they impact flooding in my community",Drought,Rarely – (once a year or less),Rarely – (once a year or less),"Heavy rainfall or storms,Blocked or clogged drainage systems,Nearby river, creek, or bayou overflowing",,$0 - I haven't spent any money on flood-related repairs,"Less than or at ankle level (e.g., under 3 inches)","Interruption of utility services (e.g., power outages, water supply),Increased cost for repairs or flood proofing (e.g., more expensive flood insurance premiums)",,"Not applicable (e.g., flooding has not affected my residence)",,"Nature-based detention pond,Pocket prairie,Pocket wetland,Wetland conservation,Wetland restoration (coastal or inland)",Rainwater harvesting,"Pocket prairie,Pocket wetland","Large park,Wetland conservation,Wetland restoration (inland or coastal)",3,1,2,"Yes, it is important","Yes, it is important","Yes, it is important","City of Houston, and other Municipalities (Municipal Utility District MUDs)",,Moderate trust,"Attracting unwanted pests,Equity in implementation–areas that need it most may not get first priority,Maintenance issues",,Moderately satisfied,"More frequent updates on local flood risks,More detailed information about flood preparedness,More targeted outreach to vulnerable populations (e.g., environmental justice communities),Improved use of technology (e.g., apps, websites) for flood risk information,Improved translation and accessibility information for non-English speakers",,"Involving local schools and community groups,Providing resources for community action (e.g., participation opportunities, educational programs, technical training)",,"I never participate in meetings, although they are available",Not at all involved,I am not part of any organizations focused on drainage and flooding issues.,,Facebook Posts,,No,6-10 years,Moderate (50k-<150k),I own my home.,Houston,,
R_3Cm8osPfGLSCBrs,EN,"Neighborhood beautification,Improved air quality,Increased property value",,"Long-standing water bodies,A creek nearby,Wildlife commonly found near water (e.g., frogs, salamander, herons, egrets)",(3) Greater Katy Prairie-Pothole Pimple-Mound Complexes,"Yes, I think they impact flooding in my community",Drought,Rarely – (once a year or less),Rarely – (once a year or less),"Heavy rainfall or storms,Aging infrastructure (e.g., not in compliance–out of date),Nearby river, creek, or bayou overflowing",,"More than $20,000","Less than or at ankle level (e.g., under 3 inches)","Property damage (e.g., vehicle damage, home repairs),Loss of work or income,Displacement from home (e.g., temporary relocation),Interruption of utility services (e.g., power outages, water supply),Increased cost for repairs or flood proofing (e.g., more expensive flood insurance premiums)",,"Requested assistance from local government (e.g., city, county) to improve drainage",,"Permeable pavement,Urban forestry",Permeable pavement,Urban forestry,Large park,2,1,3,"Yes, it is important","Yes, it is important","Yes, it is important",State of Texas,,Slight trust,"Attracting unwanted pests,Displacement due to environmental projects (e.g., gentrification or green gentrification)",,Not at all satisfied,More frequent updates on local flood risks,,Establishing community advisory boards,,I rarely participate in meetings,Somewhat involved,My local neighborhood association or homeowners association (HOA),,Phone Calls,,No,11-20 years,Moderate (50k-<150k),I own my home.,Houston,,
R_3ogJwrUeX0jCyHH,EN,"Improved air quality,Improved stormwater quality,Recreation (e.g., fishing, bird watching, walking)",,"Long-standing water bodies,A drainage ditch nearby,A creek nearby,Wildlife commonly found near water (e.g., frogs, salamander, herons, egrets),Consistently-saturated soil",(1) Lake Houston Flatwood Wetlands,I do not know,Drought,Never,Sometimes – (once every 2-6 months),"Heavy rainfall or storms,Blocked or clogged drainage systems",,$0 - I haven't spent any money on flood-related repairs,"Less than or at ankle level (e.g., under 3 inches)","Displacement from home (e.g., temporary relocation),Prevented or delayed access to essential services (e.g., health care, groceries, travel, work),Interruption of utility services (e.g., power outages, water supply)",,Only my landlord can take action to address or reduce flooding at my residence,,I have not seen any of the GSI examples in my community.,Rainwater harvesting,Urban forestry,I prefer not to implement large-scale GSI in my community,1,3,2,"Yes, it is important","Yes, it is important","Yes, it is important",I do not know,,No trust,"Displacement due to environmental projects (e.g., gentrification or green gentrification),High installment costs,Increased taxes",,Slightly satisfied,"More frequent updates on local flood risks,More detailed information about flood preparedness,More targeted outreach to vulnerable populations (e.g., environmental justice communities),Improved use of technology (e.g., apps, websites) for flood risk information,Improved translation and accessibility information for non-English speakers",,"Providing resources for community action (e.g., participation opportunities, educational programs, technical training),Providing child care",,"I never participate in meetings, although they are available",Not at all involved,I am not part of any organizations focused on drainage and flooding issues.,,Facebook Posts,,No,1-5 years,Moderate (50k-<150k),I rent my home.,Houston,,
R_33Us7Ndp4vFleZb,EN,"Recreation (e.g., fishing, bird watching, walking)",,"A drainage ditch nearby,Wildlife commonly found near water (e.g., frogs, salamander, herons, egrets)",(1) Lake Houston Flatwood Wetlands,"Yes, I think they impact flooding in my community",Drought,Sometimes – (once every 2-6 months),Often – (At least once a month),"Drains culverts or pipes that are too small (e.g., inadequate stormwater infrastructure size)",,Less than $500,"Above the knee (e.g., over 12 inches)","Property damage (e.g., vehicle damage, home repairs)",,"Requested assistance from local government (e.g., city, county) to improve drainage",,"Nature-based detention pond,Pocket wetland",Rain garden,Pocket prairie,Wetland restoration (inland or coastal),1,3,2,"No, it is not important","Yes, it is important","No, it is not important",Harris County Flood Control District (HCFCD),,Moderate trust,Equity in implementation–areas that need it most may not get first priority,,Slightly satisfied,Increased opportunities for community feedback,,Providing multilingual interpretation services,,I occasionally participate in meetings,Moderately involved,"Coalition for Environment, Equity and Resilience (CEER)",,Instagram Posts,,Yes,1-5 years,Low (<50k),I rent my home.,Houston,,
R_3q9v86UeaMDZQvT,EN,"Improved air quality,Improved stormwater quality,Stress reduction",,"Aquatic (water) plants (e.g., cattail, dwarf palmettos, bald cypress tree),Wildlife commonly found near water (e.g., frogs, salamander, herons, egrets),Consistently-saturated soil",(1) Lake Houston Flatwood Wetlands,"Yes, I think they impact flooding in my community",Drought,Sometimes – (once every 2-6 months),Rarely – (once a year or less),"Heavy rainfall or storms,Blocked or clogged drainage systems,Drains culverts or pipes that are too small (e.g., inadequate stormwater infrastructure size)",,$0 - I haven't spent any money on flood-related repairs,"Less than or at ankle level (e.g., under 3 inches)","Interruption of utility services (e.g., power outages, water supply)",,"Requested assistance from local government (e.g., city, county) to improve drainage",,"Bioswale,Nature-based detention pond,Large park,Permeable pavement,Pocket wetland,Wetland conservation",Permeable pavement,Nature-based detention pond,Large park,2,1,3,"Yes, it is important","Yes, it is important","Yes, it is important",Local city planning departments,,Slight trust,"Attracting unwanted pests,High installment costs,Increased taxes",,Slightly satisfied,"More frequent updates on local flood risks,Better access to emergency resources and assistance,Enhanced coordination with other local organizations/agencies,More targeted outreach to vulnerable populations (e.g., environmental justice communities)",,"Better information sharing (e.g., more frequent announcements, different forms of communication),Providing resources for community action (e.g., participation opportunities, educational programs, technical training)",,"I never participate in meetings, although they are available",Not at all involved,I am not part of any organizations focused on drainage and flooding issues.,,Facebook Posts,,No,1-5 years,Low (<50k),I rent my home.,Baytown,,
R_5cnyhmQR5C2eB9v,EN,"Neighborhood beautification,Increased property value",,"Long-standing water bodies,A creek nearby",I am not sure which critical wetland is located upstream of me.,I do not know,Drought,Never,Never,Blocked or clogged drainage systems,,$0 - I haven't spent any money on flood-related repairs,"Not applicable (e.g., no experiences with flooding)",I have not experienced any of these events,,I have not taken any measures to address or reduce flooding,,I have not seen any of the GSI examples in my community.,Rainwater harvesting,I prefer not to implement mid-scale GSI in my community,I prefer not to implement large-scale GSI in my community,1,2,3,I don’t know,"Yes, it is important","Yes, it is important",US Army Corps of Engineers (USACE),,Extreme trust,Lack of educational resources for the community,,Extremely satisfied,"More targeted outreach to vulnerable populations (e.g., environmental justice communities)",,Host more regular and diverse community meetings representative of the community,,I rarely participate in meetings,Extremely involved,My local neighborhood association or homeowners association (HOA),,Newspaper articles/Flyers,,No,1-5 years,Moderate (50k-<150k),I rent my home.,Houston,,
R_11jRfTkneMlYkNl,EN,"Neighborhood beautification,Improved air quality,Recreation (e.g., fishing, bird watching, walking)",,"Aquatic (water) plants (e.g., cattail, dwarf palmettos, bald cypress tree),Wildlife commonly found near water (e.g., frogs, salamander, herons, egrets),Consistently-saturated soil",(1) Lake Houston Flatwood Wetlands,I do not know,Drought,Sometimes – (once every 2-6 months),Always – (every time it rains),"Heavy rainfall or storms,Blocked or clogged drainage systems,Drains culverts or pipes that are too small (e.g., inadequate stormwater infrastructure size)",,$0 - I haven't spent any money on flood-related repairs,"Less than or at ankle level (e.g., under 3 inches)","Mental health impact (e.g., anxiety, trauma, stress),Prevented or delayed access to essential services (e.g., health care, groceries, travel, work)",,Only my landlord can take action to address or reduce flooding at my residence,,Wetland restoration (coastal or inland),Permeable pavement,Nature-based detention pond,I prefer not to implement large-scale GSI in my community,3,2,1,"Yes, it is important","Yes, it is important","Yes, it is important",Texas Commission on Environmental Quality (TCEQ),,Moderate trust,"Equity in implementation–areas that need it most may not get first priority,High installment costs,Increased taxes,Lack of educational resources for the community,Maintenance issues",,There is no information available,"More frequent updates on local flood risks,More detailed information about flood preparedness,Improved use of technology (e.g., apps, websites) for flood risk information",,"Better information sharing (e.g., more frequent announcements, different forms of communication),Involving local schools and community groups,Providing resources for community action (e.g., participation opportunities, educational programs, technical training),Host more regular and diverse community meetings representative of the community",,There are no meetings available related to this topic,Not at all involved,I am not part of any organizations focused on drainage and flooding issues.,,Community bulletin posts,,No,1-5 years,Low (<50k),I rent my home.,Houston,,
R_5hJXR15YjDCqN5D,EN,"Neighborhood beautification,Improved stormwater quality,Increased property value",,"Long-standing water bodies,Aquatic (water) plants (e.g., cattail, dwarf palmettos, bald cypress tree),Wildlife commonly found near water (e.g., frogs, salamander, herons, egrets),Consistently-saturated soil",(1) Lake Houston Flatwood Wetlands,"Yes, I think they impact flooding in my community",Drought,Sometimes – (once every 2-6 months),Rarely – (once a year or less),"Heavy rainfall or storms,Blocked or clogged drainage systems,Nearby river, creek, or bayou overflowing",,Less than $500,"Between ankle and knee level (e.g., above 3 inches, up to 12 inches)","Property damage (e.g., vehicle damage, home repairs),Loss of work or income,Interruption of utility services (e.g., power outages, water supply),Increased cost for repairs or flood proofing (e.g., more expensive flood insurance premiums)",,"Requested assistance from local government (e.g., city, county) to improve drainage",,"Large park,Rain garden,Wetland conservation",Permeable pavement,I prefer not to implement mid-scale GSI in my community,I prefer not to implement large-scale GSI in my community,1,2,3,"Yes, it is important","Yes, it is important","Yes, it is important",Harris County Flood Control District (HCFCD),,Moderate trust,Attracting unwanted pests,,Moderately satisfied,"More frequent updates on local flood risks,Better access to emergency resources and assistance,Increased opportunities for community feedback",,"Better information sharing (e.g., more frequent announcements, different forms of communication),Compensation for time (e.g., money, gift cards),Providing multilingual interpretation services",,I rarely participate in meetings,Moderately involved,My local neighborhood association or homeowners association (HOA),,Phone Calls,,No,11-20 years,Moderate (50k-<150k),I own my home.,Houston,,
R_3uOXZ5hZLrtz8IN,EN,"Improved air quality,Improved stormwater quality,Stress reduction",,"Long-standing water bodies,Aquatic (water) plants (e.g., cattail, dwarf palmettos, bald cypress tree),A creek nearby,Wildlife commonly found near water (e.g., frogs, salamander, herons, egrets),Consistently-saturated soil",(4) Trans-Brazos Region,"Yes, I think they impact flooding in my community",Drought,Sometimes – (once every 2-6 months),Often – (At least once a month),"Heavy rainfall or storms,Aging infrastructure (e.g., not in compliance–out of date),Nearby river, creek, or bayou overflowing",,Less than $500,"Between ankle and knee level (e.g., above 3 inches, up to 12 inches)","Loss of work or income,Interruption of utility services (e.g., power outages, water supply),Increased cost for repairs or flood proofing (e.g., more expensive flood insurance premiums)",,Only my landlord can take action to address or reduce flooding at my residence,,"Nature-based detention pond,Large park,Permeable pavement,Pocket wetland,Urban forestry,Wetland conservation,Wetland restoration (coastal or inland)","Permeable pavement,Rain garden,Rainwater harvesting","Nature-based detention pond,Pocket wetland,Urban forestry","Large park,Wetland conservation,Wetland restoration (inland or coastal)",2,1,3,"Yes, it is important","Yes, it is important","Yes, it is important",Texas Commission on Environmental Quality (TCEQ),,No trust,"Attracting unwanted pests,Displacement due to environmental projects (e.g., gentrification or green gentrification),High installment costs,Increased taxes,Lack of educational resources for the community,Maintenance issues,Not fitting into community look/aesthetic,Space requirements–not enough space",,Slightly satisfied,"More frequent updates on local flood risks,More detailed information about flood preparedness,Better access to emergency resources and assistance,Increased opportunities for community feedback,Enhanced coordination with other local organizations/agencies,More targeted outreach to vulnerable populations (e.g., environmental justice communities),Improved use of technology (e.g., apps, websites) for flood risk information,Improved translation and accessibility information for non-English speakers",,"Better information sharing (e.g., more frequent announcements, different forms of communication),Establishing community advisory boards,Involving local schools and community groups,Providing resources for community action (e.g., participation opportunities, educational programs, technical training),Compensation for time (e.g., money, gift cards),Host more regular and diverse community meetings representative of the community,Providing multilingual interpretation services,Providing child care",,I rarely participate in meetings,Somewhat involved,My local neighborhood association or homeowners association (HOA),,Other:,Local Television News Media Outlet / Public News Report,No,Over 20 years,Low (<50k),I rent my home.,Houston,,
R_1Jy7e6QsSz6KglH,EN,"Neighborhood beautification,Improved air quality,Increased property value",,"Aquatic (water) plants (e.g., cattail, dwarf palmettos, bald cypress tree),A creek nearby,Wildlife commonly found near water (e.g., frogs, salamander, herons, egrets)",(5) Anahuac Coastal Marsh and Prairies,"No, I do not think they impact flooding in my community",Drought,Sometimes – (once every 2-6 months),Often – (At least once a month),"Aging infrastructure (e.g., not in compliance–out of date)",,"$10,000 - $20,000","Above the knee (e.g., over 12 inches)","Prevented or delayed access to essential services (e.g., health care, groceries, travel, work)",,I have not taken any measures to address or reduce flooding,,I have not seen any of the GSI examples in my community.,I prefer not to implement small-scale GSI in my community,I prefer not to implement mid-scale GSI in my community,I prefer not to implement large-scale GSI in my community,2,3,1,"Yes, it is important","Yes, it is important","Yes, it is important",State of Texas,,Slight trust,There are no concerns,,Extremely satisfied,Improved translation and accessibility information for non-English speakers,,Providing multilingual interpretation services,,There are no meetings available related to this topic,Extremely involved,I am not part of any organizations focused on drainage and flooding issues.,,Phone Calls,,No,11-20 years,High (≥150k),I own my home.,Houston,,
R_7pqXA4dM59WjLTz,EN,"Improved air quality,Improved stormwater quality,Stress reduction",,"Aquatic (water) plants (e.g., cattail, dwarf palmettos, bald cypress tree),Wildlife commonly found near water (e.g., frogs, salamander, herons, egrets),Consistently-saturated soil",I am not sure which critical wetland is located upstream of me.,"Yes, I think they impact flooding in my community",Drought,Sometimes – (once every 2-6 months),Rarely – (once a year or less),"Heavy rainfall or storms,Aging infrastructure (e.g., not in compliance–out of date),Increased development or urbanization",,$0 - I haven't spent any money on flood-related repairs,"Less than or at ankle level (e.g., under 3 inches)","Mental health impact (e.g., anxiety, trauma, stress),Prevented or delayed access to essential services (e.g., health care, groceries, travel, work),Interruption of utility services (e.g., power outages, water supply)",,Only my landlord can take action to address or reduce flooding at my residence,,I have not seen any of the GSI examples in my community.,Permeable pavement,I prefer not to implement mid-scale GSI in my community,"Wetland conservation,Wetland restoration (inland or coastal)",1,2,3,"Yes, it is important","Yes, it is important","Yes, it is important","City of Houston, and other Municipalities (Municipal Utility District MUDs)",,Slight trust,"Equity in implementation–areas that need it most may not get first priority,Displacement due to environmental projects (e.g., gentrification or green gentrification),Space requirements–not enough space",,Not at all satisfied,"More detailed information about flood preparedness,Better access to emergency resources and assistance,More targeted outreach to vulnerable populations (e.g., environmental justice communities)",,"Better information sharing (e.g., more frequent announcements, different forms of communication),Establishing community advisory boards,Involving local schools and community groups,Providing resources for community action (e.g., participation opportunities, educational programs, technical training),Providing child care",,There are no meetings available related to this topic,Not at all involved,I am not part of any organizations focused on drainage and flooding issues.,,Facebook Posts,,No,1-5 years,Moderate (50k-<150k),I rent my home.,Houston,,
R_6XVlmkxVFqvoBlT,EN,"Neighborhood beautification,Improved air quality,Improved soil quality",,"Long-standing water bodies,Aquatic (water) plants (e.g., cattail, dwarf palmettos, bald cypress tree),A drainage ditch nearby",(1) Lake Houston Flatwood Wetlands,"Yes, I think they impact flooding in my community",Drought,Sometimes – (once every 2-6 months),Sometimes – (once every 2-6 months),"Heavy rainfall or storms,Increased development or urbanization",,$0 - I haven't spent any money on flood-related repairs,"Less than or at ankle level (e.g., under 3 inches)","Loss of work or income,Mental health impact (e.g., anxiety, trauma, stress)",,"Installed flood barriers or sandbags around my property,Requested assistance from local government (e.g., city, county) to improve drainage",,"Pocket prairie,Pocket wetland,Rain garden","Bioswale,Permeable pavement,Rain garden","Pocket prairie,Pocket wetland",Wetland conservation,1,2,3,"Yes, it is important","Yes, it is important","Yes, it is important",Harris County Flood Control District (HCFCD),,Moderate trust,"Displacement due to environmental projects (e.g., gentrification or green gentrification),High installment costs",,Slightly satisfied,"More detailed information about flood preparedness,Better access to emergency resources and assistance,More targeted outreach to vulnerable populations (e.g., environmental justice communities)",,"Better information sharing (e.g., more frequent announcements, different forms of communication),Establishing community advisory boards,Involving local schools and community groups",,I participate in most meetings,Somewhat involved,"West Street Recovery (WSR),Coalition for Environment, Equity and Resilience (CEER)",,Instagram Posts,,Yes,1-5 years,Low (<50k),I rent my home.,Houston,,
R_7aV9qc0bUY7V7CD,EN,"Improved stormwater quality,Increased property value,Stress reduction",,"A drainage ditch nearby,A creek nearby,Wildlife commonly found near water (e.g., frogs, salamander, herons, egrets)",(5) Anahuac Coastal Marsh and Prairies,"Yes, I think they impact flooding in my community",Drought,Sometimes – (once every 2-6 months),Sometimes – (once every 2-6 months),"Aging infrastructure (e.g., not in compliance–out of date),Increased development or urbanization",,"$5,000 - $10,000","Above the knee (e.g., over 12 inches)","Prevented or delayed access to essential services (e.g., health care, groceries, travel, work)",,"Engaged with local authorities around flooding issues,Only my landlord can take action to address or reduce flooding at my residence",,I have not seen any of the GSI examples in my community.,"Permeable pavement,Rain garden",Urban forestry,Wetland conservation,1,2,3,"Yes, it is important","Yes, it is important","Yes, it is important",Gulf Coast Protection District (GCPD),,Above average trust,Maintenance issues,,Extremely satisfied,"Enhanced coordination with other local organizations/agencies,More targeted outreach to vulnerable populations (e.g., environmental justice communities)",,"Involving local schools and community groups,Providing resources for community action (e.g., participation opportunities, educational programs, technical training)",,I participate in most meetings,Somewhat involved,"Coalition for Environment, Equity and Resilience (CEER)",,Facebook Posts,,No,1-5 years,Moderate (50k-<150k),I rent my home.,Houston,,
R_1IbJeY7aMaLjTLb,EN,"Neighborhood beautification,Increased property value,Stress reduction",,"A drainage ditch nearby,A creek nearby",I am not sure which critical wetland is located upstream of me.,"Yes, I think they impact flooding in my community",Drought,Always – (every time it rains),Always – (every time it rains),"Heavy rainfall or storms,Blocked or clogged drainage systems,Drains culverts or pipes that are too small (e.g., inadequate stormwater infrastructure size)",,"More than $20,000","Between ankle and knee level (e.g., above 3 inches, up to 12 inches)","Property damage (e.g., vehicle damage, home repairs),Loss of work or income,Mental health impact (e.g., anxiety, trauma, stress),Displacement from home (e.g., temporary relocation),Prevented or delayed access to essential services (e.g., health care, groceries, travel, work),Interruption of utility services (e.g., power outages, water supply)",,"Requested assistance from local government (e.g., city, county) to improve drainage,Engaged with local authorities around flooding issues,Only my landlord can take action to address or reduce flooding at my residence",,I have not seen any of the GSI examples in my community.,I prefer not to implement small-scale GSI in my community,I prefer not to implement mid-scale GSI in my community,I prefer not to implement large-scale GSI in my community,1,2,3,"Yes, it is important","Yes, it is important","Yes, it is important",I do not know,,No trust,There are no concerns,,Not at all satisfied,"Improved use of technology (e.g., apps, websites) for flood risk information",,"Better information sharing (e.g., more frequent announcements, different forms of communication)",,I occasionally participate in meetings,Somewhat involved,I am not part of any organizations focused on drainage and flooding issues.,,Word of mouth,,Yes,Less than a year,Low (<50k),I rent my home.,Houston,,
R_1TnUL90ncNnpLAl,EN,"Neighborhood beautification,Improved soil quality,Stress reduction",,"Aquatic (water) plants (e.g., cattail, dwarf palmettos, bald cypress tree),A drainage ditch nearby,A creek nearby,Wildlife commonly found near water (e.g., frogs, salamander, herons, egrets),Consistently-saturated soil",I am not sure which critical wetland is located upstream of me.,"No, I do not think they impact flooding in my community",Drought,Sometimes – (once every 2-6 months),Sometimes – (once every 2-6 months),"Heavy rainfall or storms,Nearby river, creek, or bayou overflowing",,Less than $500,"Between ankle and knee level (e.g., above 3 inches, up to 12 inches)","Loss of work or income,Mental health impact (e.g., anxiety, trauma, stress),Prevented or delayed access to essential services (e.g., health care, groceries, travel, work),Interruption of utility services (e.g., power outages, water supply)",,"Not applicable (e.g., flooding has not affected my residence)",,I have not seen any of the GSI examples in my community.,Permeable pavement,Nature-based detention pond,Wetland restoration (inland or coastal),1,3,2,"Yes, it is important","Yes, it is important","Yes, it is important",Harris County Flood Control District (HCFCD),,No trust,"Displacement due to environmental projects (e.g., gentrification or green gentrification),High installment costs,Increased taxes,Maintenance issues,Not fitting into community look/aesthetic,Space requirements–not enough space",,Not at all satisfied,"Better access to emergency resources and assistance,Enhanced coordination with other local organizations/agencies,More targeted outreach to vulnerable populations (e.g., environmental justice communities),Improved use of technology (e.g., apps, websites) for flood risk information",,"Providing resources for community action (e.g., participation opportunities, educational programs, technical training),Compensation for time (e.g., money, gift cards)",,I rarely participate in meetings,Not at all involved,I am not part of any organizations focused on drainage and flooding issues.,,Other:,Local News Station ,No,Over 20 years,Low (<50k),I do not rent or own my home.,Houston,,
R_3chH7pvGUB5XSBT,EN,"Improved air quality,Improved soil quality,Stress reduction",,"Long-standing water bodies,Aquatic (water) plants (e.g., cattail, dwarf palmettos, bald cypress tree),Wildlife commonly found near water (e.g., frogs, salamander, herons, egrets),Consistently-saturated soil",I am not sure which critical wetland is located upstream of me.,"Yes, I think they impact flooding in my community",Drought,Always – (every time it rains),Sometimes – (once every 2-6 months),"Heavy rainfall or storms,Drains culverts or pipes that are too small (e.g., inadequate stormwater infrastructure size),Aging infrastructure (e.g., not in compliance–out of date)",,"$1,000 - $5,000","Above the knee (e.g., over 12 inches)","Loss of work or income,Mental health impact (e.g., anxiety, trauma, stress),Interruption of utility services (e.g., power outages, water supply),Increased cost for repairs or flood proofing (e.g., more expensive flood insurance premiums)",,"Raised the foundation of my house,Requested assistance from local government (e.g., city, county) to improve drainage",,"Pocket prairie,Rain garden,Rainwater harvesting,Wetland conservation","Permeable pavement,Rain garden,Rainwater harvesting","Nature-based detention pond,Pocket prairie,Urban forestry","Wetland conservation,Wetland restoration (inland or coastal)",1,2,3,"Yes, it is important","Yes, it is important","Yes, it is important",Gulf Coast Protection District (GCPD),,Above average trust,"Attracting unwanted pests,High installment costs,Maintenance issues",,Slightly satisfied,"More frequent updates on local flood risks,More detailed information about flood preparedness,Increased opportunities for community feedback,Enhanced coordination with other local organizations/agencies,More targeted outreach to vulnerable populations (e.g., environmental justice communities),Improved use of technology (e.g., apps, websites) for flood risk information",,"Better information sharing (e.g., more frequent announcements, different forms of communication),Establishing community advisory boards,Providing resources for community action (e.g., participation opportunities, educational programs, technical training),Compensation for time (e.g., money, gift cards),Host more regular and diverse community meetings representative of the community",,I participate in all meetings,Moderately involved,"Bayou City Waterkeeper (BCWK),West Street Recovery (WSR),Coalition for Environment, Equity and Resilience (CEER),Northeast Action Collective (NAC)",,Instagram Posts,,No,1-5 years,Low (<50k),I own my home.,Houston,,
R_6JrvWDRuLPr2LqU,EN,"Improved air quality,Improved stormwater quality,Improved soil quality",,"A drainage ditch nearby,Consistently-saturated soil",(4) Trans-Brazos Region,"Yes, I think they impact flooding in my community",Drought,Often – (At least once a month),Always – (every time it rains),"Blocked or clogged drainage systems,Drains culverts or pipes that are too small (e.g., inadequate stormwater infrastructure size),Aging infrastructure (e.g., not in compliance–out of date)",,"$5,000 - $10,000","Less than or at ankle level (e.g., under 3 inches)","Property damage (e.g., vehicle damage, home repairs),Loss of work or income,Displacement from home (e.g., temporary relocation)",,"Requested assistance from local government (e.g., city, county) to improve drainage,Engaged with local authorities around flooding issues",,Nature-based detention pond,Permeable pavement,Nature-based detention pond,I prefer not to implement large-scale GSI in my community,1,2,3,"Yes, it is important","Yes, it is important","Yes, it is important",I do not know,,No trust,"Attracting unwanted pests,Displacement due to environmental projects (e.g., gentrification or green gentrification),High installment costs,Increased taxes,Maintenance issues",,Not at all satisfied,"More frequent updates on local flood risks,More detailed information about flood preparedness,Better access to emergency resources and assistance,Improved use of technology (e.g., apps, websites) for flood risk information",,"Better information sharing (e.g., more frequent announcements, different forms of communication),Host more regular and diverse community meetings representative of the community,Providing multilingual interpretation services",,I participate in most meetings,Not at all involved,I am not part of any organizations focused on drainage and flooding issues.,,Newspaper articles/Flyers,,Yes,Over 20 years,Moderate (50k-<150k),I own my home.,Houston,,
R_5EcOQI26AV1nN4i,EN,"Improved air quality,Recreation (e.g., fishing, bird watching, walking),Stress reduction",,"Aquatic (water) plants (e.g., cattail, dwarf palmettos, bald cypress tree),Wildlife commonly found near water (e.g., frogs, salamander, herons, egrets)",(4) Trans-Brazos Region,"Yes, I think they impact flooding in my community",Drought,Often – (At least once a month),Sometimes – (once every 2-6 months),"Blocked or clogged drainage systems,Aging infrastructure (e.g., not in compliance–out of date)",,"$5,000 - $10,000","Between ankle and knee level (e.g., above 3 inches, up to 12 inches)","Mental health impact (e.g., anxiety, trauma, stress),Prevented or delayed access to essential services (e.g., health care, groceries, travel, work),Interruption of utility services (e.g., power outages, water supply)",,"Requested assistance from local government (e.g., city, county) to improve drainage,Only my landlord can take action to address or reduce flooding at my residence",,"Nature-based detention pond,Large park,Pocket wetland",Permeable pavement,Pocket wetland,Wetland conservation,1,2,3,"Yes, it is important","Yes, it is important","Yes, it is important",Houston Galveston Area Council (HGAC),,Moderate trust,"Equity in implementation–areas that need it most may not get first priority,High installment costs",,Moderately satisfied,"More detailed information about flood preparedness,Enhanced coordination with other local organizations/agencies,More targeted outreach to vulnerable populations (e.g., environmental justice communities)",,"Better information sharing (e.g., more frequent announcements, different forms of communication),Providing resources for community action (e.g., participation opportunities, educational programs, technical training)",,I occasionally participate in meetings,Very involved,"West Street Recovery (WSR),Northeast Action Collective (NAC)",,Instagram Posts,,No,11-20 years,Moderate (50k-<150k),I rent my home.,Houston,,
R_7nGq3C8zwlBTdRf,EN,"Neighborhood beautification,Improved stormwater quality,Stress reduction",,"Long-standing water bodies,A drainage ditch nearby,A creek nearby",(1) Lake Houston Flatwood Wetlands,"Yes, I think they impact flooding in my community",Drought,Always – (every time it rains),Always – (every time it rains),"Heavy rainfall or storms,Blocked or clogged drainage systems,Aging infrastructure (e.g., not in compliance–out of date)",,$0 - I haven't spent any money on flood-related repairs,"Less than or at ankle level (e.g., under 3 inches)","Mental health impact (e.g., anxiety, trauma, stress),Prevented or delayed access to essential services (e.g., health care, groceries, travel, work)",,Only my landlord can take action to address or reduce flooding at my residence,,"Large park,Urban forestry","Bioswale,Rain garden",Pocket wetland,I prefer not to implement large-scale GSI in my community,2,1,3,"Yes, it is important","Yes, it is important","Yes, it is important","City of Houston, and other Municipalities (Municipal Utility District MUDs)",,No trust,"Attracting unwanted pests,Displacement due to environmental projects (e.g., gentrification or green gentrification),Maintenance issues",,Not at all satisfied,"Better access to emergency resources and assistance,Enhanced coordination with other local organizations/agencies,Improved use of technology (e.g., apps, websites) for flood risk information",,"Better information sharing (e.g., more frequent announcements, different forms of communication),Providing resources for community action (e.g., participation opportunities, educational programs, technical training),Providing child care",,I occasionally participate in meetings,Somewhat involved,"Coalition for Environment, Equity and Resilience (CEER),Northeast Action Collective (NAC),My local neighborhood association or homeowners association (HOA)",,Instagram Posts,,No,Less than a year,Low (<50k),I rent my home.,Houston,,
R_6tGcl2p5qYXMh5e,EN,Improved stormwater quality,,"Wildlife commonly found near water (e.g., frogs, salamander, herons, egrets),Consistently-saturated soil",(1) Lake Houston Flatwood Wetlands,"Yes, I think they impact flooding in my community",Drought,Rarely – (once a year or less),Rarely – (once a year or less),"Heavy rainfall or storms,Blocked or clogged drainage systems,Nearby river, creek, or bayou overflowing",,$0 - I haven't spent any money on flood-related repairs,"Less than or at ankle level (e.g., under 3 inches)",I have not experienced any of these events,,"Not applicable (e.g., flooding has not affected my residence)",,Wetland conservation,I prefer not to implement small-scale GSI in my community,Pocket wetland,Wetland conservation,1,2,3,"Yes, it is important","Yes, it is important","Yes, it is important",Harris County Flood Control District (HCFCD),,Moderate trust,"High installment costs,Increased taxes",,Moderately satisfied,More detailed information about flood preparedness,,Providing multilingual interpretation services,,"I never participate in meetings, although they are available",Not at all involved,My local neighborhood association or homeowners association (HOA),,Facebook Posts,,No,11-20 years,Moderate (50k-<150k),I own my home.,Houston,,
R_5dmPsy3v6ptpj5N,EN,Prefer not to answer,,I do not know,(1) Lake Houston Flatwood Wetlands,"No, I do not think they impact flooding in my community",Drought,Rarely – (once a year or less),Rarely – (once a year or less),"Not applicable (e.g., my neighborhood does not flood)",,$0 - I haven't spent any money on flood-related repairs,"Less than or at ankle level (e.g., under 3 inches)",I have not experienced any of these events,,Only my landlord can take action to address or reduce flooding at my residence,,I have not seen any of the GSI examples in my community.,I prefer not to implement small-scale GSI in my community,I prefer not to implement mid-scale GSI in my community,Large park,1,2,3,I don’t know,I don’t know,"Yes, it is important",Local city planning departments,,Moderate trust,There are no concerns,,Extremely satisfied,More frequent updates on local flood risks,,"Better information sharing (e.g., more frequent announcements, different forms of communication),Establishing community advisory boards",,There are no meetings available related to this topic,Not at all involved,I am not part of any organizations focused on drainage and flooding issues.,,Community bulletin posts,,No,Less than a year,Moderate (50k-<150k),I rent my home.,Houston,,
R_5FN4eiY3locVGOl,EN,"Neighborhood beautification,Improved air quality,Recreation (e.g., fishing, bird watching, walking)",,A drainage ditch nearby,(1) Lake Houston Flatwood Wetlands,"No, I do not think they impact flooding in my community",Drought,Rarely – (once a year or less),Rarely – (once a year or less),"Heavy rainfall or storms,Blocked or clogged drainage systems,Nearby river, creek, or bayou overflowing",,$0 - I haven't spent any money on flood-related repairs,"Between ankle and knee level (e.g., above 3 inches, up to 12 inches)",I have not experienced any of these events,,I have not taken any measures to address or reduce flooding,,I have not seen any of the GSI examples in my community.,I prefer not to implement small-scale GSI in my community,I prefer not to implement mid-scale GSI in my community,I prefer not to implement large-scale GSI in my community,1,2,3,"Yes, it is important","Yes, it is important","Yes, it is important",State of Texas,,Above average trust,There are no concerns,,Moderately satisfied,More frequent updates on local flood risks,,"Better information sharing (e.g., more frequent announcements, different forms of communication),Establishing community advisory boards,Involving local schools and community groups",,I rarely participate in meetings,Moderately involved,I am not part of any organizations focused on drainage and flooding issues.,,Word of mouth,,No,11-20 years,Low (<50k),I do not rent or own my home.,Houston,,
R_1ql1wo9Rxy0XJpE,ES-ES,"Neighborhood beautification,Improved stormwater quality,Recreation (e.g., fishing, bird watching, walking)",,"Long-standing water bodies,Aquatic (water) plants (e.g., cattail, dwarf palmettos, bald cypress tree),Wildlife commonly found near water (e.g., frogs, salamander, herons, egrets),Consistently-saturated soil",(3) Greater Katy Prairie-Pothole Pimple-Mound Complexes,"No, I do not think they impact flooding in my community",Drought,Rarely – (once a year or less),Never,"Heavy rainfall or storms,Drains culverts or pipes that are too small (e.g., inadequate stormwater infrastructure size),Nearby river, creek, or bayou overflowing",,"$500 - $1,000","Not applicable (e.g., no experiences with flooding)","Interruption of utility services (e.g., power outages, water supply),Increased cost for repairs or flood proofing (e.g., more expensive flood insurance premiums)",,"Not applicable (e.g., flooding has not affected my residence)",,"Nature-based detention pond,Large park","Permeable pavement,Rainwater harvesting",Nature-based detention pond,Large park,1,2,3,"Yes, it is important","Yes, it is important","Yes, it is important",Harris County Flood Control District (HCFCD),,Moderate trust,"High installment costs,Increased taxes,Lack of educational resources for the community",,Moderately satisfied,"More frequent updates on local flood risks,Better access to emergency resources and assistance,More targeted outreach to vulnerable populations (e.g., environmental justice communities),Improved translation and accessibility information for non-English speakers",,"Involving local schools and community groups,Providing multilingual interpretation services",,"I never participate in meetings, although they are available",Not at all involved,My local neighborhood association or homeowners association (HOA),,Community bulletin posts,,Yes,6-10 years,Low (<50k),I rent my home.,Houston,,
R_73wH2IbHPVLNxx4,EN,"Neighborhood beautification,Improved air quality,Stress reduction",,"Long-standing water bodies,A drainage ditch nearby",(1) Lake Houston Flatwood Wetlands,"Yes, I think they impact flooding in my community",Drought,Sometimes – (once every 2-6 months),Rarely – (once a year or less),"Heavy rainfall or storms,Blocked or clogged drainage systems,Increased development or urbanization",,"$1,000 - $5,000","Less than or at ankle level (e.g., under 3 inches)","Property damage (e.g., vehicle damage, home repairs),Displacement from home (e.g., temporary relocation),Interruption of utility services (e.g., power outages, water supply),Increased cost for repairs or flood proofing (e.g., more expensive flood insurance premiums)",,Only my landlord can take action to address or reduce flooding at my residence,,I have not seen any of the GSI examples in my community.,I prefer not to implement small-scale GSI in my community,I prefer not to implement mid-scale GSI in my community,Large park,3,2,1,"Yes, it is important","Yes, it is important","Yes, it is important",United States Environmental Protection Agency (US EPA),,Slight trust,There are no concerns,,Moderately satisfied,More detailed information about flood preparedness,,"Better information sharing (e.g., more frequent announcements, different forms of communication),Establishing community advisory boards,Involving local schools and community groups,Providing resources for community action (e.g., participation opportunities, educational programs, technical training)",,There are no meetings available related to this topic,Not at all involved,"West Street Recovery (WSR),Coalition for Environment, Equity and Resilience (CEER)",,Community bulletin posts,,No,1-5 years,Low (<50k),I rent my home.,Houston,,
R_5Piga4ZStKotjkB,EN,"Neighborhood beautification,Recreation (e.g., fishing, bird watching, walking),Stress reduction",,"Aquatic (water) plants (e.g., cattail, dwarf palmettos, bald cypress tree),A drainage ditch nearby,A creek nearby,Wildlife commonly found near water (e.g., frogs, salamander, herons, egrets),Consistently-saturated soil",(3) Greater Katy Prairie-Pothole Pimple-Mound Complexes,I do not know,Drought,Never,Never,"Blocked or clogged drainage systems,Drains culverts or pipes that are too small (e.g., inadequate stormwater infrastructure size),Increased development or urbanization",,$0 - I haven't spent any money on flood-related repairs,"Not applicable (e.g., no experiences with flooding)",I have not experienced any of these events,,I have not taken any measures to address or reduce flooding,,Large park,"Bioswale,Permeable pavement,Rain garden,Rainwater harvesting","Nature-based detention pond,Pocket prairie,Pocket wetland,Urban forestry","Large park,Wetland conservation,Wetland restoration (inland or coastal)",2,1,3,"Yes, it is important","Yes, it is important","Yes, it is important",Harris County Flood Control District (HCFCD),,Slight trust,Lack of educational resources for the community,,Not at all satisfied,"More targeted outreach to vulnerable populations (e.g., environmental justice communities)",,"Better information sharing (e.g., more frequent announcements, different forms of communication),Establishing community advisory boards,Involving local schools and community groups,Providing resources for community action (e.g., participation opportunities, educational programs, technical training),Compensation for time (e.g., money, gift cards)",,"I never participate in meetings, although they are available",Not at all involved,I am not part of any organizations focused on drainage and flooding issues.,,Instagram Posts,,No,Over 20 years,High (≥150k),I own my home.,Houston,,
R_3KoRJ5TQkZ9R1GX,EN,Stress reduction,,Long-standing water bodies,(1) Lake Houston Flatwood Wetlands,"No, I do not think they impact flooding in my community",Drought,Rarely – (once a year or less),Never,"Heavy rainfall or storms,Aging infrastructure (e.g., not in compliance–out of date)",,"$1,000 - $5,000","Between ankle and knee level (e.g., above 3 inches, up to 12 inches)",Loss of work or income,,Only my landlord can take action to address or reduce flooding at my residence,,"Pocket prairie,Rainwater harvesting","Bioswale,Permeable pavement",Pocket prairie,Large park,1,2,3,"Yes, it is important",I don’t know,"Yes, it is important",Harris County Flood Control District (HCFCD),,Moderate trust,"Displacement due to environmental projects (e.g., gentrification or green gentrification)",,Slightly satisfied,Better access to emergency resources and assistance,,"Better information sharing (e.g., more frequent announcements, different forms of communication),Establishing community advisory boards",,I rarely participate in meetings,Somewhat involved,Bayou City Waterkeeper (BCWK),,Community bulletin posts,,Yes,1-5 years,Low (<50k),I rent my home.,Houston,,
R_6R49xKF3XTVsvf1,EN,"Improved air quality,Improved stormwater quality,Increased property value",,"Long-standing water bodies,Aquatic (water) plants (e.g., cattail, dwarf palmettos, bald cypress tree),A creek nearby",(3) Greater Katy Prairie-Pothole Pimple-Mound Complexes,"Yes, I think they impact flooding in my community",Drought,Often – (At least once a month),Often – (At least once a month),"Drains culverts or pipes that are too small (e.g., inadequate stormwater infrastructure size),Aging infrastructure (e.g., not in compliance–out of date),Increased development or urbanization",,"$500 - $1,000","Less than or at ankle level (e.g., under 3 inches)","Property damage (e.g., vehicle damage, home repairs),Displacement from home (e.g., temporary relocation)",,"Installed flood barriers or sandbags around my property,Requested assistance from local government (e.g., city, county) to improve drainage,Engaged with local authorities around flooding issues",,"Pocket wetland,Rain garden,Urban forestry,Wetland conservation","Bioswale,Permeable pavement,Rain garden","Pocket prairie,Urban forestry","Large park,Wetland restoration (inland or coastal)",1,2,3,"Yes, it is important","Yes, it is important","Yes, it is important",Harris County Flood Control District (HCFCD),,Above average trust,"Attracting unwanted pests,High installment costs,Lack of educational resources for the community",,Extremely satisfied,"More frequent updates on local flood risks,Better access to emergency resources and assistance,Improved use of technology (e.g., apps, websites) for flood risk information",,"Establishing community advisory boards,Compensation for time (e.g., money, gift cards),Host more regular and diverse community meetings representative of the community",,I participate in all meetings,Very involved,My local neighborhood association or homeowners association (HOA),,Newspaper articles/Flyers,,No,1-5 years,High (≥150k),I own my home.,Houston,,
R_34qhyI4vdCGm4HD,EN,Stress reduction,,I do not know,I am not sure which critical wetland is located upstream of me.,"No, I do not think they impact flooding in my community",Drought,Rarely – (once a year or less),Rarely – (once a year or less),"Not applicable (e.g., my neighborhood does not flood)",,$0 - I haven't spent any money on flood-related repairs,"Less than or at ankle level (e.g., under 3 inches)",I have not experienced any of these events,,"Not applicable (e.g., flooding has not affected my residence)",,I have not seen any of the GSI examples in my community.,I prefer not to implement small-scale GSI in my community,I prefer not to implement mid-scale GSI in my community,I prefer not to implement large-scale GSI in my community,3,2,1,"Yes, it is important","Yes, it is important","Yes, it is important",Harris County Flood Control District (HCFCD),,Slight trust,There are no concerns,,There is no information available,"More targeted outreach to vulnerable populations (e.g., environmental justice communities)",,"Better information sharing (e.g., more frequent announcements, different forms of communication),Compensation for time (e.g., money, gift cards),Host more regular and diverse community meetings representative of the community",,There are no meetings available related to this topic,Not at all involved,I am not part of any organizations focused on drainage and flooding issues.,,Word of mouth,,No,11-20 years,Low (<50k),I rent my home.,Houston,,
R_5eOJgsmMTFUEi2M,EN,"Neighborhood beautification,Improved air quality,Increased property value",,"Long-standing water bodies,A drainage ditch nearby,Consistently-saturated soil",(1) Lake Houston Flatwood Wetlands,"Yes, I think they impact flooding in my community",Drought,Sometimes – (once every 2-6 months),Rarely – (once a year or less),"Heavy rainfall or storms,Blocked or clogged drainage systems,Nearby river, creek, or bayou overflowing",,$0 - I haven't spent any money on flood-related repairs,"Between ankle and knee level (e.g., above 3 inches, up to 12 inches)",I have not experienced any of these events,,I have not taken any measures to address or reduce flooding,,I have not seen any of the GSI examples in my community.,Permeable pavement,Urban forestry,Large park,1,2,3,"Yes, it is important","Yes, it is important","Yes, it is important","City of Houston, and other Municipalities (Municipal Utility District MUDs)",,Slight trust,"Attracting unwanted pests,Increased taxes,Maintenance issues",,Slightly satisfied,"More targeted outreach to vulnerable populations (e.g., environmental justice communities)",,"Establishing community advisory boards,Compensation for time (e.g., money, gift cards)",,"I never participate in meetings, although they are available",Somewhat involved,I am not part of any organizations focused on drainage and flooding issues.,,Newspaper articles/Flyers,,No,11-20 years,Low (<50k),I rent my home.,Houston,,
R_6YG6Tdrnbfkwcj7,EN,"Neighborhood beautification,Improved air quality,Increased property value",,Consistently-saturated soil,(4) Trans-Brazos Region,I do not know,Drought,Always – (every time it rains),Always – (every time it rains),"Heavy rainfall or storms,Blocked or clogged drainage systems,Nearby river, creek, or bayou overflowing",,"$500 - $1,000","Less than or at ankle level (e.g., under 3 inches)","Increased cost for repairs or flood proofing (e.g., more expensive flood insurance premiums)",,Only my landlord can take action to address or reduce flooding at my residence,,Rain garden,Rain garden,Urban forestry,Wetland restoration (inland or coastal),1,2,3,"Yes, it is important","Yes, it is important","Yes, it is important","City of Houston, and other Municipalities (Municipal Utility District MUDs)",,Moderate trust,Maintenance issues,,Extremely satisfied,"More frequent updates on local flood risks,Better access to emergency resources and assistance,Increased opportunities for community feedback",,"Better information sharing (e.g., more frequent announcements, different forms of communication),Providing multilingual interpretation services",,I participate in most meetings,Moderately involved,My local neighborhood association or homeowners association (HOA),,Community bulletin posts,,No,1-5 years,Low (<50k),I rent my home.,Houston,,
R_5khNiEniBjoztiM,EN,I do not know,,I do not know,(1) Lake Houston Flatwood Wetlands,I do not know,Drought,Often – (At least once a month),Always – (every time it rains),"Heavy rainfall or storms,Nearby river, creek, or bayou overflowing",,I do not know,"Less than or at ankle level (e.g., under 3 inches)",Prefer not to answer,,Prefer not to answer,,I have not seen any of the GSI examples in my community.,I prefer not to implement small-scale GSI in my community,I prefer not to implement mid-scale GSI in my community,I prefer not to implement large-scale GSI in my community,1,2,3,"Yes, it is important","Yes, it is important","Yes, it is important",Harris County Flood Control District (HCFCD),,Slight trust,Maintenance issues,,Moderately satisfied,"More frequent updates on local flood risks,More detailed information about flood preparedness,More targeted outreach to vulnerable populations (e.g., environmental justice communities)",,"Better information sharing (e.g., more frequent announcements, different forms of communication),Providing resources for community action (e.g., participation opportunities, educational programs, technical training)",,I rarely participate in meetings,Somewhat involved,I am not part of any organizations focused on drainage and flooding issues.,,Facebook Posts,,No,1-5 years,No response,I do not rent or own my home.,Houston,,
R_5YX2hWP56yFqPx6,EN,"Neighborhood beautification,Improved air quality,Improved stormwater quality",,"Aquatic (water) plants (e.g., cattail, dwarf palmettos, bald cypress tree),A drainage ditch nearby,Wildlife commonly found near water (e.g., frogs, salamander, herons, egrets),Consistently-saturated soil",(4) Trans-Brazos Region,"No, I do not think they impact flooding in my community",Drought,Never,Never,"Not applicable (e.g., my neighborhood does not flood)",,$0 - I haven't spent any money on flood-related repairs,"Not applicable (e.g., no experiences with flooding)","Prevented or delayed access to essential services (e.g., health care, groceries, travel, work)",,"Not applicable (e.g., flooding has not affected my residence)",,I have not seen any of the GSI examples in my community.,Permeable pavement,Urban forestry,I prefer not to implement large-scale GSI in my community,1,2,3,"Yes, it is important","Yes, it is important","Yes, it is important",Texas Commission on Environmental Quality (TCEQ),,Above average trust,"Displacement due to environmental projects (e.g., gentrification or green gentrification)",,Slightly satisfied,Improved translation and accessibility information for non-English speakers,,"Providing resources for community action (e.g., participation opportunities, educational programs, technical training),Providing multilingual interpretation services,Providing child care",,I occasionally participate in meetings,Moderately involved,I am not part of any organizations focused on drainage and flooding issues.,,Facebook Posts,,Yes,Over 20 years,Low (<50k),I own my home.,Houston,,
R_1Fm7Zp37KuW6fUl,EN,"Neighborhood beautification,Improved air quality,Improved stormwater quality",,"Aquatic (water) plants (e.g., cattail, dwarf palmettos, bald cypress tree),A creek nearby,Wildlife commonly found near water (e.g., frogs, salamander, herons, egrets)",(3) Greater Katy Prairie-Pothole Pimple-Mound Complexes,"Yes, I think they impact flooding in my community",Drought,Sometimes – (once every 2-6 months),Rarely – (once a year or less),"Blocked or clogged drainage systems,Aging infrastructure (e.g., not in compliance–out of date),Increased development or urbanization",,"$1,000 - $5,000","Less than or at ankle level (e.g., under 3 inches)","Prevented or delayed access to essential services (e.g., health care, groceries, travel, work),Interruption of utility services (e.g., power outages, water supply),Increased cost for repairs or flood proofing (e.g., more expensive flood insurance premiums)",,Installed flood barriers or sandbags around my property,,I have not seen any of the GSI examples in my community.,Rainwater harvesting,Nature-based detention pond,Wetland restoration (inland or coastal),1,2,3,"Yes, it is important","Yes, it is important","Yes, it is important",Harris County Flood Control District (HCFCD),,Slight trust,"Equity in implementation–areas that need it most may not get first priority,High installment costs,Increased taxes,Maintenance issues",,Not at all satisfied,"More frequent updates on local flood risks,More detailed information about flood preparedness,Increased opportunities for community feedback,Enhanced coordination with other local organizations/agencies,Improved use of technology (e.g., apps, websites) for flood risk information",,"Better information sharing (e.g., more frequent announcements, different forms of communication),Host more regular and diverse community meetings representative of the community",,There are no meetings available related to this topic,Not at all involved,My local neighborhood association or homeowners association (HOA),,Community bulletin posts,,Yes,1-5 years,High (≥150k),I own my home.,Houston,,
R_3aWgAA91nbcVSwx,EN,"Neighborhood beautification,Improved air quality,Improved stormwater quality",,"Aquatic (water) plants (e.g., cattail, dwarf palmettos, bald cypress tree),Wildlife commonly found near water (e.g., frogs, salamander, herons, egrets)",(2) Greater Lake Creek,"No, I do not think they impact flooding in my community",Drought,Never,Never,"Heavy rainfall or storms,Blocked or clogged drainage systems,Drains culverts or pipes that are too small (e.g., inadequate stormwater infrastructure size)",,$0 - I haven't spent any money on flood-related repairs,"Not applicable (e.g., no experiences with flooding)","Mental health impact (e.g., anxiety, trauma, stress)",,Engaged with local authorities around flooding issues,,Pocket prairie,Rain garden,Urban forestry,Wetland conservation,1,2,3,"Yes, it is important","Yes, it is important","Yes, it is important",State of Texas,,Slight trust,Increased taxes,,Moderately satisfied,Enhanced coordination with other local organizations/agencies,,Providing child care,,I rarely participate in meetings,Somewhat involved,West Street Recovery (WSR),,Instagram Posts,,No,Over 20 years,Moderate (50k-<150k),I own my home.,Houston,,
R_6vTHNxHButW4EJH,EN,"Improved air quality,Improved soil quality,Recreation (e.g., fishing, bird watching, walking)",,"Aquatic (water) plants (e.g., cattail, dwarf palmettos, bald cypress tree),Wildlife commonly found near water (e.g., frogs, salamander, herons, egrets)",(1) Lake Houston Flatwood Wetlands,"Yes, I think they impact flooding in my community",Drought,Rarely – (once a year or less),Rarely – (once a year or less),"Heavy rainfall or storms,Drains culverts or pipes that are too small (e.g., inadequate stormwater infrastructure size),Aging infrastructure (e.g., not in compliance–out of date)",,"$1,000 - $5,000","Less than or at ankle level (e.g., under 3 inches)","Property damage (e.g., vehicle damage, home repairs),Increased cost for repairs or flood proofing (e.g., more expensive flood insurance premiums)",,"Requested assistance from local government (e.g., city, county) to improve drainage,Only my landlord can take action to address or reduce flooding at my residence",,Pocket wetland,Permeable pavement,Pocket wetland,Wetland restoration (inland or coastal),2,1,3,"Yes, it is important","Yes, it is important","Yes, it is important",Harris County Flood Control District (HCFCD),,Above average trust,"Attracting unwanted pests,High installment costs,Increased taxes,Maintenance issues",,Very satisfied,"More frequent updates on local flood risks,Better access to emergency resources and assistance,Improved use of technology (e.g., apps, websites) for flood risk information",,"Better information sharing (e.g., more frequent announcements, different forms of communication),Providing resources for community action (e.g., participation opportunities, educational programs, technical training),Providing child care",,I rarely participate in meetings,Very involved,My local neighborhood association or homeowners association (HOA),,Facebook Posts,,Yes,6-10 years,Low (<50k),I own my home.,Houston,,
R_5D1z49JlW494z6m,EN,"Recreation (e.g., fishing, bird watching, walking)",,"Aquatic (water) plants (e.g., cattail, dwarf palmettos, bald cypress tree),Wildlife commonly found near water (e.g., frogs, salamander, herons, egrets),Consistently-saturated soil",I am not sure which critical wetland is located upstream of me.,"Yes, I think they impact flooding in my community",Drought,Never,Never,"Blocked or clogged drainage systems,Aging infrastructure (e.g., not in compliance–out of date),Increased development or urbanization",,$0 - I haven't spent any money on flood-related repairs,"Not applicable (e.g., no experiences with flooding)",Loss of work or income,,Only my landlord can take action to address or reduce flooding at my residence,,"Nature-based detention pond,Large park",Permeable pavement,I prefer not to implement mid-scale GSI in my community,Large park,1,3,2,"Yes, it is important","Yes, it is important","Yes, it is important",United States Environmental Protection Agency (US EPA),,Moderate trust,"Equity in implementation–areas that need it most may not get first priority,High installment costs,Increased taxes",,Not at all satisfied,"More frequent updates on local flood risks,More detailed information about flood preparedness,Better access to emergency resources and assistance,Enhanced coordination with other local organizations/agencies,More targeted outreach to vulnerable populations (e.g., environmental justice communities)",,"Better information sharing (e.g., more frequent announcements, different forms of communication),Involving local schools and community groups,Compensation for time (e.g., money, gift cards),Host more regular and diverse community meetings representative of the community",,I rarely participate in meetings,Not at all involved,My local neighborhood association or homeowners association (HOA),,Facebook Posts,,No,1-5 years,Moderate (50k-<150k),I rent my home.,Houston,,
R_3JKq1PorljCuXza,EN,"Neighborhood beautification,Improved air quality,Increased property value",,"Long-standing water bodies,A drainage ditch nearby,Consistently-saturated soil",(1) Lake Houston Flatwood Wetlands,"No, I do not think they impact flooding in my community",Drought,Always – (every time it rains),Often – (At least once a month),"Blocked or clogged drainage systems,Drains culverts or pipes that are too small (e.g., inadequate stormwater infrastructure size)",,"$500 - $1,000","Between ankle and knee level (e.g., above 3 inches, up to 12 inches)","Loss of work or income,Mental health impact (e.g., anxiety, trauma, stress),Interruption of utility services (e.g., power outages, water supply)",,"Requested assistance from local government (e.g., city, county) to improve drainage,Engaged with local authorities around flooding issues",,"Large park,Rain garden,Wetland conservation","Rain garden,Rainwater harvesting","Nature-based detention pond,Pocket wetland",Wetland restoration (inland or coastal),3,1,2,"Yes, it is important","Yes, it is important","Yes, it is important",Harris County Flood Control District (HCFCD),,Above average trust,"Attracting unwanted pests,Displacement due to environmental projects (e.g., gentrification or green gentrification),High installment costs,Increased taxes",,Very satisfied,"More detailed information about flood preparedness,Better access to emergency resources and assistance,Enhanced coordination with other local organizations/agencies",,"Involving local schools and community groups,Providing resources for community action (e.g., participation opportunities, educational programs, technical training),Compensation for time (e.g., money, gift cards)",,I participate in most meetings,Extremely involved,"Coalition for Environment, Equity and Resilience (CEER),My local neighborhood association or homeowners association (HOA)",,Phone Calls,,No,11-20 years,Moderate (50k-<150k),I own my home.,Houston,,
R_1y2a9UPk0jOeyzU,EN,"Improved stormwater quality,Increased property value,Stress reduction",,"Long-standing water bodies,A creek nearby,Consistently-saturated soil",(1) Lake Houston Flatwood Wetlands,"Yes, I think they impact flooding in my community",Drought,Often – (At least once a month),Often – (At least once a month),"Heavy rainfall or storms,Blocked or clogged drainage systems,Drains culverts or pipes that are too small (e.g., inadequate stormwater infrastructure size)",,$0 - I haven't spent any money on flood-related repairs,"Less than or at ankle level (e.g., under 3 inches)","Property damage (e.g., vehicle damage, home repairs),Loss of work or income,Displacement from home (e.g., temporary relocation)",,Only my landlord can take action to address or reduce flooding at my residence,,Large park,Rainwater harvesting,Pocket wetland,Large park,3,1,2,"Yes, it is important","Yes, it is important","Yes, it is important","City of Houston, and other Municipalities (Municipal Utility District MUDs)",,Slight trust,"Attracting unwanted pests,High installment costs,Increased taxes,Maintenance issues",,Slightly satisfied,"More frequent updates on local flood risks,More detailed information about flood preparedness,Better access to emergency resources and assistance",,"Better information sharing (e.g., more frequent announcements, different forms of communication),Establishing community advisory boards,Providing resources for community action (e.g., participation opportunities, educational programs, technical training)",,I rarely participate in meetings,Somewhat involved,My local neighborhood association or homeowners association (HOA),,Word of mouth,,Yes,1-5 years,High (≥150k),I rent my home.,Houston,,
R_5YayW2ADVDHzN5v,EN,"Improved air quality,Improved stormwater quality,Increased property value",,"Long-standing water bodies,Wildlife commonly found near water (e.g., frogs, salamander, herons, egrets),Consistently-saturated soil",(1) Lake Houston Flatwood Wetlands,"Yes, I think they impact flooding in my community",Drought,Sometimes – (once every 2-6 months),Never,"Heavy rainfall or storms,Increased development or urbanization,Nearby river, creek, or bayou overflowing",,$0 - I haven't spent any money on flood-related repairs,"Between ankle and knee level (e.g., above 3 inches, up to 12 inches)","Loss of work or income,Interruption of utility services (e.g., power outages, water supply)",,"Not applicable (e.g., flooding has not affected my residence)",,Nature-based detention pond,I prefer not to implement small-scale GSI in my community,Nature-based detention pond,Large park,2,1,3,"Yes, it is important","Yes, it is important","Yes, it is important",Harris County Flood Control District (HCFCD),,Moderate trust,"Attracting unwanted pests,High installment costs,Increased taxes,Maintenance issues",,Moderately satisfied,"More detailed information about flood preparedness,Better access to emergency resources and assistance",,"Providing resources for community action (e.g., participation opportunities, educational programs, technical training),Compensation for time (e.g., money, gift cards)",,"I never participate in meetings, although they are available",Not at all involved,"Bayou City Waterkeeper (BCWK),My local neighborhood association or homeowners association (HOA)",,Word of mouth,,No,Over 20 years,Moderate (50k-<150k),I own my home.,Houston,,
R_6horkdl4AQLMSNK,EN,"Improved air quality,Improved soil quality,Recreation (e.g., fishing, bird watching, walking)",,"Aquatic (water) plants (e.g., cattail, dwarf palmettos, bald cypress tree),A creek nearby,Wildlife commonly found near water (e.g., frogs, salamander, herons, egrets)",I am not sure which critical wetland is located upstream of me.,"Yes, I think they impact flooding in my community",Drought,Sometimes – (once every 2-6 months),Sometimes – (once every 2-6 months),"Heavy rainfall or storms,Drains culverts or pipes that are too small (e.g., inadequate stormwater infrastructure size),Increased development or urbanization",,"$5,000 - $10,000","Above the knee (e.g., over 12 inches)","Property damage (e.g., vehicle damage, home repairs),Prevented or delayed access to essential services (e.g., health care, groceries, travel, work),Increased cost for repairs or flood proofing (e.g., more expensive flood insurance premiums)",,"Raised the foundation of my house,Requested assistance from local government (e.g., city, county) to improve drainage,Only my landlord can take action to address or reduce flooding at my residence",,"Nature-based detention pond,Rainwater harvesting,Wetland conservation,Wetland restoration (coastal or inland)","Bioswale,Rainwater harvesting","Nature-based detention pond,Urban forestry","Wetland conservation,Wetland restoration (inland or coastal)",2,1,3,"Yes, it is important","Yes, it is important","Yes, it is important","City of Houston, and other Municipalities (Municipal Utility District MUDs)",,Above average trust,"Equity in implementation–areas that need it most may not get first priority,Maintenance issues",,Very satisfied,"More frequent updates on local flood risks,Better access to emergency resources and assistance,More targeted outreach to vulnerable populations (e.g., environmental justice communities)",,"Better information sharing (e.g., more frequent announcements, different forms of communication),Providing resources for community action (e.g., participation opportunities, educational programs, technical training),Host more regular and diverse community meetings representative of the community",,I participate in most meetings,Very involved,"Bayou City Waterkeeper (BCWK),Coalition for Environment, Equity and Resilience (CEER),Northeast Action Collective (NAC)",,Instagram Posts,,Yes,11-20 years,Moderate (50k-<150k),I own my home.,Houston,,
R_6jHEh12QkCzIvUb,EN,"Improved air quality,Recreation (e.g., fishing, bird watching, walking),Stress reduction",,"Long-standing water bodies,Aquatic (water) plants (e.g., cattail, dwarf palmettos, bald cypress tree),A creek nearby,Wildlife commonly found near water (e.g., frogs, salamander, herons, egrets),Consistently-saturated soil",(1) Lake Houston Flatwood Wetlands,I do not know,Drought,Sometimes – (once every 2-6 months),Rarely – (once a year or less),"Heavy rainfall or storms,Blocked or clogged drainage systems,Nearby river, creek, or bayou overflowing",,"$1,000 - $5,000","Less than or at ankle level (e.g., under 3 inches)","Interruption of utility services (e.g., power outages, water supply)",,I have not taken any measures to address or reduce flooding,,Large park,"Rain garden,Rainwater harvesting","Pocket prairie,Urban forestry","Large park,Wetland conservation,Wetland restoration (inland or coastal)",2,1,3,"Yes, it is important","Yes, it is important","Yes, it is important",I do not know,,Slight trust,"Displacement due to environmental projects (e.g., gentrification or green gentrification),High installment costs,Increased taxes,Space requirements–not enough space",,Moderately satisfied,"Better access to emergency resources and assistance,Increased opportunities for community feedback,Enhanced coordination with other local organizations/agencies,More targeted outreach to vulnerable populations (e.g., environmental justice communities)",,"Establishing community advisory boards,Involving local schools and community groups,Providing resources for community action (e.g., participation opportunities, educational programs, technical training),Compensation for time (e.g., money, gift cards),Host more regular and diverse community meetings representative of the community,Providing child care",,There are no meetings available related to this topic,Not at all involved,I am not part of any organizations focused on drainage and flooding issues.,,Community bulletin posts,,No,11-20 years,Moderate (50k-<150k),I rent my home.,Houston,,
R_3NfBt02CjqW7Cm9,EN,"Neighborhood beautification,Improved air quality,Stress reduction",,"Long-standing water bodies,A creek nearby,Consistently-saturated soil",(1) Lake Houston Flatwood Wetlands,"Yes, I think they impact flooding in my community",Drought,Always – (every time it rains),Often – (At least once a month),"Heavy rainfall or storms,Blocked or clogged drainage systems,Nearby river, creek, or bayou overflowing",,"$500 - $1,000","Between ankle and knee level (e.g., above 3 inches, up to 12 inches)","Loss of work or income,Mental health impact (e.g., anxiety, trauma, stress),Prevented or delayed access to essential services (e.g., health care, groceries, travel, work),Interruption of utility services (e.g., power outages, water supply),Increased cost for repairs or flood proofing (e.g., more expensive flood insurance premiums)",,Only my landlord can take action to address or reduce flooding at my residence,,I have not seen any of the GSI examples in my community.,Permeable pavement,Nature-based detention pond,Large park,3,2,1,"Yes, it is important","Yes, it is important","Yes, it is important",Harris County Flood Control District (HCFCD),,Slight trust,"Attracting unwanted pests,Equity in implementation–areas that need it most may not get first priority,Lack of educational resources for the community,Maintenance issues",,Not at all satisfied,"More frequent updates on local flood risks,More detailed information about flood preparedness,Better access to emergency resources and assistance,More targeted outreach to vulnerable populations (e.g., environmental justice communities)",,"Better information sharing (e.g., more frequent announcements, different forms of communication),Providing resources for community action (e.g., participation opportunities, educational programs, technical training),Compensation for time (e.g., money, gift cards),Host more regular and diverse community meetings representative of the community",,There are no meetings available related to this topic,Not at all involved,I am not part of any organizations focused on drainage and flooding issues.,,Newspaper articles/Flyers,,No,6-10 years,Low (<50k),I rent my home.,Houston,,
R_5cdvXmf6vBqpCIx,EN,"Neighborhood beautification,Improved air quality,Improved stormwater quality",,"Long-standing water bodies,Aquatic (water) plants (e.g., cattail, dwarf palmettos, bald cypress tree),A creek nearby,Wildlife commonly found near water (e.g., frogs, salamander, herons, egrets),Consistently-saturated soil",I am not sure which critical wetland is located upstream of me.,"Yes, I think they impact flooding in my community",Drought,Always – (every time it rains),Always – (every time it rains),"Blocked or clogged drainage systems,Drains culverts or pipes that are too small (e.g., inadequate stormwater infrastructure size),Aging infrastructure (e.g., not in compliance–out of date)",,$0 - I haven't spent any money on flood-related repairs,"Between ankle and knee level (e.g., above 3 inches, up to 12 inches)","Property damage (e.g., vehicle damage, home repairs),Loss of work or income,Displacement from home (e.g., temporary relocation),Prevented or delayed access to essential services (e.g., health care, groceries, travel, work),Interruption of utility services (e.g., power outages, water supply)",,"Requested assistance from local government (e.g., city, county) to improve drainage,Only my landlord can take action to address or reduce flooding at my residence",,I have not seen any of the GSI examples in my community.,Rainwater harvesting,Pocket wetland,Wetland restoration (inland or coastal),1,2,3,"Yes, it is important","Yes, it is important","Yes, it is important",State of Texas,,Moderate trust,"Attracting unwanted pests,Displacement due to environmental projects (e.g., gentrification or green gentrification),High installment costs,Increased taxes,Lack of educational resources for the community,Maintenance issues",,Not at all satisfied,"More frequent updates on local flood risks,More detailed information about flood preparedness,Better access to emergency resources and assistance,More targeted outreach to vulnerable populations (e.g., environmental justice communities),Improved use of technology (e.g., apps, websites) for flood risk information,Improved translation and accessibility information for non-English speakers",,"Better information sharing (e.g., more frequent announcements, different forms of communication),Providing resources for community action (e.g., participation opportunities, educational programs, technical training),Host more regular and diverse community meetings representative of the community,Providing multilingual interpretation services",,"I never participate in meetings, although they are available",Moderately involved,I am not part of any organizations focused on drainage and flooding issues.,,Community bulletin posts,,No,1-5 years,Low (<50k),I rent my home.,Houston,,
R_3ou9rJN1aLgopIB,EN,"Improved air quality,Improved stormwater quality",,Long-standing water bodies,(1) Lake Houston Flatwood Wetlands,I do not know,Drought,Often – (At least once a month),Sometimes – (once every 2-6 months),"Heavy rainfall or storms,Blocked or clogged drainage systems,Aging infrastructure (e.g., not in compliance–out of date)",,$0 - I haven't spent any money on flood-related repairs,"Less than or at ankle level (e.g., under 3 inches)","Property damage (e.g., vehicle damage, home repairs),Displacement from home (e.g., temporary relocation),Interruption of utility services (e.g., power outages, water supply),Increased cost for repairs or flood proofing (e.g., more expensive flood insurance premiums)",,"Requested assistance from local government (e.g., city, county) to improve drainage",,I have not seen any of the GSI examples in my community.,Rain garden,Pocket wetland,Large park,2,3,1,"Yes, it is important","Yes, it is important","Yes, it is important","City of Houston, and other Municipalities (Municipal Utility District MUDs)",,Above average trust,There are no concerns,,Very satisfied,Improved translation and accessibility information for non-English speakers,,"Establishing community advisory boards,Involving local schools and community groups",,I participate in all meetings,Somewhat involved,I am not part of any organizations focused on drainage and flooding issues.,,Phone Calls,,No,Over 20 years,Low (<50k),I rent my home.,Houston,,
R_3lxUtSN1WmF7Qxk,EN,"Neighborhood beautification,Increased property value,Recreation (e.g., fishing, bird watching, walking)",,I do not know,(1) Lake Houston Flatwood Wetlands,"No, I do not think they impact flooding in my community",Drought,Never,Never,"Not applicable (e.g., my neighborhood does not flood)",,$0 - I haven't spent any money on flood-related repairs,"Not applicable (e.g., no experiences with flooding)",I have not experienced any of these events,,I have not taken any measures to address or reduce flooding,,I have not seen any of the GSI examples in my community.,I prefer not to implement small-scale GSI in my community,I prefer not to implement mid-scale GSI in my community,I prefer not to implement large-scale GSI in my community,1,2,3,"Yes, it is important","Yes, it is important","Yes, it is important",Harris County Flood Control District (HCFCD),,Above average trust,There are no concerns,,Extremely satisfied,"Improved use of technology (e.g., apps, websites) for flood risk information",,"Better information sharing (e.g., more frequent announcements, different forms of communication)",,There are no meetings available related to this topic,Not at all involved,I am not part of any organizations focused on drainage and flooding issues.,,Word of mouth,,No,Over 20 years,Low (<50k),I own my home.,Houston,,
R_1EyVGmoE1nhuogR,EN,Stress reduction,,Long-standing water bodies,(2) Greater Lake Creek,"Yes, I think they impact flooding in my community",Drought,Sometimes – (once every 2-6 months),Sometimes – (once every 2-6 months),"Blocked or clogged drainage systems,Aging infrastructure (e.g., not in compliance–out of date),Nearby river, creek, or bayou overflowing",,"$5,000 - $10,000","Between ankle and knee level (e.g., above 3 inches, up to 12 inches)","Property damage (e.g., vehicle damage, home repairs),Mental health impact (e.g., anxiety, trauma, stress)",,"Requested assistance from local government (e.g., city, county) to improve drainage",,"Nature-based detention pond,Permeable pavement,Pocket wetland","Permeable pavement,Rain garden","Nature-based detention pond,Pocket wetland",Wetland conservation,1,2,3,"Yes, it is important","Yes, it is important","Yes, it is important","City of Houston, and other Municipalities (Municipal Utility District MUDs)",,Above average trust,"Attracting unwanted pests,Equity in implementation–areas that need it most may not get first priority",,Moderately satisfied,"More detailed information about flood preparedness,Better access to emergency resources and assistance,Increased opportunities for community feedback",,"Establishing community advisory boards,Involving local schools and community groups,Providing resources for community action (e.g., participation opportunities, educational programs, technical training)",,I rarely participate in meetings,Moderately involved,"Coalition for Environment, Equity and Resilience (CEER),Northeast Action Collective (NAC)",,Community bulletin posts,,No,Over 20 years,Moderate (50k-<150k),I rent my home.,Houston,,
R_3PTpB1CHuMIaYyE,EN,"Neighborhood beautification,Improved air quality,Improved soil quality",,"Long-standing water bodies,Aquatic (water) plants (e.g., cattail, dwarf palmettos, bald cypress tree),A creek nearby",(4) Trans-Brazos Region,"Yes, I think they impact flooding in my community",Drought,Always – (every time it rains),Always – (every time it rains),"Heavy rainfall or storms,Drains culverts or pipes that are too small (e.g., inadequate stormwater infrastructure size),Aging infrastructure (e.g., not in compliance–out of date)",,"More than $20,000","Above the knee (e.g., over 12 inches)","Property damage (e.g., vehicle damage, home repairs),Mental health impact (e.g., anxiety, trauma, stress),Prevented or delayed access to essential services (e.g., health care, groceries, travel, work),Interruption of utility services (e.g., power outages, water supply)",,"Raised the foundation of my house,Requested assistance from local government (e.g., city, county) to improve drainage,Engaged with local authorities around flooding issues",,"Bioswale,Large park,Pocket wetland,Rainwater harvesting,Urban forestry","Bioswale,Permeable pavement","Pocket prairie,Pocket wetland","Large park,Wetland conservation",1,2,3,"Yes, it is important","Yes, it is important","Yes, it is important","City of Houston, and other Municipalities (Municipal Utility District MUDs)",,Extreme trust,"Attracting unwanted pests,Displacement due to environmental projects (e.g., gentrification or green gentrification),High installment costs,Increased taxes,Maintenance issues",,Extremely satisfied,"More frequent updates on local flood risks,Better access to emergency resources and assistance,Increased opportunities for community feedback,Enhanced coordination with other local organizations/agencies,More targeted outreach to vulnerable populations (e.g., environmental justice communities)",,"Better information sharing (e.g., more frequent announcements, different forms of communication),Providing resources for community action (e.g., participation opportunities, educational programs, technical training),Compensation for time (e.g., money, gift cards),Host more regular and diverse community meetings representative of the community",,I occasionally participate in meetings,Extremely involved,"Bayou City Waterkeeper (BCWK),Coalition for Environment, Equity and Resilience (CEER),Northeast Action Collective (NAC)",,Newspaper articles/Flyers,,No,6-10 years,Moderate (50k-<150k),I own my home.,Houston,,
R_7CvwYMo3FWY3dOp,EN,"Improved air quality,Improved soil quality,Recreation (e.g., fishing, bird watching, walking)",,"Long-standing water bodies,Aquatic (water) plants (e.g., cattail, dwarf palmettos, bald cypress tree),Wildlife commonly found near water (e.g., frogs, salamander, herons, egrets)",(1) Lake Houston Flatwood Wetlands,"Yes, I think they impact flooding in my community",Drought,Rarely – (once a year or less),Never,"Blocked or clogged drainage systems,Drains culverts or pipes that are too small (e.g., inadequate stormwater infrastructure size),Increased development or urbanization",,Less than $500,"Between ankle and knee level (e.g., above 3 inches, up to 12 inches)",I have not experienced any of these events,,Engaged with local authorities around flooding issues,,"Nature-based detention pond,Pocket prairie,Pocket wetland,Urban forestry,Wetland conservation",Permeable pavement,"Nature-based detention pond,Pocket wetland",Wetland restoration (inland or coastal),2,1,3,"Yes, it is important","Yes, it is important","Yes, it is important",Harris County Flood Control District (HCFCD),,Above average trust,"Attracting unwanted pests,Displacement due to environmental projects (e.g., gentrification or green gentrification),Increased taxes,Lack of educational resources for the community",,Very satisfied,"More frequent updates on local flood risks,More detailed information about flood preparedness,Increased opportunities for community feedback",,"Better information sharing (e.g., more frequent announcements, different forms of communication),Providing resources for community action (e.g., participation opportunities, educational programs, technical training),Host more regular and diverse community meetings representative of the community",,I participate in most meetings,Moderately involved,"Bayou City Waterkeeper (BCWK),West Street Recovery (WSR),Northeast Action Collective (NAC)",,Community bulletin posts,,No,6-10 years,Moderate (50k-<150k),I own my home.,Houston,,
R_3CTOnhBaPi48F5T,EN,"Neighborhood beautification,Improved air quality,Recreation (e.g., fishing, bird watching, walking)",,"Long-standing water bodies,Consistently-saturated soil",(1) Lake Houston Flatwood Wetlands,"No, I do not think they impact flooding in my community",Drought,Never,Never,"Blocked or clogged drainage systems,Nearby river, creek, or bayou overflowing",,$0 - I haven't spent any money on flood-related repairs,"Not applicable (e.g., no experiences with flooding)",I have not experienced any of these events,,"Not applicable (e.g., flooding has not affected my residence)",,I have not seen any of the GSI examples in my community.,I prefer not to implement small-scale GSI in my community,I prefer not to implement mid-scale GSI in my community,I prefer not to implement large-scale GSI in my community,1,2,3,"Yes, it is important","Yes, it is important","Yes, it is important",Harris County Flood Control District (HCFCD),,Moderate trust,"Displacement due to environmental projects (e.g., gentrification or green gentrification),High installment costs,Increased taxes",,There is no information available,"Improved use of technology (e.g., apps, websites) for flood risk information",,"Compensation for time (e.g., money, gift cards),Providing child care",,There are no meetings available related to this topic,Not at all involved,I am not part of any organizations focused on drainage and flooding issues.,,Other:,Emails,No,6-10 years,Moderate (50k-<150k),I own my home.,Baytown,,
R_1asojbOFSjdIUYp,EN,"Neighborhood beautification,Improved air quality,Increased property value",,I do not know,(3) Greater Katy Prairie-Pothole Pimple-Mound Complexes,"Yes, I think they impact flooding in my community",Drought,Never,Sometimes – (once every 2-6 months),Heavy rainfall or storms,,$0 - I haven't spent any money on flood-related repairs,"Less than or at ankle level (e.g., under 3 inches)","Interruption of utility services (e.g., power outages, water supply)",,I have not taken any measures to address or reduce flooding,,"Pocket prairie,Rainwater harvesting",Permeable pavement,Urban forestry,Large park,1,2,3,"Yes, it is important","Yes, it is important","Yes, it is important",Harris County Flood Control District (HCFCD),,Moderate trust,"Displacement due to environmental projects (e.g., gentrification or green gentrification)",,Moderately satisfied,"More frequent updates on local flood risks,Increased opportunities for community feedback,More targeted outreach to vulnerable populations (e.g., environmental justice communities),Improved use of technology (e.g., apps, websites) for flood risk information",,"Better information sharing (e.g., more frequent announcements, different forms of communication),Providing resources for community action (e.g., participation opportunities, educational programs, technical training),Host more regular and diverse community meetings representative of the community,Providing multilingual interpretation services",,I rarely participate in meetings,Not at all involved,My local neighborhood association or homeowners association (HOA),,Word of mouth,,No,1-5 years,Low (<50k),I rent my home.,Houston,,
R_3rueiVFIlomLkjK,EN,Improved air quality,,Long-standing water bodies,(1) Lake Houston Flatwood Wetlands,"Yes, I think they impact flooding in my community",Drought,Sometimes – (once every 2-6 months),Sometimes – (once every 2-6 months),Blocked or clogged drainage systems,,"$500 - $1,000","Between ankle and knee level (e.g., above 3 inches, up to 12 inches)",Loss of work or income,,Installed flood barriers or sandbags around my property,,Large park,Rain garden,Pocket wetland,Wetland conservation,1,2,3,"Yes, it is important","Yes, it is important","Yes, it is important","City of Houston, and other Municipalities (Municipal Utility District MUDs)",,Slight trust,"Displacement due to environmental projects (e.g., gentrification or green gentrification)",,Moderately satisfied,Better access to emergency resources and assistance,,Involving local schools and community groups,,I participate in most meetings,Moderately involved,West Street Recovery (WSR),,Phone Calls,,No,1-5 years,Low (<50k),I own my home.,Houston,,
R_3xDu0byxgXrIYxP,EN,"Improved air quality,Improved soil quality,Increased property value",,"Aquatic (water) plants (e.g., cattail, dwarf palmettos, bald cypress tree),A drainage ditch nearby,A creek nearby,Wildlife commonly found near water (e.g., frogs, salamander, herons, egrets)",(2) Greater Lake Creek,"Yes, I think they impact flooding in my community",Drought,Often – (At least once a month),Often – (At least once a month),"Drains culverts or pipes that are too small (e.g., inadequate stormwater infrastructure size),Aging infrastructure (e.g., not in compliance–out of date),Increased development or urbanization",,"$5,000 - $10,000","Between ankle and knee level (e.g., above 3 inches, up to 12 inches)","Mental health impact (e.g., anxiety, trauma, stress),Prevented or delayed access to essential services (e.g., health care, groceries, travel, work),Interruption of utility services (e.g., power outages, water supply),Increased cost for repairs or flood proofing (e.g., more expensive flood insurance premiums)",,"Installed flood barriers or sandbags around my property,Requested assistance from local government (e.g., city, county) to improve drainage,Engaged with local authorities around flooding issues",,"Permeable pavement,Pocket prairie,Pocket wetland,Rain garden,Rainwater harvesting,Urban forestry","Bioswale,Permeable pavement,Rain garden","Nature-based detention pond,Pocket prairie,Urban forestry","Large park,Wetland conservation,Wetland restoration (inland or coastal)",1,2,3,"Yes, it is important","Yes, it is important","Yes, it is important","City of Houston, and other Municipalities (Municipal Utility District MUDs)",,Extreme trust,"Equity in implementation–areas that need it most may not get first priority,Displacement due to environmental projects (e.g., gentrification or green gentrification),High installment costs,Increased taxes,Maintenance issues",,Extremely satisfied,"More detailed information about flood preparedness,Better access to emergency resources and assistance,Increased opportunities for community feedback,Enhanced coordination with other local organizations/agencies,Improved use of technology (e.g., apps, websites) for flood risk information",,"Better information sharing (e.g., more frequent announcements, different forms of communication),Involving local schools and community groups,Providing resources for community action (e.g., participation opportunities, educational programs, technical training),Host more regular and diverse community meetings representative of the community",,I participate in most meetings,Very involved,"West Street Recovery (WSR),Coalition for Environment, Equity and Resilience (CEER),My local neighborhood association or homeowners association (HOA)",,Newspaper articles/Flyers,,No,Over 20 years,High (≥150k),I own my home.,Houston,,
R_7RUKWjVSx6ZDo7m,EN,"Neighborhood beautification,Improved air quality,Improved stormwater quality",,"Long-standing water bodies,A drainage ditch nearby,Consistently-saturated soil",(5) Anahuac Coastal Marsh and Prairies,"Yes, I think they impact flooding in my community",Drought,Sometimes – (once every 2-6 months),Never,"Heavy rainfall or storms,Blocked or clogged drainage systems,Drains culverts or pipes that are too small (e.g., inadequate stormwater infrastructure size)",,$0 - I haven't spent any money on flood-related repairs,"Less than or at ankle level (e.g., under 3 inches)","Loss of work or income,Interruption of utility services (e.g., power outages, water supply)",,I have not taken any measures to address or reduce flooding,,I have not seen any of the GSI examples in my community.,I prefer not to implement small-scale GSI in my community,I prefer not to implement mid-scale GSI in my community,I prefer not to implement large-scale GSI in my community,1,2,3,"Yes, it is important","Yes, it is important","Yes, it is important",State of Texas,,Moderate trust,Maintenance issues,,Moderately satisfied,"Improved use of technology (e.g., apps, websites) for flood risk information",,"Providing resources for community action (e.g., participation opportunities, educational programs, technical training)",,"I never participate in meetings, although they are available",Moderately involved,"Coalition for Environment, Equity and Resilience (CEER)",,Word of mouth,,No,6-10 years,Moderate (50k-<150k),I rent my home.,Houston,,
R_1siYgBIIp0ytqyA,EN,"Improved air quality,Improved stormwater quality,Increased property value",,A drainage ditch nearby,I am not sure which critical wetland is located upstream of me.,"No, I do not think they impact flooding in my community",Drought,Rarely – (once a year or less),Sometimes – (once every 2-6 months),"Aging infrastructure (e.g., not in compliance–out of date)",,"$500 - $1,000","Between ankle and knee level (e.g., above 3 inches, up to 12 inches)","Displacement from home (e.g., temporary relocation)",,"Requested assistance from local government (e.g., city, county) to improve drainage,Engaged with local authorities around flooding issues",,Large park,Rain garden,Nature-based detention pond,Large park,1,2,3,"Yes, it is important","No, it is not important","Yes, it is important",Houston Galveston Area Council (HGAC),,Slight trust,High installment costs,,Slightly satisfied,"Better access to emergency resources and assistance,Enhanced coordination with other local organizations/agencies",,"Involving local schools and community groups,Providing resources for community action (e.g., participation opportunities, educational programs, technical training)",,I rarely participate in meetings,Moderately involved,"Coalition for Environment, Equity and Resilience (CEER)",,Facebook Posts,,No,6-10 years,Moderate (50k-<150k),I rent my home.,Houston,,
R_6kHRD7YvyCyDL15,EN,"Improved air quality,Improved stormwater quality,Recreation (e.g., fishing, bird watching, walking)",,"Long-standing water bodies,Aquatic (water) plants (e.g., cattail, dwarf palmettos, bald cypress tree),Consistently-saturated soil",(1) Lake Houston Flatwood Wetlands,"Yes, I think they impact flooding in my community",Drought,Often – (At least once a month),Sometimes – (once every 2-6 months),"Heavy rainfall or storms,Blocked or clogged drainage systems,Increased development or urbanization",,"$1,000 - $5,000","Between ankle and knee level (e.g., above 3 inches, up to 12 inches)","Property damage (e.g., vehicle damage, home repairs),Loss of work or income,Interruption of utility services (e.g., power outages, water supply)",,I have not taken any measures to address or reduce flooding,,"Bioswale,Large park,Permeable pavement,Wetland restoration (coastal or inland)","Bioswale,Rainwater harvesting","Nature-based detention pond,Pocket prairie",Wetland restoration (inland or coastal),1,2,3,"Yes, it is important","Yes, it is important","Yes, it is important","City of Houston, and other Municipalities (Municipal Utility District MUDs)",,Above average trust,"Attracting unwanted pests,Equity in implementation–areas that need it most may not get first priority,Not fitting into community look/aesthetic",,Moderately satisfied,"More frequent updates on local flood risks,More detailed information about flood preparedness,Improved use of technology (e.g., apps, websites) for flood risk information",,"Better information sharing (e.g., more frequent announcements, different forms of communication),Providing resources for community action (e.g., participation opportunities, educational programs, technical training),Providing multilingual interpretation services",,I occasionally participate in meetings,Very involved,"Bayou City Waterkeeper (BCWK),West Street Recovery (WSR),Coalition for Environment, Equity and Resilience (CEER)",,Newspaper articles/Flyers,,Yes,6-10 years,Moderate (50k-<150k),I rent my home.,Houston,,
R_7dKJXfDejlJ0Byc,EN,Increased property value,,"Aquatic (water) plants (e.g., cattail, dwarf palmettos, bald cypress tree),Wildlife commonly found near water (e.g., frogs, salamander, herons, egrets)",(4) Trans-Brazos Region,"Yes, I think they impact flooding in my community",Drought,Sometimes – (once every 2-6 months),Often – (At least once a month),"Heavy rainfall or storms,Drains culverts or pipes that are too small (e.g., inadequate stormwater infrastructure size),Increased development or urbanization",,"$500 - $1,000","Between ankle and knee level (e.g., above 3 inches, up to 12 inches)","Prevented or delayed access to essential services (e.g., health care, groceries, travel, work)",,Installed flood barriers or sandbags around my property,,"Large park,Rainwater harvesting",Permeable pavement,Pocket wetland,Wetland restoration (inland or coastal),3,2,1,"Yes, it is important",I don’t know,"Yes, it is important",Harris County Flood Control District (HCFCD),,Above average trust,"Attracting unwanted pests,Increased taxes",,Moderately satisfied,"More detailed information about flood preparedness,Improved use of technology (e.g., apps, websites) for flood risk information",,"Involving local schools and community groups,Providing multilingual interpretation services",,I occasionally participate in meetings,Somewhat involved,I am not part of any organizations focused on drainage and flooding issues.,,Community bulletin posts,,Yes,6-10 years,Low (<50k),I rent my home.,Houston,,
R_6ifbm6xDBYRyzgP,EN,"Improved air quality,Improved stormwater quality,Improved soil quality",,"Aquatic (water) plants (e.g., cattail, dwarf palmettos, bald cypress tree),Wildlife commonly found near water (e.g., frogs, salamander, herons, egrets),Consistently-saturated soil",I am not sure which critical wetland is located upstream of me.,"Yes, I think they impact flooding in my community",Drought,Always – (every time it rains),Always – (every time it rains),"Heavy rainfall or storms,Blocked or clogged drainage systems,Aging infrastructure (e.g., not in compliance–out of date)",,"$500 - $1,000","Between ankle and knee level (e.g., above 3 inches, up to 12 inches)","Property damage (e.g., vehicle damage, home repairs),Mental health impact (e.g., anxiety, trauma, stress),Displacement from home (e.g., temporary relocation),Prevented or delayed access to essential services (e.g., health care, groceries, travel, work),Interruption of utility services (e.g., power outages, water supply),Increased cost for repairs or flood proofing (e.g., more expensive flood insurance premiums)",,Only my landlord can take action to address or reduce flooding at my residence,,I have not seen any of the GSI examples in my community.,Permeable pavement,"Nature-based detention pond,Urban forestry",Wetland restoration (inland or coastal),2,1,3,"Yes, it is important","Yes, it is important","Yes, it is important","City of Houston, and other Municipalities (Municipal Utility District MUDs)",,Slight trust,"Displacement due to environmental projects (e.g., gentrification or green gentrification),Increased taxes,Lack of educational resources for the community,Maintenance issues,Space requirements–not enough space",,Moderately satisfied,"More frequent updates on local flood risks,More detailed information about flood preparedness,Better access to emergency resources and assistance",,"Better information sharing (e.g., more frequent announcements, different forms of communication),Establishing community advisory boards,Involving local schools and community groups,Providing resources for community action (e.g., participation opportunities, educational programs, technical training),Compensation for time (e.g., money, gift cards),Host more regular and diverse community meetings representative of the community,Providing multilingual interpretation services",,There are no meetings available related to this topic,Somewhat involved,I am not part of any organizations focused on drainage and flooding issues.,,Other:,Local News,No,1-5 years,Low (<50k),I rent my home.,Houston,,
R_5mxyD98WpnN3oWF,EN,Improved soil quality,,A creek nearby,(3) Greater Katy Prairie-Pothole Pimple-Mound Complexes,"Yes, I think they impact flooding in my community",Drought,Sometimes – (once every 2-6 months),Sometimes – (once every 2-6 months),Increased development or urbanization,,"$1,000 - $5,000","Between ankle and knee level (e.g., above 3 inches, up to 12 inches)","Property damage (e.g., vehicle damage, home repairs),Loss of work or income",,"Requested assistance from local government (e.g., city, county) to improve drainage",,Urban forestry,Rain garden,Nature-based detention pond,Large park,1,2,3,"No, it is not important","Yes, it is important","No, it is not important",Harris County Flood Control District (HCFCD),,Moderate trust,"Displacement due to environmental projects (e.g., gentrification or green gentrification)",,Slightly satisfied,More detailed information about flood preparedness,,Involving local schools and community groups,,I participate in all meetings,Moderately involved,West Street Recovery (WSR),,Facebook Posts,,No,1-5 years,Moderate (50k-<150k),I own my home.,Houston,,
R_52QsrA1ZYU8GjqF,EN,"Neighborhood beautification,Improved air quality,Improved stormwater quality",,Long-standing water bodies,(1) Lake Houston Flatwood Wetlands,"No, I do not think they impact flooding in my community",Drought,Rarely – (once a year or less),Often – (At least once a month),"Drains culverts or pipes that are too small (e.g., inadequate stormwater infrastructure size),Aging infrastructure (e.g., not in compliance–out of date)",,"$5,000 - $10,000","Between ankle and knee level (e.g., above 3 inches, up to 12 inches)","Displacement from home (e.g., temporary relocation),Prevented or delayed access to essential services (e.g., health care, groceries, travel, work)",,"Requested assistance from local government (e.g., city, county) to improve drainage,Engaged with local authorities around flooding issues,Only my landlord can take action to address or reduce flooding at my residence",,"Permeable pavement,Pocket prairie","Bioswale,Rain garden","Pocket wetland,Urban forestry","Large park,Wetland conservation",1,2,3,"Yes, it is important","Yes, it is important","Yes, it is important","City of Houston, and other Municipalities (Municipal Utility District MUDs)",,No trust,"Displacement due to environmental projects (e.g., gentrification or green gentrification),High installment costs,Increased taxes",,Extremely satisfied,"Better access to emergency resources and assistance,Increased opportunities for community feedback,Enhanced coordination with other local organizations/agencies",,"Involving local schools and community groups,Providing resources for community action (e.g., participation opportunities, educational programs, technical training)",,I rarely participate in meetings,Very involved,"Coalition for Environment, Equity and Resilience (CEER),Northeast Action Collective (NAC),My local neighborhood association or homeowners association (HOA)",,Facebook Posts,,No,1-5 years,Low (<50k),I rent my home.,Houston,,
R_7GN3vDG5HJx2b7j,EN,"Improved air quality,Improved soil quality",,"Long-standing water bodies,Wildlife commonly found near water (e.g., frogs, salamander, herons, egrets)",(2) Greater Lake Creek,I do not know,Drought,Sometimes – (once every 2-6 months),Sometimes – (once every 2-6 months),Increased development or urbanization,,$0 - I haven't spent any money on flood-related repairs,"Less than or at ankle level (e.g., under 3 inches)",I have not experienced any of these events,,I have not taken any measures to address or reduce flooding,,I have not seen any of the GSI examples in my community.,I prefer not to implement small-scale GSI in my community,I prefer not to implement mid-scale GSI in my community,I prefer not to implement large-scale GSI in my community,1,2,3,"Yes, it is important","Yes, it is important","Yes, it is important",I do not know,,Extreme trust,There are no concerns,,There is no information available,"Improved use of technology (e.g., apps, websites) for flood risk information,Improved translation and accessibility information for non-English speakers",,"Providing multilingual interpretation services,Providing child care",,There are no meetings available related to this topic,Very involved,I am not part of any organizations focused on drainage and flooding issues.,,Phone Calls,,No,11-20 years,Low (<50k),I rent my home.,Houston,,
R_6gM0snyu0FxqNxI,EN,"Neighborhood beautification,Improved stormwater quality,Stress reduction",,"Long-standing water bodies,Aquatic (water) plants (e.g., cattail, dwarf palmettos, bald cypress tree),A drainage ditch nearby,A creek nearby,Wildlife commonly found near water (e.g., frogs, salamander, herons, egrets),Consistently-saturated soil",(3) Greater Katy Prairie-Pothole Pimple-Mound Complexes,"Yes, I think they impact flooding in my community",Drought,Always – (every time it rains),Always – (every time it rains),"Blocked or clogged drainage systems,Drains culverts or pipes that are too small (e.g., inadequate stormwater infrastructure size),Aging infrastructure (e.g., not in compliance–out of date)",,"$1,000 - $5,000","Between ankle and knee level (e.g., above 3 inches, up to 12 inches)","Property damage (e.g., vehicle damage, home repairs),Mental health impact (e.g., anxiety, trauma, stress),Displacement from home (e.g., temporary relocation),Prevented or delayed access to essential services (e.g., health care, groceries, travel, work),Interruption of utility services (e.g., power outages, water supply),Increased cost for repairs or flood proofing (e.g., more expensive flood insurance premiums)",,"Installed flood barriers or sandbags around my property,Requested assistance from local government (e.g., city, county) to improve drainage,Engaged with local authorities around flooding issues",,I have not seen any of the GSI examples in my community.,"Bioswale,Permeable pavement,Rain garden,Rainwater harvesting","Nature-based detention pond,Pocket prairie,Pocket wetland,Urban forestry","Large park,Wetland conservation,Wetland restoration (inland or coastal)",3,2,1,"Yes, it is important","Yes, it is important","Yes, it is important",United States Environmental Protection Agency (US EPA),,Moderate trust,"Equity in implementation–areas that need it most may not get first priority,Displacement due to environmental projects (e.g., gentrification or green gentrification),High installment costs,Increased taxes,Maintenance issues,Space requirements–not enough space",,Not at all satisfied,"More frequent updates on local flood risks,More detailed information about flood preparedness,Better access to emergency resources and assistance,Increased opportunities for community feedback,Enhanced coordination with other local organizations/agencies,Other:",BETTER WAY TO PREVENT FLOODING,"Better information sharing (e.g., more frequent announcements, different forms of communication),Establishing community advisory boards,Involving local schools and community groups,Providing resources for community action (e.g., participation opportunities, educational programs, technical training),Host more regular and diverse community meetings representative of the community,Providing multilingual interpretation services",,I participate in all meetings,Somewhat involved,My local neighborhood association or homeowners association (HOA),,Newspaper articles/Flyers,,No,1-5 years,Moderate (50k-<150k),I rent my home.,Houston,,
R_7pAkMGKlmqFDVTj,EN,"Neighborhood beautification,Improved air quality,Improved stormwater quality",,"Aquatic (water) plants (e.g., cattail, dwarf palmettos, bald cypress tree),A drainage ditch nearby,A creek nearby,Consistently-saturated soil",I am not sure which critical wetland is located upstream of me.,"Yes, I think they impact flooding in my community",Drought,Sometimes – (once every 2-6 months),Sometimes – (once every 2-6 months),"Blocked or clogged drainage systems,Aging infrastructure (e.g., not in compliance–out of date),Increased development or urbanization",,$0 - I haven't spent any money on flood-related repairs,"Between ankle and knee level (e.g., above 3 inches, up to 12 inches)","Prevented or delayed access to essential services (e.g., health care, groceries, travel, work),Interruption of utility services (e.g., power outages, water supply)",,"Requested assistance from local government (e.g., city, county) to improve drainage,Engaged with local authorities around flooding issues",,"Nature-based detention pond,Large park","Permeable pavement,Rain garden",Nature-based detention pond,"Large park,Wetland conservation,Wetland restoration (inland or coastal)",3,2,1,"Yes, it is important","Yes, it is important","Yes, it is important","City of Houston, and other Municipalities (Municipal Utility District MUDs)",,Moderate trust,"Increased taxes,Lack of educational resources for the community,Maintenance issues",,Very satisfied,"More frequent updates on local flood risks,More detailed information about flood preparedness,Better access to emergency resources and assistance,Improved use of technology (e.g., apps, websites) for flood risk information",,"Better information sharing (e.g., more frequent announcements, different forms of communication),Establishing community advisory boards,Providing resources for community action (e.g., participation opportunities, educational programs, technical training),Providing multilingual interpretation services,Providing child care",,I occasionally participate in meetings,Very involved,"Bayou City Waterkeeper (BCWK),Coalition for Environment, Equity and Resilience (CEER),Northeast Action Collective (NAC),My local neighborhood association or homeowners association (HOA)",,Word of mouth,,No,6-10 years,Moderate (50k-<150k),I own my home.,Houston,,
R_31drnTLDyY5S053,EN,I do not know,,I do not know,I am not sure which critical wetland is located upstream of me.,I do not know,Drought,Never,Never,"Not applicable (e.g., my neighborhood does not flood)",,$0 - I haven't spent any money on flood-related repairs,"Not applicable (e.g., no experiences with flooding)",I have not experienced any of these events,,"Not applicable (e.g., flooding has not affected my residence)",,I have not seen any of the GSI examples in my community.,I prefer not to implement small-scale GSI in my community,I prefer not to implement mid-scale GSI in my community,I prefer not to implement large-scale GSI in my community,1,2,3,I don’t know,I don’t know,I don’t know,I do not know,,Above average trust,There are no concerns,,There is no information available,"More frequent updates on local flood risks,Better access to emergency resources and assistance",,"Better information sharing (e.g., more frequent announcements, different forms of communication)",,There are no meetings available related to this topic,Not at all involved,I am not part of any organizations focused on drainage and flooding issues.,,Community bulletin posts,,Yes,Prefer not to answer,No response,I rent my home.,Houston,,
R_75YDjNyRNsMLos5,EN,"Neighborhood beautification,Increased property value,Recreation (e.g., fishing, bird watching, walking)",,"Long-standing water bodies,Wildlife commonly found near water (e.g., frogs, salamander, herons, egrets),Consistently-saturated soil",I am not sure which critical wetland is located upstream of me.,I do not know,Drought,Rarely – (once a year or less),Rarely – (once a year or less),"Not applicable (e.g., my neighborhood does not flood)",,$0 - I haven't spent any money on flood-related repairs,"Not applicable (e.g., no experiences with flooding)",I have not experienced any of these events,,I have not taken any measures to address or reduce flooding,,I have not seen any of the GSI examples in my community.,I prefer not to implement small-scale GSI in my community,Nature-based detention pond,Wetland conservation,3,2,1,"Yes, it is important","Yes, it is important","Yes, it is important",I do not know,,No trust,There are no concerns,,There is no information available,More frequent updates on local flood risks,,"Better information sharing (e.g., more frequent announcements, different forms of communication)",,There are no meetings available related to this topic,Not at all involved,I am not part of any organizations focused on drainage and flooding issues.,,Word of mouth,,No,Over 20 years,Moderate (50k-<150k),I own my home.,Houston,,
R_1sntc04t5Ttk7X4,EN,"Neighborhood beautification,Improved stormwater quality,Improved soil quality",,"Long-standing water bodies,Aquatic (water) plants (e.g., cattail, dwarf palmettos, bald cypress tree),Wildlife commonly found near water (e.g., frogs, salamander, herons, egrets),Consistently-saturated soil",(2) Greater Lake Creek,"No, I do not think they impact flooding in my community",Drought,Rarely – (once a year or less),Rarely – (once a year or less),"Heavy rainfall or storms,Blocked or clogged drainage systems",,$0 - I haven't spent any money on flood-related repairs,"Less than or at ankle level (e.g., under 3 inches)","Prevented or delayed access to essential services (e.g., health care, groceries, travel, work),Interruption of utility services (e.g., power outages, water supply)",,Only my landlord can take action to address or reduce flooding at my residence,,I have not seen any of the GSI examples in my community.,"Permeable pavement,Rainwater harvesting",Pocket wetland,"Large park,Wetland restoration (inland or coastal)",2,3,1,"Yes, it is important","Yes, it is important","Yes, it is important",Harris County Flood Control District (HCFCD),,Slight trust,"Displacement due to environmental projects (e.g., gentrification or green gentrification)",,Moderately satisfied,"More detailed information about flood preparedness,Increased opportunities for community feedback",,"Providing resources for community action (e.g., participation opportunities, educational programs, technical training),Compensation for time (e.g., money, gift cards)",,"I never participate in meetings, although they are available",Somewhat involved,My local neighborhood association or homeowners association (HOA),,Newspaper articles/Flyers,,No,1-5 years,Low (<50k),I rent my home.,Houston,,
R_3Kk6fNkUZ91l1gB,EN,"Neighborhood beautification,Improved stormwater quality,Recreation (e.g., fishing, bird watching, walking)",,"Aquatic (water) plants (e.g., cattail, dwarf palmettos, bald cypress tree),Wildlife commonly found near water (e.g., frogs, salamander, herons, egrets),Consistently-saturated soil",(3) Greater Katy Prairie-Pothole Pimple-Mound Complexes,I do not know,Drought,Rarely – (once a year or less),Rarely – (once a year or less),"Not applicable (e.g., my neighborhood does not flood)",,$0 - I haven't spent any money on flood-related repairs,"Not applicable (e.g., no experiences with flooding)",I have not experienced any of these events,,I have not taken any measures to address or reduce flooding,,Large park,Rainwater harvesting,I prefer not to implement mid-scale GSI in my community,I prefer not to implement large-scale GSI in my community,1,2,3,"Yes, it is important","Yes, it is important","Yes, it is important",I do not know,,Moderate trust,There are no concerns,,There is no information available,"More detailed information about flood preparedness,Increased opportunities for community feedback,Improved use of technology (e.g., apps, websites) for flood risk information",,"Better information sharing (e.g., more frequent announcements, different forms of communication),Establishing community advisory boards,Providing resources for community action (e.g., participation opportunities, educational programs, technical training),Providing multilingual interpretation services",,There are no meetings available related to this topic,Not at all involved,I am not part of any organizations focused on drainage and flooding issues.,,Other:,Text messages,No,1-5 years,Moderate (50k-<150k),I rent my home.,Houston,,
R_7JQj1mMn7ufIVZz,EN,"Neighborhood beautification,Increased property value,Recreation (e.g., fishing, bird watching, walking)",,"Long-standing water bodies,Aquatic (water) plants (e.g., cattail, dwarf palmettos, bald cypress tree),Wildlife commonly found near water (e.g., frogs, salamander, herons, egrets)",(1) Lake Houston Flatwood Wetlands,"No, I do not think they impact flooding in my community",Drought,Sometimes – (once every 2-6 months),Rarely – (once a year or less),Heavy rainfall or storms,,"$5,000 - $10,000","Between ankle and knee level (e.g., above 3 inches, up to 12 inches)","Prevented or delayed access to essential services (e.g., health care, groceries, travel, work)",,"Requested assistance from local government (e.g., city, county) to improve drainage",,"Rain garden,Wetland conservation",Rain garden,Pocket wetland,Large park,3,1,2,"Yes, it is important","Yes, it is important","No, it is not important","City of Houston, and other Municipalities (Municipal Utility District MUDs)",,Above average trust,There are no concerns,,Extremely satisfied,"More frequent updates on local flood risks,More detailed information about flood preparedness,Increased opportunities for community feedback,More targeted outreach to vulnerable populations (e.g., environmental justice communities),Improved use of technology (e.g., apps, websites) for flood risk information",,"Better information sharing (e.g., more frequent announcements, different forms of communication),Establishing community advisory boards,Providing resources for community action (e.g., participation opportunities, educational programs, technical training),Host more regular and diverse community meetings representative of the community",,I participate in most meetings,Extremely involved,"Bayou City Waterkeeper (BCWK),My local neighborhood association or homeowners association (HOA)",,Facebook Posts,,No,Over 20 years,Moderate (50k-<150k),I own my home.,Houston,,
R_7jThCCXL1GTxVbk,EN,"Improved air quality,Improved soil quality,Recreation (e.g., fishing, bird watching, walking)",,"Long-standing water bodies,Aquatic (water) plants (e.g., cattail, dwarf palmettos, bald cypress tree),A creek nearby,Wildlife commonly found near water (e.g., frogs, salamander, herons, egrets)",(1) Lake Houston Flatwood Wetlands,"Yes, I think they impact flooding in my community",Drought,Sometimes – (once every 2-6 months),Sometimes – (once every 2-6 months),Heavy rainfall or storms,,"$1,000 - $5,000","Between ankle and knee level (e.g., above 3 inches, up to 12 inches)","Property damage (e.g., vehicle damage, home repairs),Interruption of utility services (e.g., power outages, water supply)",,"Raised the foundation of my house,Installed flood barriers or sandbags around my property",,"Large park,Pocket wetland,Wetland restoration (coastal or inland)",Rain garden,Pocket wetland,"Large park,Wetland restoration (inland or coastal)",3,1,2,"Yes, it is important","Yes, it is important","Yes, it is important",Gulf Coast Protection District (GCPD),,Above average trust,"Attracting unwanted pests,Displacement due to environmental projects (e.g., gentrification or green gentrification),Maintenance issues",,Very satisfied,"More detailed information about flood preparedness,Increased opportunities for community feedback,More targeted outreach to vulnerable populations (e.g., environmental justice communities)",,"Establishing community advisory boards,Providing resources for community action (e.g., participation opportunities, educational programs, technical training),Compensation for time (e.g., money, gift cards)",,I occasionally participate in meetings,Moderately involved,I am not part of any organizations focused on drainage and flooding issues.,,Word of mouth,,Yes,6-10 years,Moderate (50k-<150k),I own my home.,Houston,,
R_7lRBJCxMayeDm73,EN,"Improved air quality,Improved stormwater quality,Increased property value",,I do not know,I am not sure which critical wetland is located upstream of me.,"Yes, I think they impact flooding in my community",Drought,Sometimes – (once every 2-6 months),Rarely – (once a year or less),"Heavy rainfall or storms,Increased development or urbanization",,Less than $500,"Less than or at ankle level (e.g., under 3 inches)","Mental health impact (e.g., anxiety, trauma, stress),Prevented or delayed access to essential services (e.g., health care, groceries, travel, work),Interruption of utility services (e.g., power outages, water supply)",,Installed flood barriers or sandbags around my property,,"Nature-based detention pond,Rain garden",I prefer not to implement small-scale GSI in my community,Nature-based detention pond,I prefer not to implement large-scale GSI in my community,1,2,3,"Yes, it is important","Yes, it is important","Yes, it is important",I do not know,,Moderate trust,"Attracting unwanted pests,Displacement due to environmental projects (e.g., gentrification or green gentrification),High installment costs,Increased taxes,Maintenance issues",,Moderately satisfied,"More detailed information about flood preparedness,Better access to emergency resources and assistance",,"Better information sharing (e.g., more frequent announcements, different forms of communication),Providing resources for community action (e.g., participation opportunities, educational programs, technical training),Compensation for time (e.g., money, gift cards),Host more regular and diverse community meetings representative of the community",,I occasionally participate in meetings,Not at all involved,My local neighborhood association or homeowners association (HOA),,Facebook Posts,,No,11-20 years,Moderate (50k-<150k),I own my home.,Houston,,
R_1G8tFXSNLOoQIXr,EN,"Neighborhood beautification,Improved air quality,Recreation (e.g., fishing, bird watching, walking)",,"Long-standing water bodies,Aquatic (water) plants (e.g., cattail, dwarf palmettos, bald cypress tree),A creek nearby",(2) Greater Lake Creek,"Yes, I think they impact flooding in my community",Drought,Often – (At least once a month),Sometimes – (once every 2-6 months),"Heavy rainfall or storms,Blocked or clogged drainage systems,Nearby river, creek, or bayou overflowing",,"$1,000 - $5,000","Between ankle and knee level (e.g., above 3 inches, up to 12 inches)","Mental health impact (e.g., anxiety, trauma, stress)",,I have not taken any measures to address or reduce flooding,,"Nature-based detention pond,Rain garden",Permeable pavement,Urban forestry,Large park,3,2,1,"Yes, it is important","Yes, it is important","Yes, it is important","City of Houston, and other Municipalities (Municipal Utility District MUDs)",,Above average trust,Not fitting into community look/aesthetic,,Moderately satisfied,More frequent updates on local flood risks,,"Involving local schools and community groups,Host more regular and diverse community meetings representative of the community",,"I never participate in meetings, although they are available",Very involved,"Bayou City Waterkeeper (BCWK),Northeast Action Collective (NAC)",,Community bulletin posts,,No,Over 20 years,Moderate (50k-<150k),I rent my home.,Houston,,
R_1MYu4Bv5nl7FJ46,EN,"Improved air quality,Improved soil quality,Recreation (e.g., fishing, bird watching, walking)",,"Aquatic (water) plants (e.g., cattail, dwarf palmettos, bald cypress tree),A drainage ditch nearby,A creek nearby,Wildlife commonly found near water (e.g., frogs, salamander, herons, egrets)",(1) Lake Houston Flatwood Wetlands,"Yes, I think they impact flooding in my community",Drought,Always – (every time it rains),Often – (At least once a month),"Heavy rainfall or storms,Aging infrastructure (e.g., not in compliance–out of date),Increased development or urbanization",,"$5,000 - $10,000","Between ankle and knee level (e.g., above 3 inches, up to 12 inches)","Property damage (e.g., vehicle damage, home repairs),Interruption of utility services (e.g., power outages, water supply),Increased cost for repairs or flood proofing (e.g., more expensive flood insurance premiums)",,"Requested assistance from local government (e.g., city, county) to improve drainage,Engaged with local authorities around flooding issues",,"Nature-based detention pond,Permeable pavement,Rainwater harvesting,Wetland conservation",Rainwater harvesting,"Nature-based detention pond,Urban forestry",Wetland conservation,2,3,1,"Yes, it is important","Yes, it is important","Yes, it is important",Harris County Flood Control District (HCFCD),,Above average trust,"Equity in implementation–areas that need it most may not get first priority,Increased taxes,Maintenance issues",,Very satisfied,"More detailed information about flood preparedness,Better access to emergency resources and assistance,Increased opportunities for community feedback,Improved use of technology (e.g., apps, websites) for flood risk information",,"Better information sharing (e.g., more frequent announcements, different forms of communication),Involving local schools and community groups,Host more regular and diverse community meetings representative of the community",,I participate in most meetings,Very involved,"Bayou City Waterkeeper (BCWK),Coalition for Environment, Equity and Resilience (CEER)",,Community bulletin posts,,No,6-10 years,Moderate (50k-<150k),I own my home.,Houston,,
R_1OSzHaFlfGHZoNW,EN,"Improved air quality,Increased property value,Recreation (e.g., fishing, bird watching, walking)",,"Aquatic (water) plants (e.g., cattail, dwarf palmettos, bald cypress tree),A creek nearby,Consistently-saturated soil",(2) Greater Lake Creek,"No, I do not think they impact flooding in my community",Drought,Rarely – (once a year or less),Rarely – (once a year or less),"Heavy rainfall or storms,Increased development or urbanization,Nearby river, creek, or bayou overflowing",,$0 - I haven't spent any money on flood-related repairs,"Less than or at ankle level (e.g., under 3 inches)",I have not experienced any of these events,,"Not applicable (e.g., flooding has not affected my residence)",,"Bioswale,Nature-based detention pond,Large park,Permeable pavement,Pocket wetland,Rainwater harvesting,Urban forestry,Wetland conservation,Wetland restoration (coastal or inland)","Bioswale,Permeable pavement,Rainwater harvesting","Nature-based detention pond,Pocket prairie,Urban forestry","Large park,Wetland conservation,Wetland restoration (inland or coastal)",2,1,3,"Yes, it is important","Yes, it is important","Yes, it is important",United States Environmental Protection Agency (US EPA),,Moderate trust,"High installment costs,Increased taxes,Maintenance issues,Space requirements–not enough space",,Moderately satisfied,"More frequent updates on local flood risks,More detailed information about flood preparedness,Better access to emergency resources and assistance,Enhanced coordination with other local organizations/agencies,More targeted outreach to vulnerable populations (e.g., environmental justice communities)",,"Better information sharing (e.g., more frequent announcements, different forms of communication),Providing multilingual interpretation services",,"I never participate in meetings, although they are available",Moderately involved,I am not part of any organizations focused on drainage and flooding issues.,,Phone Calls,,Yes,11-20 years,Low (<50k),I own my home.,Houston,,
R_19QaLeyxOAjZ7Ql,EN,"Improved air quality,Increased property value,Recreation (e.g., fishing, bird watching, walking)",,"Long-standing water bodies,A drainage ditch nearby,Wildlife commonly found near water (e.g., frogs, salamander, herons, egrets)",(1) Lake Houston Flatwood Wetlands,I do not know,Drought,Rarely – (once a year or less),Rarely – (once a year or less),"Heavy rainfall or storms,Nearby river, creek, or bayou overflowing",,"$500 - $1,000","Between ankle and knee level (e.g., above 3 inches, up to 12 inches)","Property damage (e.g., vehicle damage, home repairs)",,I have not taken any measures to address or reduce flooding,,Large park,Rain garden,Pocket prairie,Large park,3,2,1,"Yes, it is important","Yes, it is important",I don’t know,I do not know,,No trust,"Attracting unwanted pests,High installment costs,Increased taxes,Space requirements–not enough space",,There is no information available,Enhanced coordination with other local organizations/agencies,,Establishing community advisory boards,,There are no meetings available related to this topic,Not at all involved,I am not part of any organizations focused on drainage and flooding issues.,,Instagram Posts,,No,Over 20 years,Moderate (50k-<150k),I do not rent or own my home.,Houston,,
R_7g1rOZtO5pPsysR,EN,"Neighborhood beautification,Improved air quality,Improved soil quality",,"Long-standing water bodies,A creek nearby,Consistently-saturated soil",(1) Lake Houston Flatwood Wetlands,I do not know,Drought,Rarely – (once a year or less),Rarely – (once a year or less),"Heavy rainfall or storms,Blocked or clogged drainage systems,Increased development or urbanization",,"$1,000 - $5,000","Between ankle and knee level (e.g., above 3 inches, up to 12 inches)","Property damage (e.g., vehicle damage, home repairs),Loss of work or income,Prevented or delayed access to essential services (e.g., health care, groceries, travel, work),Interruption of utility services (e.g., power outages, water supply),Increased cost for repairs or flood proofing (e.g., more expensive flood insurance premiums)",,Installed flood barriers or sandbags around my property,,I have not seen any of the GSI examples in my community.,"Rain garden,Rainwater harvesting","Nature-based detention pond,Urban forestry","Large park,Wetland restoration (inland or coastal)",1,2,3,"Yes, it is important","Yes, it is important","Yes, it is important",Local city planning departments,,Moderate trust,"Equity in implementation–areas that need it most may not get first priority,High installment costs,Increased taxes,Maintenance issues,Not fitting into community look/aesthetic",,Slightly satisfied,"More frequent updates on local flood risks,More detailed information about flood preparedness,Enhanced coordination with other local organizations/agencies,More targeted outreach to vulnerable populations (e.g., environmental justice communities),Improved use of technology (e.g., apps, websites) for flood risk information",,"Better information sharing (e.g., more frequent announcements, different forms of communication),Establishing community advisory boards,Providing resources for community action (e.g., participation opportunities, educational programs, technical training),Compensation for time (e.g., money, gift cards),Host more regular and diverse community meetings representative of the community",,I occasionally participate in meetings,Moderately involved,I am not part of any organizations focused on drainage and flooding issues.,,Newspaper articles/Flyers,,No,Over 20 years,Moderate (50k-<150k),I own my home.,Houston,,
R_7TKeQNK2fPV5pux,EN,"Recreation (e.g., fishing, bird watching, walking),Stress reduction",,I do not know,I am not sure which critical wetland is located upstream of me.,"Yes, I think they impact flooding in my community",Drought,Sometimes – (once every 2-6 months),Rarely – (once a year or less),"Heavy rainfall or storms,Blocked or clogged drainage systems,Increased development or urbanization",,$0 - I haven't spent any money on flood-related repairs,"Less than or at ankle level (e.g., under 3 inches)","Property damage (e.g., vehicle damage, home repairs),Interruption of utility services (e.g., power outages, water supply)",,I have not taken any measures to address or reduce flooding,,I have not seen any of the GSI examples in my community.,I prefer not to implement small-scale GSI in my community,I prefer not to implement mid-scale GSI in my community,Wetland conservation,1,2,3,"Yes, it is important","Yes, it is important","Yes, it is important",Harris County Flood Control District (HCFCD),,Moderate trust,There are no concerns,,Moderately satisfied,"More detailed information about flood preparedness,Increased opportunities for community feedback",,"Compensation for time (e.g., money, gift cards),Host more regular and diverse community meetings representative of the community",,"I never participate in meetings, although they are available",Not at all involved,I am not part of any organizations focused on drainage and flooding issues.,,Facebook Posts,,Yes,6-10 years,Moderate (50k-<150k),I own my home.,Houston,,
R_7QEiuwYgk6qdYNY,EN,"Improved air quality,Improved soil quality,Recreation (e.g., fishing, bird watching, walking)",,A creek nearby,(1) Lake Houston Flatwood Wetlands,"Yes, I think they impact flooding in my community",Drought,Sometimes – (once every 2-6 months),Sometimes – (once every 2-6 months),"Nearby river, creek, or bayou overflowing",,Less than $500,"Above the knee (e.g., over 12 inches)","Property damage (e.g., vehicle damage, home repairs),Loss of work or income",,"Requested assistance from local government (e.g., city, county) to improve drainage",,Nature-based detention pond,Bioswale,I prefer not to implement mid-scale GSI in my community,Wetland conservation,1,2,3,"No, it is not important","Yes, it is important","Yes, it is important","City of Houston, and other Municipalities (Municipal Utility District MUDs)",,Slight trust,"Displacement due to environmental projects (e.g., gentrification or green gentrification)",,Slightly satisfied,More frequent updates on local flood risks,,Establishing community advisory boards,,I rarely participate in meetings,Somewhat involved,"Coalition for Environment, Equity and Resilience (CEER)",,Word of mouth,,No,6-10 years,Low (<50k),I own my home.,Houston,,
R_7Ta2DcafddpQSaZ,EN,"Neighborhood beautification,Increased property value,Recreation (e.g., fishing, bird watching, walking)",,"Aquatic (water) plants (e.g., cattail, dwarf palmettos, bald cypress tree),Wildlife commonly found near water (e.g., frogs, salamander, herons, egrets),Consistently-saturated soil",I am not sure which critical wetland is located upstream of me.,"Yes, I think they impact flooding in my community",Drought,Sometimes – (once every 2-6 months),Never,"Heavy rainfall or storms,Aging infrastructure (e.g., not in compliance–out of date),Increased development or urbanization",,$0 - I haven't spent any money on flood-related repairs,"Less than or at ankle level (e.g., under 3 inches)","Interruption of utility services (e.g., power outages, water supply)",,Only my landlord can take action to address or reduce flooding at my residence,,I have not seen any of the GSI examples in my community.,I prefer not to implement small-scale GSI in my community,I prefer not to implement mid-scale GSI in my community,I prefer not to implement large-scale GSI in my community,3,2,1,"Yes, it is important","Yes, it is important","Yes, it is important",State of Texas,,Slight trust,Attracting unwanted pests,,Slightly satisfied,"More frequent updates on local flood risks,More detailed information about flood preparedness,Better access to emergency resources and assistance",,"Compensation for time (e.g., money, gift cards)",,"I never participate in meetings, although they are available",Not at all involved,I am not part of any organizations focused on drainage and flooding issues.,,Newspaper articles/Flyers,,No,11-20 years,Moderate (50k-<150k),I rent my home.,Houston,,
R_7nRhKIsuJCS6t5T,EN,"Improved air quality,Improved soil quality,Increased property value",,"Long-standing water bodies,Aquatic (water) plants (e.g., cattail, dwarf palmettos, bald cypress tree),Wildlife commonly found near water (e.g., frogs, salamander, herons, egrets)",(4) Trans-Brazos Region,"Yes, I think they impact flooding in my community",Drought,Often – (At least once a month),Often – (At least once a month),"Heavy rainfall or storms,Increased development or urbanization,Nearby river, creek, or bayou overflowing",,"$5,000 - $10,000","Above the knee (e.g., over 12 inches)","Property damage (e.g., vehicle damage, home repairs),Displacement from home (e.g., temporary relocation),Interruption of utility services (e.g., power outages, water supply),Increased cost for repairs or flood proofing (e.g., more expensive flood insurance premiums)",,"Raised the foundation of my house,Engaged with local authorities around flooding issues,Only my landlord can take action to address or reduce flooding at my residence",,"Large park,Pocket wetland,Rainwater harvesting","Permeable pavement,Rainwater harvesting","Nature-based detention pond,Pocket wetland",Wetland conservation,3,1,2,"Yes, it is important","Yes, it is important","Yes, it is important",State of Texas,,Moderate trust,"Equity in implementation–areas that need it most may not get first priority,Increased taxes,Maintenance issues",,Moderately satisfied,"More frequent updates on local flood risks,More detailed information about flood preparedness,Increased opportunities for community feedback,Enhanced coordination with other local organizations/agencies,More targeted outreach to vulnerable populations (e.g., environmental justice communities)",,"Establishing community advisory boards,Compensation for time (e.g., money, gift cards),Host more regular and diverse community meetings representative of the community",,I participate in most meetings,Very involved,"Bayou City Waterkeeper (BCWK),West Street Recovery (WSR),Northeast Action Collective (NAC)",,Facebook Posts,,Yes,11-20 years,Moderate (50k-<150k),I own my home.,Houston,,
R_7S1RoWXrcXmAfhi,EN,"Improved air quality,Improved stormwater quality,Improved soil quality",,"Long-standing water bodies,Aquatic (water) plants (e.g., cattail, dwarf palmettos, bald cypress tree)",(5) Anahuac Coastal Marsh and Prairies,"Yes, I think they impact flooding in my community",Drought,Sometimes – (once every 2-6 months),Sometimes – (once every 2-6 months),"Heavy rainfall or storms,Drains culverts or pipes that are too small (e.g., inadequate stormwater infrastructure size),Aging infrastructure (e.g., not in compliance–out of date)",,"$1,000 - $5,000","Between ankle and knee level (e.g., above 3 inches, up to 12 inches)","Displacement from home (e.g., temporary relocation),Interruption of utility services (e.g., power outages, water supply),Increased cost for repairs or flood proofing (e.g., more expensive flood insurance premiums)",,"Requested assistance from local government (e.g., city, county) to improve drainage,Engaged with local authorities around flooding issues,Only my landlord can take action to address or reduce flooding at my residence",,Wetland restoration (coastal or inland),Rainwater harvesting,"Nature-based detention pond,Pocket wetland","Wetland conservation,Wetland restoration (inland or coastal)",2,1,3,"Yes, it is important","Yes, it is important","Yes, it is important","City of Houston, and other Municipalities (Municipal Utility District MUDs)",,Extreme trust,"Equity in implementation–areas that need it most may not get first priority,High installment costs,Lack of educational resources for the community",,Very satisfied,"More detailed information about flood preparedness,Enhanced coordination with other local organizations/agencies,More targeted outreach to vulnerable populations (e.g., environmental justice communities)",,"Establishing community advisory boards,Providing resources for community action (e.g., participation opportunities, educational programs, technical training),Compensation for time (e.g., money, gift cards)",,I occasionally participate in meetings,Somewhat involved,"Bayou City Waterkeeper (BCWK),Northeast Action Collective (NAC)",,Newspaper articles/Flyers,,No,11-20 years,Moderate (50k-<150k),I own my home.,Houston,,
R_1yaxKf5YIUNIa98,EN,"Neighborhood beautification,Improved air quality,Recreation (e.g., fishing, bird watching, walking)",,"Long-standing water bodies,Aquatic (water) plants (e.g., cattail, dwarf palmettos, bald cypress tree),A drainage ditch nearby,A creek nearby,Wildlife commonly found near water (e.g., frogs, salamander, herons, egrets),Consistently-saturated soil",(4) Trans-Brazos Region,"No, I do not think they impact flooding in my community",Drought,Sometimes – (once every 2-6 months),Rarely – (once a year or less),"Heavy rainfall or storms,Blocked or clogged drainage systems,Aging infrastructure (e.g., not in compliance–out of date)",,$0 - I haven't spent any money on flood-related repairs,"Less than or at ankle level (e.g., under 3 inches)","Interruption of utility services (e.g., power outages, water supply)",,I have not taken any measures to address or reduce flooding,,"Wetland conservation,Wetland restoration (coastal or inland)",I prefer not to implement small-scale GSI in my community,I prefer not to implement mid-scale GSI in my community,Wetland restoration (inland or coastal),2,3,1,"Yes, it is important","Yes, it is important","Yes, it is important",Texas Commission on Environmental Quality (TCEQ),,Extreme trust,Increased taxes,,Extremely satisfied,"Improved use of technology (e.g., apps, websites) for flood risk information",,"Compensation for time (e.g., money, gift cards)",,I rarely participate in meetings,Extremely involved,I am not part of any organizations focused on drainage and flooding issues.,,Other:,Local news ,Yes,Over 20 years,Moderate (50k-<150k),I own my home.,Houston,,
R_7SffywpLYByc9RG,EN,"Neighborhood beautification,Improved soil quality,Recreation (e.g., fishing, bird watching, walking)",,"Long-standing water bodies,A drainage ditch nearby,Wildlife commonly found near water (e.g., frogs, salamander, herons, egrets)",(2) Greater Lake Creek,"Yes, I think they impact flooding in my community",Drought,Sometimes – (once every 2-6 months),Sometimes – (once every 2-6 months),"Blocked or clogged drainage systems,Drains culverts or pipes that are too small (e.g., inadequate stormwater infrastructure size),Increased development or urbanization",,"$10,000 - $20,000","Between ankle and knee level (e.g., above 3 inches, up to 12 inches)","Displacement from home (e.g., temporary relocation),Prevented or delayed access to essential services (e.g., health care, groceries, travel, work),Interruption of utility services (e.g., power outages, water supply),Increased cost for repairs or flood proofing (e.g., more expensive flood insurance premiums)",,"Installed flood barriers or sandbags around my property,Requested assistance from local government (e.g., city, county) to improve drainage,Engaged with local authorities around flooding issues",,"Nature-based detention pond,Permeable pavement,Pocket prairie,Pocket wetland,Rainwater harvesting,Urban forestry,Wetland conservation","Bioswale,Permeable pavement,Rain garden,Rainwater harvesting","Nature-based detention pond,Pocket prairie,Pocket wetland,Urban forestry","Large park,Wetland conservation,Wetland restoration (inland or coastal)",3,2,1,"Yes, it is important","Yes, it is important","Yes, it is important",Houston Galveston Area Council (HGAC),,Extreme trust,"Displacement due to environmental projects (e.g., gentrification or green gentrification),High installment costs,Lack of educational resources for the community,Not fitting into community look/aesthetic,Space requirements–not enough space",,Extremely satisfied,"More frequent updates on local flood risks,More detailed information about flood preparedness,Increased opportunities for community feedback,Enhanced coordination with other local organizations/agencies,Improved use of technology (e.g., apps, websites) for flood risk information,Improved translation and accessibility information for non-English speakers",,"Better information sharing (e.g., more frequent announcements, different forms of communication),Establishing community advisory boards,Providing resources for community action (e.g., participation opportunities, educational programs, technical training),Compensation for time (e.g., money, gift cards),Host more regular and diverse community meetings representative of the community,Providing multilingual interpretation services,Providing child care",,I participate in most meetings,Very involved,"Bayou City Waterkeeper (BCWK),West Street Recovery (WSR),Coalition for Environment, Equity and Resilience (CEER),My local neighborhood association or homeowners association (HOA)",,Newspaper articles/Flyers,,No,Over 20 years,Moderate (50k-<150k),I own my home.,Houston,,
R_6dMoRyrwhtb3Ab8,EN,"Improved air quality,Improved stormwater quality,Improved soil quality",,"Long-standing water bodies,Aquatic (water) plants (e.g., cattail, dwarf palmettos, bald cypress tree),A drainage ditch nearby",(1) Lake Houston Flatwood Wetlands,"Yes, I think they impact flooding in my community",Drought,Often – (At least once a month),Often – (At least once a month),"Heavy rainfall or storms,Blocked or clogged drainage systems,Other:",I love right next to braz bayou in South Houston.When it storms the ditches are not deep enough to contain all the water and it floods all over the street.,"$5,000 - $10,000","Between ankle and knee level (e.g., above 3 inches, up to 12 inches)","Property damage (e.g., vehicle damage, home repairs),Loss of work or income,Interruption of utility services (e.g., power outages, water supply),Increased cost for repairs or flood proofing (e.g., more expensive flood insurance premiums)",,"Requested assistance from local government (e.g., city, county) to improve drainage,Engaged with local authorities around flooding issues",,"Large park,Pocket wetland,Rain garden,Urban forestry","Rain garden,Rainwater harvesting","Pocket wetland,Urban forestry",Wetland conservation,1,2,3,"Yes, it is important","Yes, it is important","Yes, it is important",Harris County Flood Control District (HCFCD),,Above average trust,"Equity in implementation–areas that need it most may not get first priority,Maintenance issues",,Moderately satisfied,"More detailed information about flood preparedness,Increased opportunities for community feedback,More targeted outreach to vulnerable populations (e.g., environmental justice communities),Improved use of technology (e.g., apps, websites) for flood risk information",,"Establishing community advisory boards,Involving local schools and community groups,Compensation for time (e.g., money, gift cards)",,I occasionally participate in meetings,Very involved,My local neighborhood association or homeowners association (HOA),,Instagram Posts,,Yes,Over 20 years,Moderate (50k-<150k),I own my home.,Houston,,
R_3H5DsrTTQlm81aX,EN,"Neighborhood beautification,Improved air quality,Stress reduction",,"Long-standing water bodies,Aquatic (water) plants (e.g., cattail, dwarf palmettos, bald cypress tree),A drainage ditch nearby,A creek nearby,Wildlife commonly found near water (e.g., frogs, salamander, herons, egrets),Consistently-saturated soil",(3) Greater Katy Prairie-Pothole Pimple-Mound Complexes,"Yes, I think they impact flooding in my community",Drought,Always – (every time it rains),Always – (every time it rains),"Blocked or clogged drainage systems,Drains culverts or pipes that are too small (e.g., inadequate stormwater infrastructure size),Aging infrastructure (e.g., not in compliance–out of date)",,$0 - I haven't spent any money on flood-related repairs,"Above the knee (e.g., over 12 inches)","Mental health impact (e.g., anxiety, trauma, stress)",,Installed flood barriers or sandbags around my property,,Wetland restoration (coastal or inland),I prefer not to implement small-scale GSI in my community,I prefer not to implement mid-scale GSI in my community,Wetland conservation,2,1,3,"Yes, it is important","Yes, it is important","Yes, it is important",United States Environmental Protection Agency (US EPA),,Moderate trust,"Attracting unwanted pests,Equity in implementation–areas that need it most may not get first priority",,Very satisfied,"More frequent updates on local flood risks,More detailed information about flood preparedness,Better access to emergency resources and assistance",,Establishing community advisory boards,,"I never participate in meetings, although they are available",Extremely involved,"Coalition for Environment, Equity and Resilience (CEER)",,Facebook Posts,,No,11-20 years,Low (<50k),I rent my home.,Houston,,
R_1E6c0DQNCVV4mpu,EN,"Neighborhood beautification,Improved stormwater quality,Recreation (e.g., fishing, bird watching, walking)",,"Long-standing water bodies,Aquatic (water) plants (e.g., cattail, dwarf palmettos, bald cypress tree),Wildlife commonly found near water (e.g., frogs, salamander, herons, egrets),Consistently-saturated soil",(2) Greater Lake Creek,"Yes, I think they impact flooding in my community",Drought,Sometimes – (once every 2-6 months),Sometimes – (once every 2-6 months),"Blocked or clogged drainage systems,Drains culverts or pipes that are too small (e.g., inadequate stormwater infrastructure size),Aging infrastructure (e.g., not in compliance–out of date)",,"$1,000 - $5,000","Less than or at ankle level (e.g., under 3 inches)","Property damage (e.g., vehicle damage, home repairs),Prevented or delayed access to essential services (e.g., health care, groceries, travel, work),Interruption of utility services (e.g., power outages, water supply),Increased cost for repairs or flood proofing (e.g., more expensive flood insurance premiums)",,"Installed flood barriers or sandbags around my property,Engaged with local authorities around flooding issues",,"Large park,Wetland conservation","Rain garden,Rainwater harvesting","Nature-based detention pond,Pocket wetland,Urban forestry","Large park,Wetland conservation",2,3,1,"Yes, it is important","Yes, it is important","Yes, it is important",Harris County Flood Control District (HCFCD),,No trust,"Equity in implementation–areas that need it most may not get first priority,Displacement due to environmental projects (e.g., gentrification or green gentrification),High installment costs,Increased taxes,Maintenance issues",,Not at all satisfied,"More frequent updates on local flood risks,More detailed information about flood preparedness,Better access to emergency resources and assistance,Increased opportunities for community feedback,Enhanced coordination with other local organizations/agencies,More targeted outreach to vulnerable populations (e.g., environmental justice communities),Improved use of technology (e.g., apps, websites) for flood risk information",,"Better information sharing (e.g., more frequent announcements, different forms of communication),Involving local schools and community groups,Providing resources for community action (e.g., participation opportunities, educational programs, technical training),Host more regular and diverse community meetings representative of the community,Providing multilingual interpretation services",,I participate in most meetings,Moderately involved,My local neighborhood association or homeowners association (HOA),,Community bulletin posts,,Yes,1-5 years,Moderate (50k-<150k),I rent my home.,Houston,,
R_3LjoUX1sZVPGHKS,EN,"Neighborhood beautification,Improved air quality,Improved stormwater quality",,"Long-standing water bodies,Aquatic (water) plants (e.g., cattail, dwarf palmettos, bald cypress tree),A drainage ditch nearby,Consistently-saturated soil",(1) Lake Houston Flatwood Wetlands,"Yes, I think they impact flooding in my community",Drought,Sometimes – (once every 2-6 months),Sometimes – (once every 2-6 months),"Drains culverts or pipes that are too small (e.g., inadequate stormwater infrastructure size)",,"$500 - $1,000","Between ankle and knee level (e.g., above 3 inches, up to 12 inches)",Loss of work or income,,"Installed flood barriers or sandbags around my property,Requested assistance from local government (e.g., city, county) to improve drainage",,"Pocket prairie,Pocket wetland,Rainwater harvesting","Permeable pavement,Rainwater harvesting","Pocket prairie,Urban forestry","Wetland conservation,Wetland restoration (inland or coastal)",1,2,3,"Yes, it is important","Yes, it is important","Yes, it is important",Harris County Flood Control District (HCFCD),,Above average trust,"Equity in implementation–areas that need it most may not get first priority,Displacement due to environmental projects (e.g., gentrification or green gentrification),High installment costs",,Not at all satisfied,"More detailed information about flood preparedness,Better access to emergency resources and assistance,Enhanced coordination with other local organizations/agencies,More targeted outreach to vulnerable populations (e.g., environmental justice communities),Improved translation and accessibility information for non-English speakers",,"Better information sharing (e.g., more frequent announcements, different forms of communication),Establishing community advisory boards,Providing resources for community action (e.g., participation opportunities, educational programs, technical training),Providing multilingual interpretation services",,I occasionally participate in meetings,Moderately involved,"West Street Recovery (WSR),Northeast Action Collective (NAC)",,Facebook Posts,,No,6-10 years,Moderate (50k-<150k),I rent my home.,Houston,,
R_6Pk3oqvz17d0YhL,EN,"Neighborhood beautification,Improved stormwater quality,Stress reduction",,"Long-standing water bodies,Aquatic (water) plants (e.g., cattail, dwarf palmettos, bald cypress tree),Wildlife commonly found near water (e.g., frogs, salamander, herons, egrets),Consistently-saturated soil",I am not sure which critical wetland is located upstream of me.,"No, I do not think they impact flooding in my community",Drought,Often – (At least once a month),Often – (At least once a month),"Heavy rainfall or storms,Blocked or clogged drainage systems,Drains culverts or pipes that are too small (e.g., inadequate stormwater infrastructure size)",,$0 - I haven't spent any money on flood-related repairs,"Between ankle and knee level (e.g., above 3 inches, up to 12 inches)","Property damage (e.g., vehicle damage, home repairs),Mental health impact (e.g., anxiety, trauma, stress),Prevented or delayed access to essential services (e.g., health care, groceries, travel, work)",,I have not taken any measures to address or reduce flooding,,I have not seen any of the GSI examples in my community.,"Bioswale,Permeable pavement,Rain garden,Rainwater harvesting","Nature-based detention pond,Pocket prairie,Pocket wetland,Urban forestry","Large park,Wetland conservation",3,2,1,"Yes, it is important","Yes, it is important","Yes, it is important",State of Texas,,Moderate trust,"Attracting unwanted pests,High installment costs,Increased taxes,Maintenance issues",,Not at all satisfied,Better access to emergency resources and assistance,,"Providing resources for community action (e.g., participation opportunities, educational programs, technical training)",,"I never participate in meetings, although they are available",Not at all involved,I am not part of any organizations focused on drainage and flooding issues.,,Newspaper articles/Flyers,,Yes,Less than a year,Low (<50k),I do not rent or own my home.,Houston,,
R_6dMMD7b4rPaEGLj,EN,"Neighborhood beautification,Improved stormwater quality,Improved soil quality",,"Long-standing water bodies,Aquatic (water) plants (e.g., cattail, dwarf palmettos, bald cypress tree),A creek nearby,Wildlife commonly found near water (e.g., frogs, salamander, herons, egrets),Consistently-saturated soil",(5) Anahuac Coastal Marsh and Prairies,"Yes, I think they impact flooding in my community",Drought,Always – (every time it rains),Often – (At least once a month),"Heavy rainfall or storms,Blocked or clogged drainage systems,Drains culverts or pipes that are too small (e.g., inadequate stormwater infrastructure size)",,"$500 - $1,000","Less than or at ankle level (e.g., under 3 inches)","Interruption of utility services (e.g., power outages, water supply),Increased cost for repairs or flood proofing (e.g., more expensive flood insurance premiums)",,"Raised the foundation of my house,Requested assistance from local government (e.g., city, county) to improve drainage,Engaged with local authorities around flooding issues",,"Nature-based detention pond,Permeable pavement,Wetland conservation,Wetland restoration (coastal or inland)","Permeable pavement,Rainwater harvesting","Nature-based detention pond,Pocket wetland,Urban forestry","Large park,Wetland conservation,Wetland restoration (inland or coastal)",1,2,3,"Yes, it is important","Yes, it is important","Yes, it is important",Texas Commission on Environmental Quality (TCEQ),,Extreme trust,Equity in implementation–areas that need it most may not get first priority,,Not at all satisfied,"More frequent updates on local flood risks,More detailed information about flood preparedness,Better access to emergency resources and assistance,Enhanced coordination with other local organizations/agencies,More targeted outreach to vulnerable populations (e.g., environmental justice communities)",,"Better information sharing (e.g., more frequent announcements, different forms of communication),Involving local schools and community groups,Host more regular and diverse community meetings representative of the community",,I participate in all meetings,Very involved,"Bayou City Waterkeeper (BCWK),Coalition for Environment, Equity and Resilience (CEER),My local neighborhood association or homeowners association (HOA)",,Phone Calls,,No,Over 20 years,Low (<50k),I rent my home.,Baytown,,
R_7i4DmQxflvn64P0,EN,"Improved air quality,Improved stormwater quality,Improved soil quality",,"A drainage ditch nearby,A creek nearby",I am not sure which critical wetland is located upstream of me.,"No, I do not think they impact flooding in my community",Drought,Rarely – (once a year or less),Rarely – (once a year or less),"Heavy rainfall or storms,Blocked or clogged drainage systems,Nearby river, creek, or bayou overflowing",,$0 - I haven't spent any money on flood-related repairs,"Between ankle and knee level (e.g., above 3 inches, up to 12 inches)","Interruption of utility services (e.g., power outages, water supply)",,Raised the foundation of my house,,Wetland conservation,Rainwater harvesting,Nature-based detention pond,Wetland conservation,1,2,3,"Yes, it is important","Yes, it is important","Yes, it is important",Harris County Flood Control District (HCFCD),,Moderate trust,"High installment costs,Lack of educational resources for the community,Not fitting into community look/aesthetic",,Moderately satisfied,"More frequent updates on local flood risks,Better access to emergency resources and assistance,More targeted outreach to vulnerable populations (e.g., environmental justice communities),Improved use of technology (e.g., apps, websites) for flood risk information,Improved translation and accessibility information for non-English speakers",,"Better information sharing (e.g., more frequent announcements, different forms of communication),Establishing community advisory boards,Providing resources for community action (e.g., participation opportunities, educational programs, technical training),Compensation for time (e.g., money, gift cards),Providing multilingual interpretation services",,I rarely participate in meetings,Moderately involved,"West Street Recovery (WSR),Northeast Action Collective (NAC),My local neighborhood association or homeowners association (HOA)",,Instagram Posts,,Yes,1-5 years,Low (<50k),I do not rent or own my home.,Houston,,
R_3VQoKYPh3GNjHNc,EN,"Neighborhood beautification,Improved air quality,Increased property value",,"Long-standing water bodies,A drainage ditch nearby,A creek nearby",(5) Anahuac Coastal Marsh and Prairies,"No, I do not think they impact flooding in my community",Drought,Sometimes – (once every 2-6 months),Rarely – (once a year or less),"Blocked or clogged drainage systems,Aging infrastructure (e.g., not in compliance–out of date)",,"$1,000 - $5,000","Less than or at ankle level (e.g., under 3 inches)","Loss of work or income,Prevented or delayed access to essential services (e.g., health care, groceries, travel, work)",,"Raised the foundation of my house,Requested assistance from local government (e.g., city, county) to improve drainage",,"Large park,Pocket wetland","Bioswale,Rain garden",Urban forestry,Wetland conservation,2,1,3,"Yes, it is important","Yes, it is important","Yes, it is important",Local city planning departments,,Above average trust,"Attracting unwanted pests,Lack of educational resources for the community",,Very satisfied,"Better access to emergency resources and assistance,Increased opportunities for community feedback",,"Better information sharing (e.g., more frequent announcements, different forms of communication),Compensation for time (e.g., money, gift cards)",,I occasionally participate in meetings,Moderately involved,"Coalition for Environment, Equity and Resilience (CEER)",,Phone Calls,,No,1-5 years,Moderate (50k-<150k),I own my home.,Houston,,
R_7o9jh4nmDss8nip,EN,"Neighborhood beautification,Improved stormwater quality,Increased property value",,"Long-standing water bodies,Aquatic (water) plants (e.g., cattail, dwarf palmettos, bald cypress tree),Wildlife commonly found near water (e.g., frogs, salamander, herons, egrets)",(2) Greater Lake Creek,Prefer not to answer,Drought,Rarely – (once a year or less),Rarely – (once a year or less),Heavy rainfall or storms,,"$1,000 - $5,000","Less than or at ankle level (e.g., under 3 inches)","Loss of work or income,Interruption of utility services (e.g., power outages, water supply)",,"Raised the foundation of my house,Installed flood barriers or sandbags around my property",,"Large park,Rain garden",Permeable pavement,"Pocket prairie,Urban forestry",Wetland restoration (inland or coastal),2,1,3,"Yes, it is important","Yes, it is important",Prefer not to answer,"City of Houston, and other Municipalities (Municipal Utility District MUDs)",,Moderate trust,"Displacement due to environmental projects (e.g., gentrification or green gentrification),Lack of educational resources for the community",,Very satisfied,"More detailed information about flood preparedness,Improved use of technology (e.g., apps, websites) for flood risk information",,"Establishing community advisory boards,Providing resources for community action (e.g., participation opportunities, educational programs, technical training)",,I participate in most meetings,Moderately involved,"Bayou City Waterkeeper (BCWK),Coalition for Environment, Equity and Resilience (CEER)",,Instagram Posts,,No,6-10 years,Moderate (50k-<150k),I own my home.,Houston,,
R_7DpSFl2wWdxcA8M,EN,"Improved air quality,Improved stormwater quality,Increased property value",,"Long-standing water bodies,A drainage ditch nearby,A creek nearby",(4) Trans-Brazos Region,"Yes, I think they impact flooding in my community",Drought,Rarely – (once a year or less),Rarely – (once a year or less),"Blocked or clogged drainage systems,Increased development or urbanization,Nearby river, creek, or bayou overflowing",,"$500 - $1,000","Not applicable (e.g., no experiences with flooding)","Interruption of utility services (e.g., power outages, water supply)",,Only my landlord can take action to address or reduce flooding at my residence,,Wetland conservation,I prefer not to implement small-scale GSI in my community,I prefer not to implement mid-scale GSI in my community,Large park,3,1,2,"Yes, it is important","Yes, it is important","Yes, it is important","City of Houston, and other Municipalities (Municipal Utility District MUDs)",,Slight trust,"Attracting unwanted pests,Displacement due to environmental projects (e.g., gentrification or green gentrification),High installment costs",,Moderately satisfied,"Better access to emergency resources and assistance,Increased opportunities for community feedback,Enhanced coordination with other local organizations/agencies",,"Involving local schools and community groups,Providing resources for community action (e.g., participation opportunities, educational programs, technical training),Host more regular and diverse community meetings representative of the community",,I rarely participate in meetings,Moderately involved,"Bayou City Waterkeeper (BCWK),My local neighborhood association or homeowners association (HOA)",,Community bulletin posts,,No,Less than a year,Low (<50k),I rent my home.,Houston,,
R_3cbdRQ3UsjtkV8E,EN,"Improved air quality,Improved stormwater quality,Recreation (e.g., fishing, bird watching, walking)",,"A drainage ditch nearby,Wildlife commonly found near water (e.g., frogs, salamander, herons, egrets)",I am not sure which critical wetland is located upstream of me.,"No, I do not think they impact flooding in my community",Drought,Sometimes – (once every 2-6 months),Rarely – (once a year or less),"Heavy rainfall or storms,Blocked or clogged drainage systems",,$0 - I haven't spent any money on flood-related repairs,"Less than or at ankle level (e.g., under 3 inches)","Interruption of utility services (e.g., power outages, water supply)",,I have not taken any measures to address or reduce flooding,,"Bioswale,Pocket wetland",Bioswale,Pocket wetland,Large park,3,2,1,"Yes, it is important","Yes, it is important","Yes, it is important",Harris County Flood Control District (HCFCD),,Moderate trust,"Attracting unwanted pests,Maintenance issues",,Slightly satisfied,"More frequent updates on local flood risks,More detailed information about flood preparedness,Better access to emergency resources and assistance,More targeted outreach to vulnerable populations (e.g., environmental justice communities),Improved translation and accessibility information for non-English speakers",,"Better information sharing (e.g., more frequent announcements, different forms of communication),Involving local schools and community groups,Providing resources for community action (e.g., participation opportunities, educational programs, technical training),Providing multilingual interpretation services",,There are no meetings available related to this topic,Not at all involved,I am not part of any organizations focused on drainage and flooding issues.,,Word of mouth,,Yes,1-5 years,Low (<50k),I rent my home.,Houston,,
R_7fdqoEzqaBNPTkQ,EN,I do not know,,I do not know,I am not sure which critical wetland is located upstream of me.,I do not know,Drought,Rarely – (once a year or less),Rarely – (once a year or less),"Not applicable (e.g., my neighborhood does not flood)",,$0 - I haven't spent any money on flood-related repairs,"Not applicable (e.g., no experiences with flooding)",I have not experienced any of these events,,"Not applicable (e.g., flooding has not affected my residence)",,I have not seen any of the GSI examples in my community.,I prefer not to implement small-scale GSI in my community,I prefer not to implement mid-scale GSI in my community,I prefer not to implement large-scale GSI in my community,1,2,3,"No, it is not important","No, it is not important","No, it is not important",I do not know,,No trust,There are no concerns,,There is no information available,More frequent updates on local flood risks,,"Better information sharing (e.g., more frequent announcements, different forms of communication)",,There are no meetings available related to this topic,Not at all involved,I am not part of any organizations focused on drainage and flooding issues.,,Phone Calls,,No,Over 20 years,Low (<50k),I rent my home.,Houston,,
R_5TT4Eu6l1EHAcNs,EN,"Improved air quality,Improved stormwater quality,Increased property value",,"Long-standing water bodies,Aquatic (water) plants (e.g., cattail, dwarf palmettos, bald cypress tree),A creek nearby,Wildlife commonly found near water (e.g., frogs, salamander, herons, egrets),Consistently-saturated soil",(2) Greater Lake Creek,"No, I do not think they impact flooding in my community",Drought,Rarely – (once a year or less),Never,"Heavy rainfall or storms,Drains culverts or pipes that are too small (e.g., inadequate stormwater infrastructure size),Aging infrastructure (e.g., not in compliance–out of date)",,"$500 - $1,000","Between ankle and knee level (e.g., above 3 inches, up to 12 inches)","Property damage (e.g., vehicle damage, home repairs),Loss of work or income,Interruption of utility services (e.g., power outages, water supply)",,Engaged with local authorities around flooding issues,,"Large park,Pocket wetland",Rain garden,Pocket wetland,"Large park,Wetland conservation",2,3,1,"Yes, it is important","Yes, it is important","Yes, it is important","City of Houston, and other Municipalities (Municipal Utility District MUDs)",,Moderate trust,"Attracting unwanted pests,Displacement due to environmental projects (e.g., gentrification or green gentrification),Maintenance issues",,Very satisfied,"More detailed information about flood preparedness,Better access to emergency resources and assistance,Improved use of technology (e.g., apps, websites) for flood risk information",,"Involving local schools and community groups,Providing resources for community action (e.g., participation opportunities, educational programs, technical training)",,I occasionally participate in meetings,Moderately involved,My local neighborhood association or homeowners association (HOA),,Facebook Posts,,Yes,11-20 years,Moderate (50k-<150k),I own my home.,Houston,,
R_5tn4uw1ubEvlk53,EN,"Improved air quality,Improved stormwater quality,Improved soil quality",,"Aquatic (water) plants (e.g., cattail, dwarf palmettos, bald cypress tree),Wildlife commonly found near water (e.g., frogs, salamander, herons, egrets),Consistently-saturated soil",I am not sure which critical wetland is located upstream of me.,"Yes, I think they impact flooding in my community",Drought,Rarely – (once a year or less),Sometimes – (once every 2-6 months),"Heavy rainfall or storms,Aging infrastructure (e.g., not in compliance–out of date),Increased development or urbanization",,$0 - I haven't spent any money on flood-related repairs,"Less than or at ankle level (e.g., under 3 inches)","Mental health impact (e.g., anxiety, trauma, stress)",,Only my landlord can take action to address or reduce flooding at my residence,,I have not seen any of the GSI examples in my community.,"Permeable pavement,Rain garden","Nature-based detention pond,Urban forestry",Large park,3,2,1,"Yes, it is important","Yes, it is important","Yes, it is important","City of Houston, and other Municipalities (Municipal Utility District MUDs)",,Moderate trust,"Equity in implementation–areas that need it most may not get first priority,Increased taxes,Maintenance issues",,Not at all satisfied,"More frequent updates on local flood risks,Enhanced coordination with other local organizations/agencies,Improved use of technology (e.g., apps, websites) for flood risk information",,"Better information sharing (e.g., more frequent announcements, different forms of communication),Establishing community advisory boards,Compensation for time (e.g., money, gift cards)",,There are no meetings available related to this topic,Not at all involved,My local neighborhood association or homeowners association (HOA),,Community bulletin posts,,No,Less than a year,Moderate (50k-<150k),I rent my home.,Houston,,
R_56eAHGO0x0fYMxp,EN,"Improved air quality,Improved soil quality,Increased property value",,"Aquatic (water) plants (e.g., cattail, dwarf palmettos, bald cypress tree),Wildlife commonly found near water (e.g., frogs, salamander, herons, egrets)",(2) Greater Lake Creek,,Drought,Rarely – (once a year or less),Sometimes – (once every 2-6 months),Heavy rainfall or storms,,$0 - I haven't spent any money on flood-related repairs,"Less than or at ankle level (e.g., under 3 inches)","Prevented or delayed access to essential services (e.g., health care, groceries, travel, work),Interruption of utility services (e.g., power outages, water supply)",,"Raised the foundation of my house,Engaged with local authorities around flooding issues",,Pocket wetland,Bioswale,Pocket wetland,Wetland restoration (inland or coastal),1,3,2,"Yes, it is important","Yes, it is important","Yes, it is important",Gulf Coast Protection District (GCPD),,Slight trust,"Displacement due to environmental projects (e.g., gentrification or green gentrification)",,Moderately satisfied,Enhanced coordination with other local organizations/agencies,,"Better information sharing (e.g., more frequent announcements, different forms of communication)",,I rarely participate in meetings,Moderately involved,"Coalition for Environment, Equity and Resilience (CEER)",,Instagram Posts,,Yes,6-10 years,Low (<50k),I own my home.,Baytown,,
R_3tJPcFA9Se3hUPu,EN,"Improved air quality,Improved stormwater quality,Improved soil quality",,"Aquatic (water) plants (e.g., cattail, dwarf palmettos, bald cypress tree),A creek nearby,Wildlife commonly found near water (e.g., frogs, salamander, herons, egrets)",(2) Greater Lake Creek,"Yes, I think they impact flooding in my community",Drought,Often – (At least once a month),Sometimes – (once every 2-6 months),"Blocked or clogged drainage systems,Drains culverts or pipes that are too small (e.g., inadequate stormwater infrastructure size),Nearby river, creek, or bayou overflowing",,"$5,000 - $10,000","Between ankle and knee level (e.g., above 3 inches, up to 12 inches)","Property damage (e.g., vehicle damage, home repairs),Loss of work or income,Displacement from home (e.g., temporary relocation),Prevented or delayed access to essential services (e.g., health care, groceries, travel, work),Interruption of utility services (e.g., power outages, water supply),Increased cost for repairs or flood proofing (e.g., more expensive flood insurance premiums)",,"Installed flood barriers or sandbags around my property,Requested assistance from local government (e.g., city, county) to improve drainage",,"Bioswale,Nature-based detention pond,Large park,Permeable pavement,Pocket wetland,Rainwater harvesting,Urban forestry,Wetland conservation","Bioswale,Permeable pavement,Rain garden","Nature-based detention pond,Pocket prairie,Pocket wetland,Urban forestry","Large park,Wetland conservation",2,1,3,"Yes, it is important","Yes, it is important","Yes, it is important",Harris County Flood Control District (HCFCD),,Above average trust,There are no concerns,,Extremely satisfied,"More frequent updates on local flood risks,More detailed information about flood preparedness,Better access to emergency resources and assistance,Enhanced coordination with other local organizations/agencies,More targeted outreach to vulnerable populations (e.g., environmental justice communities),Improved use of technology (e.g., apps, websites) for flood risk information",,"Better information sharing (e.g., more frequent announcements, different forms of communication),Establishing community advisory boards,Providing resources for community action (e.g., participation opportunities, educational programs, technical training)",,I occasionally participate in meetings,Very involved,My local neighborhood association or homeowners association (HOA),,Community bulletin posts,,No,11-20 years,Moderate (50k-<150k),I own my home.,Baytown,,
R_31Py1TQ8fwp9oK5,EN,"Neighborhood beautification,Recreation (e.g., fishing, bird watching, walking)",,"Long-standing water bodies,Aquatic (water) plants (e.g., cattail, dwarf palmettos, bald cypress tree),A creek nearby,Wildlife commonly found near water (e.g., frogs, salamander, herons, egrets),Consistently-saturated soil",(1) Lake Houston Flatwood Wetlands,I do not know,Drought,Sometimes – (once every 2-6 months),Sometimes – (once every 2-6 months),"Heavy rainfall or storms,Blocked or clogged drainage systems,Aging infrastructure (e.g., not in compliance–out of date)",,"$10,000 - $20,000","Between ankle and knee level (e.g., above 3 inches, up to 12 inches)","Loss of work or income,Mental health impact (e.g., anxiety, trauma, stress)",,Only my landlord can take action to address or reduce flooding at my residence,,I have not seen any of the GSI examples in my community.,Rainwater harvesting,"Nature-based detention pond,Pocket wetland,Urban forestry","Wetland conservation,Wetland restoration (inland or coastal)",1,2,3,"Yes, it is important","Yes, it is important","Yes, it is important",Other:,The entity that controls the money,No trust,Space requirements–not enough space,,Not at all satisfied,"More frequent updates on local flood risks,More detailed information about flood preparedness,Better access to emergency resources and assistance,Increased opportunities for community feedback,Enhanced coordination with other local organizations/agencies,More targeted outreach to vulnerable populations (e.g., environmental justice communities),Improved use of technology (e.g., apps, websites) for flood risk information,Improved translation and accessibility information for non-English speakers",,"Providing resources for community action (e.g., participation opportunities, educational programs, technical training),Host more regular and diverse community meetings representative of the community,Providing multilingual interpretation services",,There are no meetings available related to this topic,Not at all involved,I am not part of any organizations focused on drainage and flooding issues.,,Other:,Directions contact,No,Over 20 years,Moderate (50k-<150k),I rent my home.,Houston,,
R_1dLPisIYIXzJivu,EN,"Neighborhood beautification,Improved air quality,Improved stormwater quality",,"Long-standing water bodies,Aquatic (water) plants (e.g., cattail, dwarf palmettos, bald cypress tree),A drainage ditch nearby,A creek nearby,Wildlife commonly found near water (e.g., frogs, salamander, herons, egrets),Consistently-saturated soil",(5) Anahuac Coastal Marsh and Prairies,"No, I do not think they impact flooding in my community",Drought,Rarely – (once a year or less),Never,"Heavy rainfall or storms,Blocked or clogged drainage systems,Aging infrastructure (e.g., not in compliance–out of date)",,"$500 - $1,000","Less than or at ankle level (e.g., under 3 inches)",I have not experienced any of these events,,Raised the foundation of my house,,Nature-based detention pond,Rain garden,Nature-based detention pond,"Large park,Wetland restoration (inland or coastal)",1,2,3,"Yes, it is important","Yes, it is important","No, it is not important","City of Houston, and other Municipalities (Municipal Utility District MUDs)",,Slight trust,There are no concerns,,Slightly satisfied,Enhanced coordination with other local organizations/agencies,,Establishing community advisory boards,,I rarely participate in meetings,Moderately involved,My local neighborhood association or homeowners association (HOA),,Community bulletin posts,,No,1-5 years,Moderate (50k-<150k),I own my home.,Houston,,
R_3AteTpYrTYzOx2N,EN,"Improved soil quality,Recreation (e.g., fishing, bird watching, walking),Stress reduction",,Long-standing water bodies,I am not sure which critical wetland is located upstream of me.,I do not know,Drought,Sometimes – (once every 2-6 months),Sometimes – (once every 2-6 months),"Heavy rainfall or storms,Blocked or clogged drainage systems,Nearby river, creek, or bayou overflowing",,$0 - I haven't spent any money on flood-related repairs,"Less than or at ankle level (e.g., under 3 inches)","Interruption of utility services (e.g., power outages, water supply)",,"Installed flood barriers or sandbags around my property,Only my landlord can take action to address or reduce flooding at my residence",,I have not seen any of the GSI examples in my community.,Rainwater harvesting,Nature-based detention pond,Large park,3,2,1,"Yes, it is important","Yes, it is important","Yes, it is important",Harris County Flood Control District (HCFCD),,Moderate trust,"Attracting unwanted pests,Increased taxes,Maintenance issues",,Moderately satisfied,"More frequent updates on local flood risks,More detailed information about flood preparedness,Better access to emergency resources and assistance,Improved use of technology (e.g., apps, websites) for flood risk information",,"Involving local schools and community groups,Providing resources for community action (e.g., participation opportunities, educational programs, technical training),Compensation for time (e.g., money, gift cards),Host more regular and diverse community meetings representative of the community",,I participate in most meetings,Not at all involved,I am not part of any organizations focused on drainage and flooding issues.,,Facebook Posts,,No,Less than a year,Moderate (50k-<150k),I rent my home.,Houston,,
R_16fKPFGhBJ17aEB,EN,"Neighborhood beautification,Improved air quality,Recreation (e.g., fishing, bird watching, walking)",,"Long-standing water bodies,A creek nearby,Wildlife commonly found near water (e.g., frogs, salamander, herons, egrets),Consistently-saturated soil",I am not sure which critical wetland is located upstream of me.,"Yes, I think they impact flooding in my community",Drought,Often – (At least once a month),Always – (every time it rains),"Heavy rainfall or storms,Blocked or clogged drainage systems,Increased development or urbanization",,$0 - I haven't spent any money on flood-related repairs,"Between ankle and knee level (e.g., above 3 inches, up to 12 inches)",I have not experienced any of these events,,"Not applicable (e.g., flooding has not affected my residence)",,Nature-based detention pond,"Bioswale,Permeable pavement,Rain garden","Nature-based detention pond,Pocket prairie,Pocket wetland,Urban forestry","Large park,Wetland conservation,Wetland restoration (inland or coastal)",1,2,3,"Yes, it is important","Yes, it is important","Yes, it is important","City of Houston, and other Municipalities (Municipal Utility District MUDs)",,Moderate trust,"Attracting unwanted pests,Increased taxes",,Very satisfied,"More frequent updates on local flood risks,More detailed information about flood preparedness",,"Better information sharing (e.g., more frequent announcements, different forms of communication),Compensation for time (e.g., money, gift cards)",,I rarely participate in meetings,Not at all involved,I am not part of any organizations focused on drainage and flooding issues.,,Newspaper articles/Flyers,,No,Over 20 years,Low (<50k),I own my home.,Houston,,
R_1OkUfL2KJgX5MZb,EN,"Improved air quality,Improved stormwater quality,Stress reduction",,"Long-standing water bodies,Aquatic (water) plants (e.g., cattail, dwarf palmettos, bald cypress tree),A drainage ditch nearby,A creek nearby,Wildlife commonly found near water (e.g., frogs, salamander, herons, egrets),Consistently-saturated soil",(3) Greater Katy Prairie-Pothole Pimple-Mound Complexes,"Yes, I think they impact flooding in my community",Drought,Often – (At least once a month),Often – (At least once a month),"Heavy rainfall or storms,Blocked or clogged drainage systems,Increased development or urbanization",,"$5,000 - $10,000","Above the knee (e.g., over 12 inches)","Displacement from home (e.g., temporary relocation),Prevented or delayed access to essential services (e.g., health care, groceries, travel, work)",,"Installed flood barriers or sandbags around my property,Requested assistance from local government (e.g., city, county) to improve drainage",,"Nature-based detention pond,Large park,Urban forestry","Permeable pavement,Rain garden,Rainwater harvesting","Nature-based detention pond,Pocket prairie,Urban forestry","Large park,Wetland conservation,Wetland restoration (inland or coastal)",2,1,3,"Yes, it is important","Yes, it is important","Yes, it is important",Harris County Flood Control District (HCFCD),,Moderate trust,"Equity in implementation–areas that need it most may not get first priority,Increased taxes",,Very satisfied,"More detailed information about flood preparedness,Better access to emergency resources and assistance",,"Better information sharing (e.g., more frequent announcements, different forms of communication),Establishing community advisory boards",,I participate in most meetings,Very involved,"West Street Recovery (WSR),Coalition for Environment, Equity and Resilience (CEER)",,Instagram Posts,,Yes,Over 20 years,Moderate (50k-<150k),I own my home.,Houston,,
R_7mxd4A1k38B1bi1,EN,"Neighborhood beautification,Increased property value,Recreation (e.g., fishing, bird watching, walking)",,"Long-standing water bodies,A drainage ditch nearby,Wildlife commonly found near water (e.g., frogs, salamander, herons, egrets)",(2) Greater Lake Creek,"Yes, I think they impact flooding in my community",Drought,Rarely – (once a year or less),Rarely – (once a year or less),"Heavy rainfall or storms,Drains culverts or pipes that are too small (e.g., inadequate stormwater infrastructure size),Nearby river, creek, or bayou overflowing",,"$500 - $1,000","Between ankle and knee level (e.g., above 3 inches, up to 12 inches)","Property damage (e.g., vehicle damage, home repairs),Mental health impact (e.g., anxiety, trauma, stress),Prevented or delayed access to essential services (e.g., health care, groceries, travel, work)",,Engaged with local authorities around flooding issues,,"Pocket wetland,Urban forestry",Rainwater harvesting,I prefer not to implement mid-scale GSI in my community,Wetland conservation,1,2,3,"Yes, it is important","Yes, it is important",I don’t know,"City of Houston, and other Municipalities (Municipal Utility District MUDs)",,Above average trust,"Increased taxes,Maintenance issues",,Moderately satisfied,"More detailed information about flood preparedness,Increased opportunities for community feedback,Enhanced coordination with other local organizations/agencies",,"Providing resources for community action (e.g., participation opportunities, educational programs, technical training),Host more regular and diverse community meetings representative of the community",,I occasionally participate in meetings,Somewhat involved,Bayou City Waterkeeper (BCWK),,Instagram Posts,,No,1-5 years,Low (<50k),I rent my home.,Houston,,
R_6xXE75yCHza7anp,EN,Improved stormwater quality,,A drainage ditch nearby,I am not sure which critical wetland is located upstream of me.,"Yes, I think they impact flooding in my community",Drought,Sometimes – (once every 2-6 months),Sometimes – (once every 2-6 months),"Drains culverts or pipes that are too small (e.g., inadequate stormwater infrastructure size)",,$0 - I haven't spent any money on flood-related repairs,"Less than or at ankle level (e.g., under 3 inches)","Property damage (e.g., vehicle damage, home repairs),Interruption of utility services (e.g., power outages, water supply)",,"Raised the foundation of my house,Installed flood barriers or sandbags around my property",,"Nature-based detention pond,Pocket prairie",Rain garden,Pocket wetland,Wetland conservation,1,2,3,"Yes, it is important","Yes, it is important","Yes, it is important",State of Texas,,Moderate trust,"Displacement due to environmental projects (e.g., gentrification or green gentrification)",,Moderately satisfied,Increased opportunities for community feedback,,"Providing resources for community action (e.g., participation opportunities, educational programs, technical training)",,I rarely participate in meetings,Somewhat involved,Northeast Action Collective (NAC),,Community bulletin posts,,Yes,Over 20 years,Moderate (50k-<150k),I rent my home.,Baytown,,
R_6wmlCnwCmJfyUhD,EN,"Neighborhood beautification,Increased property value,Recreation (e.g., fishing, bird watching, walking)",,"Aquatic (water) plants (e.g., cattail, dwarf palmettos, bald cypress tree),Wildlife commonly found near water (e.g., frogs, salamander, herons, egrets)",(1) Lake Houston Flatwood Wetlands,"No, I do not think they impact flooding in my community",Drought,Rarely – (once a year or less),Rarely – (once a year or less),"Blocked or clogged drainage systems,Drains culverts or pipes that are too small (e.g., inadequate stormwater infrastructure size),Nearby river, creek, or bayou overflowing",,"$500 - $1,000","Less than or at ankle level (e.g., under 3 inches)","Interruption of utility services (e.g., power outages, water supply)",,Installed flood barriers or sandbags around my property,,I have not seen any of the GSI examples in my community.,"Bioswale,Rainwater harvesting",Nature-based detention pond,"Wetland conservation,Wetland restoration (inland or coastal)",3,1,2,"Yes, it is important","Yes, it is important","Yes, it is important",Texas Commission on Environmental Quality (TCEQ),,Above average trust,"Equity in implementation–areas that need it most may not get first priority,Displacement due to environmental projects (e.g., gentrification or green gentrification),Maintenance issues",,Extremely satisfied,"More detailed information about flood preparedness,Better access to emergency resources and assistance",,"Better information sharing (e.g., more frequent announcements, different forms of communication),Establishing community advisory boards,Providing resources for community action (e.g., participation opportunities, educational programs, technical training)",,I occasionally participate in meetings,Extremely involved,My local neighborhood association or homeowners association (HOA),,Newspaper articles/Flyers,,No,1-5 years,Moderate (50k-<150k),I own my home.,Houston,,
R_7D2lyVvlbVQNvXd,EN,"Neighborhood beautification,Improved air quality,Stress reduction",,"Aquatic (water) plants (e.g., cattail, dwarf palmettos, bald cypress tree),Wildlife commonly found near water (e.g., frogs, salamander, herons, egrets)",(1) Lake Houston Flatwood Wetlands,"No, I do not think they impact flooding in my community",Drought,Never,Always – (every time it rains),"Heavy rainfall or storms,Blocked or clogged drainage systems,Drains culverts or pipes that are too small (e.g., inadequate stormwater infrastructure size)",,$0 - I haven't spent any money on flood-related repairs,"Less than or at ankle level (e.g., under 3 inches)",I have not experienced any of these events,,Raised the foundation of my house,,I have not seen any of the GSI examples in my community.,Permeable pavement,I prefer not to implement mid-scale GSI in my community,Large park,1,2,3,"Yes, it is important","Yes, it is important","Yes, it is important",Harris County Flood Control District (HCFCD),,Slight trust,Increased taxes,,Slightly satisfied,"More frequent updates on local flood risks,More detailed information about flood preparedness,Better access to emergency resources and assistance,Enhanced coordination with other local organizations/agencies,Improved use of technology (e.g., apps, websites) for flood risk information,Improved translation and accessibility information for non-English speakers",,"Better information sharing (e.g., more frequent announcements, different forms of communication),Establishing community advisory boards,Involving local schools and community groups,Providing resources for community action (e.g., participation opportunities, educational programs, technical training),Compensation for time (e.g., money, gift cards),Host more regular and diverse community meetings representative of the community,Providing multilingual interpretation services,Providing child care",,There are no meetings available related to this topic,Not at all involved,I am not part of any organizations focused on drainage and flooding issues.,,Community bulletin posts,,No,Over 20 years,Low (<50k),I own my home.,Houston,,
R_11bnw52FIcdQAvn,EN,Stress reduction,,I do not know,I am not sure which critical wetland is located upstream of me.,"No, I do not think they impact flooding in my community",Drought,Rarely – (once a year or less),Rarely – (once a year or less),Blocked or clogged drainage systems,,$0 - I haven't spent any money on flood-related repairs,"Less than or at ankle level (e.g., under 3 inches)","Prevented or delayed access to essential services (e.g., health care, groceries, travel, work)",,I have not taken any measures to address or reduce flooding,,Large park,Rain garden,Nature-based detention pond,Wetland conservation,1,2,3,"Yes, it is important",I don’t know,"Yes, it is important",Houston Galveston Area Council (HGAC),,Slight trust,Increased taxes,,Moderately satisfied,More detailed information about flood preparedness,,Establishing community advisory boards,,"I never participate in meetings, although they are available",Somewhat involved,My local neighborhood association or homeowners association (HOA),,Community bulletin posts,,No,1-5 years,Low (<50k),I rent my home.,Houston,,
R_5INlFAtHbwzBE1G,EN,"Neighborhood beautification,Improved soil quality,Recreation (e.g., fishing, bird watching, walking)",,"Aquatic (water) plants (e.g., cattail, dwarf palmettos, bald cypress tree),Wildlife commonly found near water (e.g., frogs, salamander, herons, egrets),Consistently-saturated soil",(1) Lake Houston Flatwood Wetlands,"Yes, I think they impact flooding in my community",Drought,Rarely – (once a year or less),Rarely – (once a year or less),"Heavy rainfall or storms,Blocked or clogged drainage systems,Increased development or urbanization",,"$1,000 - $5,000","Less than or at ankle level (e.g., under 3 inches)","Mental health impact (e.g., anxiety, trauma, stress),Prevented or delayed access to essential services (e.g., health care, groceries, travel, work),Interruption of utility services (e.g., power outages, water supply)",,Only my landlord can take action to address or reduce flooding at my residence,,"Nature-based detention pond,Large park,Wetland conservation",Rain garden,Pocket wetland,Wetland restoration (inland or coastal),2,3,1,"Yes, it is important","Yes, it is important","Yes, it is important",Houston Galveston Area Council (HGAC),,Moderate trust,"Displacement due to environmental projects (e.g., gentrification or green gentrification),Increased taxes,Maintenance issues",,Slightly satisfied,"More detailed information about flood preparedness,Increased opportunities for community feedback",,"Better information sharing (e.g., more frequent announcements, different forms of communication)",,I occasionally participate in meetings,Moderately involved,My local neighborhood association or homeowners association (HOA),,Community bulletin posts,,No,6-10 years,Low (<50k),I rent my home.,Houston,,
R_3YnaHalCaXXWq2h,EN,"Improved air quality,Improved stormwater quality,Increased property value",,"Long-standing water bodies,A creek nearby,Consistently-saturated soil",(2) Greater Lake Creek,"Yes, I think they impact flooding in my community",Drought,Sometimes – (once every 2-6 months),Rarely – (once a year or less),"Heavy rainfall or storms,Blocked or clogged drainage systems,Nearby river, creek, or bayou overflowing",,"$1,000 - $5,000","Less than or at ankle level (e.g., under 3 inches)","Prevented or delayed access to essential services (e.g., health care, groceries, travel, work),Interruption of utility services (e.g., power outages, water supply)",,"Requested assistance from local government (e.g., city, county) to improve drainage",,"Permeable pavement,Rain garden,Wetland conservation",Permeable pavement,I prefer not to implement mid-scale GSI in my community,I prefer not to implement large-scale GSI in my community,1,2,3,"Yes, it is important","Yes, it is important","Yes, it is important",Harris County Flood Control District (HCFCD),,Moderate trust,"Increased taxes,Maintenance issues",,Moderately satisfied,"More detailed information about flood preparedness,Improved use of technology (e.g., apps, websites) for flood risk information",,"Involving local schools and community groups,Host more regular and diverse community meetings representative of the community",,I occasionally participate in meetings,Moderately involved,I am not part of any organizations focused on drainage and flooding issues.,,Facebook Posts,,No,1-5 years,Moderate (50k-<150k),I own my home.,Houston,,
R_62EyYYNxLeGD6SA,EN,"Improved air quality,Improved stormwater quality,Improved soil quality",,"Long-standing water bodies,Aquatic (water) plants (e.g., cattail, dwarf palmettos, bald cypress tree),Wildlife commonly found near water (e.g., frogs, salamander, herons, egrets)",(2) Greater Lake Creek,"Yes, I think they impact flooding in my community",Drought,Sometimes – (once every 2-6 months),Sometimes – (once every 2-6 months),"Drains culverts or pipes that are too small (e.g., inadequate stormwater infrastructure size),Aging infrastructure (e.g., not in compliance–out of date),Increased development or urbanization",,$0 - I haven't spent any money on flood-related repairs,"Not applicable (e.g., no experiences with flooding)","Interruption of utility services (e.g., power outages, water supply)",,Only my landlord can take action to address or reduce flooding at my residence,,Nature-based detention pond,"Bioswale,Permeable pavement,Rain garden,Rainwater harvesting","Nature-based detention pond,Pocket prairie,Pocket wetland,Urban forestry","Large park,Wetland conservation,Wetland restoration (inland or coastal)",1,2,3,"Yes, it is important","Yes, it is important","Yes, it is important","City of Houston, and other Municipalities (Municipal Utility District MUDs)",,No trust,There are no concerns,,Not at all satisfied,"More frequent updates on local flood risks,More detailed information about flood preparedness,Better access to emergency resources and assistance,Increased opportunities for community feedback,Enhanced coordination with other local organizations/agencies,More targeted outreach to vulnerable populations (e.g., environmental justice communities),Improved use of technology (e.g., apps, websites) for flood risk information,Improved translation and accessibility information for non-English speakers",,"Better information sharing (e.g., more frequent announcements, different forms of communication),Establishing community advisory boards,Involving local schools and community groups,Providing resources for community action (e.g., participation opportunities, educational programs, technical training),Compensation for time (e.g., money, gift cards),Host more regular and diverse community meetings representative of the community,Providing multilingual interpretation services,Providing child care",,"I never participate in meetings, although they are available",Somewhat involved,I am not part of any organizations focused on drainage and flooding issues.,,Community bulletin posts,,No,Less than a year,Moderate (50k-<150k),I rent my home.,Houston,,
R_3aOHsKhLzM6hYrp,EN,"Neighborhood beautification,Improved air quality,Improved soil quality",,A drainage ditch nearby,(1) Lake Houston Flatwood Wetlands,I do not know,Drought,Rarely – (once a year or less),Rarely – (once a year or less),"Heavy rainfall or storms,Blocked or clogged drainage systems,Nearby river, creek, or bayou overflowing",,"$500 - $1,000","Between ankle and knee level (e.g., above 3 inches, up to 12 inches)","Property damage (e.g., vehicle damage, home repairs),Interruption of utility services (e.g., power outages, water supply)",,Engaged with local authorities around flooding issues,,Permeable pavement,Permeable pavement,Nature-based detention pond,Large park,1,2,3,"Yes, it is important","Yes, it is important","Yes, it is important",State of Texas,,Extreme trust,There are no concerns,,Very satisfied,"Enhanced coordination with other local organizations/agencies,Improved use of technology (e.g., apps, websites) for flood risk information",,"Better information sharing (e.g., more frequent announcements, different forms of communication),Establishing community advisory boards,Providing resources for community action (e.g., participation opportunities, educational programs, technical training)",,I occasionally participate in meetings,Very involved,I am not part of any organizations focused on drainage and flooding issues.,,Community bulletin posts,,No,Over 20 years,High (≥150k),I own my home.,Houston,,
R_6ZCheQmdlsPbzOJ,EN,"Increased property value,Recreation (e.g., fishing, bird watching, walking),Stress reduction",,"Long-standing water bodies,Aquatic (water) plants (e.g., cattail, dwarf palmettos, bald cypress tree)",(2) Greater Lake Creek,"Yes, I think they impact flooding in my community",Drought,Sometimes – (once every 2-6 months),Often – (At least once a month),"Increased development or urbanization,Nearby river, creek, or bayou overflowing",,$0 - I haven't spent any money on flood-related repairs,"Between ankle and knee level (e.g., above 3 inches, up to 12 inches)","Property damage (e.g., vehicle damage, home repairs)",,"Requested assistance from local government (e.g., city, county) to improve drainage",,Wetland conservation,Rain garden,Nature-based detention pond,Wetland conservation,1,2,3,"Yes, it is important","Yes, it is important","Yes, it is important","City of Houston, and other Municipalities (Municipal Utility District MUDs)",,Extreme trust,Maintenance issues,,Extremely satisfied,"Increased opportunities for community feedback,Enhanced coordination with other local organizations/agencies",,"Better information sharing (e.g., more frequent announcements, different forms of communication),Providing resources for community action (e.g., participation opportunities, educational programs, technical training)",,There are no meetings available related to this topic,Extremely involved,West Street Recovery (WSR),,Instagram Posts,,No,Less than a year,Low (<50k),I rent my home.,Houston,,
R_5n2Gk8iIOJNwfL3,EN,"Neighborhood beautification,Improved air quality,Stress reduction",,"Long-standing water bodies,A drainage ditch nearby,A creek nearby",(1) Lake Houston Flatwood Wetlands,"Yes, I think they impact flooding in my community",Drought,Often – (At least once a month),Often – (At least once a month),"Heavy rainfall or storms,Drains culverts or pipes that are too small (e.g., inadequate stormwater infrastructure size),Aging infrastructure (e.g., not in compliance–out of date)",,"$500 - $1,000","Between ankle and knee level (e.g., above 3 inches, up to 12 inches)","Property damage (e.g., vehicle damage, home repairs),Loss of work or income,Mental health impact (e.g., anxiety, trauma, stress)",,"Installed flood barriers or sandbags around my property,Requested assistance from local government (e.g., city, county) to improve drainage",,"Bioswale,Permeable pavement,Pocket wetland","Bioswale,Rain garden","Pocket prairie,Pocket wetland",Large park,2,1,3,"Yes, it is important","Yes, it is important","Yes, it is important","City of Houston, and other Municipalities (Municipal Utility District MUDs)",,Slight trust,"Displacement due to environmental projects (e.g., gentrification or green gentrification),High installment costs",,Slightly satisfied,"More frequent updates on local flood risks,Better access to emergency resources and assistance,Enhanced coordination with other local organizations/agencies",,"Better information sharing (e.g., more frequent announcements, different forms of communication),Providing resources for community action (e.g., participation opportunities, educational programs, technical training),Providing multilingual interpretation services",,I participate in all meetings,Very involved,"Bayou City Waterkeeper (BCWK),Coalition for Environment, Equity and Resilience (CEER),Northeast Action Collective (NAC)",,Newspaper articles/Flyers,,No,6-10 years,Low (<50k),I rent my home.,Houston,,
R_5OyBIpp1T2EjVrX,EN,"Neighborhood beautification,Improved stormwater quality",,A drainage ditch nearby,(1) Lake Houston Flatwood Wetlands,"Yes, I think they impact flooding in my community",Drought,Sometimes – (once every 2-6 months),Sometimes – (once every 2-6 months),"Heavy rainfall or storms,Blocked or clogged drainage systems,Nearby river, creek, or bayou overflowing",,Less than $500,"Less than or at ankle level (e.g., under 3 inches)","Property damage (e.g., vehicle damage, home repairs),Increased cost for repairs or flood proofing (e.g., more expensive flood insurance premiums)",,"Requested assistance from local government (e.g., city, county) to improve drainage",,I have not seen any of the GSI examples in my community.,Permeable pavement,Nature-based detention pond,Wetland conservation,1,2,3,"Yes, it is important","Yes, it is important","Yes, it is important","City of Houston, and other Municipalities (Municipal Utility District MUDs)",,Moderate trust,Increased taxes,,Moderately satisfied,"More frequent updates on local flood risks,Better access to emergency resources and assistance,Improved use of technology (e.g., apps, websites) for flood risk information",,"Better information sharing (e.g., more frequent announcements, different forms of communication),Establishing community advisory boards",,I rarely participate in meetings,Not at all involved,I am not part of any organizations focused on drainage and flooding issues.,,Facebook Posts,,No,1-5 years,Low (<50k),I rent my home.,Houston,,
R_7gU6OlQfC5pxdyh,EN,"Neighborhood beautification,Improved soil quality,Increased property value",,"A drainage ditch nearby,A creek nearby,Consistently-saturated soil",(1) Lake Houston Flatwood Wetlands,"Yes, I think they impact flooding in my community",Drought,Often – (At least once a month),Often – (At least once a month),"Heavy rainfall or storms,Drains culverts or pipes that are too small (e.g., inadequate stormwater infrastructure size),Aging infrastructure (e.g., not in compliance–out of date)",,"$5,000 - $10,000","Above the knee (e.g., over 12 inches)","Property damage (e.g., vehicle damage, home repairs),Prevented or delayed access to essential services (e.g., health care, groceries, travel, work),Interruption of utility services (e.g., power outages, water supply)",,"Installed flood barriers or sandbags around my property,Requested assistance from local government (e.g., city, county) to improve drainage",,"Bioswale,Large park,Rainwater harvesting,Wetland conservation","Permeable pavement,Rain garden",I prefer not to implement mid-scale GSI in my community,"Large park,Wetland conservation",1,2,3,"Yes, it is important","Yes, it is important",I don’t know,Harris County Flood Control District (HCFCD),,Moderate trust,"Attracting unwanted pests,Displacement due to environmental projects (e.g., gentrification or green gentrification),Increased taxes,Space requirements–not enough space",,Moderately satisfied,"More frequent updates on local flood risks,Better access to emergency resources and assistance,Increased opportunities for community feedback,Improved use of technology (e.g., apps, websites) for flood risk information",,"Involving local schools and community groups,Providing resources for community action (e.g., participation opportunities, educational programs, technical training),Providing multilingual interpretation services",,I participate in most meetings,Moderately involved,"West Street Recovery (WSR),Coalition for Environment, Equity and Resilience (CEER)",,Instagram Posts,,Yes,Over 20 years,Moderate (50k-<150k),I own my home.,Houston,,
R_1H7yjHGsWOt9eWz,EN,"Neighborhood beautification,Improved soil quality,Increased property value",,Consistently-saturated soil,(1) Lake Houston Flatwood Wetlands,I do not know,Drought,Rarely – (once a year or less),Rarely – (once a year or less),"Heavy rainfall or storms,Blocked or clogged drainage systems,Nearby river, creek, or bayou overflowing",,$0 - I haven't spent any money on flood-related repairs,"Less than or at ankle level (e.g., under 3 inches)","Interruption of utility services (e.g., power outages, water supply)",,"Not applicable (e.g., flooding has not affected my residence)",,Large park,Permeable pavement,Nature-based detention pond,Large park,1,2,3,"Yes, it is important","Yes, it is important","Yes, it is important",Harris County Flood Control District (HCFCD),,Above average trust,"Attracting unwanted pests,Maintenance issues",,Moderately satisfied,"Better access to emergency resources and assistance,Improved translation and accessibility information for non-English speakers",,"Establishing community advisory boards,Providing resources for community action (e.g., participation opportunities, educational programs, technical training),Providing multilingual interpretation services",,I rarely participate in meetings,Very involved,My local neighborhood association or homeowners association (HOA),,Phone Calls,,No,Over 20 years,Low (<50k),I own my home.,Houston,,
R_7EcTZIdubo0KqsP,EN,"Improved air quality,Improved soil quality,Recreation (e.g., fishing, bird watching, walking)",,"A drainage ditch nearby,Wildlife commonly found near water (e.g., frogs, salamander, herons, egrets),Consistently-saturated soil",(4) Trans-Brazos Region,"Yes, I think they impact flooding in my community",Drought,Sometimes – (once every 2-6 months),Sometimes – (once every 2-6 months),"Heavy rainfall or storms,Blocked or clogged drainage systems,Aging infrastructure (e.g., not in compliance–out of date)",,"$1,000 - $5,000","Between ankle and knee level (e.g., above 3 inches, up to 12 inches)","Loss of work or income,Displacement from home (e.g., temporary relocation),Increased cost for repairs or flood proofing (e.g., more expensive flood insurance premiums)",,"Installed flood barriers or sandbags around my property,Engaged with local authorities around flooding issues",,"Nature-based detention pond,Permeable pavement,Rainwater harvesting,Wetland conservation","Rain garden,Rainwater harvesting","Nature-based detention pond,Pocket wetland,Urban forestry",Wetland restoration (inland or coastal),1,2,3,"Yes, it is important","Yes, it is important","Yes, it is important",Houston Galveston Area Council (HGAC),,Moderate trust,"Equity in implementation–areas that need it most may not get first priority,High installment costs,Maintenance issues",,Very satisfied,"Better access to emergency resources and assistance,Enhanced coordination with other local organizations/agencies,Improved use of technology (e.g., apps, websites) for flood risk information",,"Establishing community advisory boards,Involving local schools and community groups,Compensation for time (e.g., money, gift cards)",,I occasionally participate in meetings,Somewhat involved,My local neighborhood association or homeowners association (HOA),,Phone Calls,,Yes,Over 20 years,Moderate (50k-<150k),I own my home.,Houston,,
R_60TvGtzvkbUjzJn,EN,"Improved air quality,Recreation (e.g., fishing, bird watching, walking),Stress reduction",,"Long-standing water bodies,Aquatic (water) plants (e.g., cattail, dwarf palmettos, bald cypress tree),A creek nearby,Wildlife commonly found near water (e.g., frogs, salamander, herons, egrets)",(1) Lake Houston Flatwood Wetlands,"Yes, I think they impact flooding in my community",Drought,Sometimes – (once every 2-6 months),Rarely – (once a year or less),"Heavy rainfall or storms,Drains culverts or pipes that are too small (e.g., inadequate stormwater infrastructure size),Aging infrastructure (e.g., not in compliance–out of date)",,"$5,000 - $10,000","Less than or at ankle level (e.g., under 3 inches)","Property damage (e.g., vehicle damage, home repairs),Prevented or delayed access to essential services (e.g., health care, groceries, travel, work)",,I have not taken any measures to address or reduce flooding,,"Nature-based detention pond,Large park,Pocket wetland","Bioswale,Permeable pavement,Rain garden","Pocket prairie,Pocket wetland,Urban forestry","Large park,Wetland conservation,Wetland restoration (inland or coastal)",3,2,1,"Yes, it is important","Yes, it is important","Yes, it is important","City of Houston, and other Municipalities (Municipal Utility District MUDs)",,Above average trust,"Increased taxes,Lack of educational resources for the community",,Moderately satisfied,"More frequent updates on local flood risks,Better access to emergency resources and assistance,Enhanced coordination with other local organizations/agencies",,"Better information sharing (e.g., more frequent announcements, different forms of communication),Establishing community advisory boards,Providing resources for community action (e.g., participation opportunities, educational programs, technical training),Compensation for time (e.g., money, gift cards)",,I rarely participate in meetings,Not at all involved,I am not part of any organizations focused on drainage and flooding issues.,,Community bulletin posts,,Yes,6-10 years,Moderate (50k-<150k),I own my home.,Houston,,
R_3NU2bjioupLoJnv,EN,"Improved air quality,Improved soil quality,Stress reduction",,"Long-standing water bodies,Aquatic (water) plants (e.g., cattail, dwarf palmettos, bald cypress tree),Wildlife commonly found near water (e.g., frogs, salamander, herons, egrets)",(1) Lake Houston Flatwood Wetlands,"Yes, I think they impact flooding in my community",Drought,Sometimes – (once every 2-6 months),Rarely – (once a year or less),"Heavy rainfall or storms,Blocked or clogged drainage systems,Aging infrastructure (e.g., not in compliance–out of date)",,$0 - I haven't spent any money on flood-related repairs,"Between ankle and knee level (e.g., above 3 inches, up to 12 inches)","Property damage (e.g., vehicle damage, home repairs),Mental health impact (e.g., anxiety, trauma, stress),Prevented or delayed access to essential services (e.g., health care, groceries, travel, work)",,"Raised the foundation of my house,Installed flood barriers or sandbags around my property,Requested assistance from local government (e.g., city, county) to improve drainage,Engaged with local authorities around flooding issues",,"Bioswale,Nature-based detention pond,Large park","Bioswale,Permeable pavement,Rain garden","Pocket wetland,Urban forestry",Wetland conservation,2,1,3,"Yes, it is important","Yes, it is important",I don’t know,US Army Corps of Engineers (USACE),,Moderate trust,There are no concerns,,Moderately satisfied,"More frequent updates on local flood risks,More detailed information about flood preparedness,Better access to emergency resources and assistance,Increased opportunities for community feedback",,"Providing resources for community action (e.g., participation opportunities, educational programs, technical training),Compensation for time (e.g., money, gift cards)",,I rarely participate in meetings,Somewhat involved,"Bayou City Waterkeeper (BCWK),My local neighborhood association or homeowners association (HOA)",,Community bulletin posts,,No,6-10 years,Low (<50k),I rent my home.,Houston,,
R_32J6JJ4CWeG3Tj6,EN,"Improved air quality,Improved soil quality,Recreation (e.g., fishing, bird watching, walking)",,"Aquatic (water) plants (e.g., cattail, dwarf palmettos, bald cypress tree),Wildlife commonly found near water (e.g., frogs, salamander, herons, egrets),Consistently-saturated soil",(2) Greater Lake Creek,I do not know,Drought,Often – (At least once a month),Sometimes – (once every 2-6 months),"Blocked or clogged drainage systems,Drains culverts or pipes that are too small (e.g., inadequate stormwater infrastructure size),Aging infrastructure (e.g., not in compliance–out of date)",,$0 - I haven't spent any money on flood-related repairs,"Less than or at ankle level (e.g., under 3 inches)","Interruption of utility services (e.g., power outages, water supply)",,Only my landlord can take action to address or reduce flooding at my residence,,"Rainwater harvesting,Wetland restoration (coastal or inland)","Rain garden,Rainwater harvesting",Urban forestry,"Wetland conservation,Wetland restoration (inland or coastal)",2,1,3,"Yes, it is important","Yes, it is important","No, it is not important","City of Houston, and other Municipalities (Municipal Utility District MUDs)",,No trust,Maintenance issues,,Not at all satisfied,"Better access to emergency resources and assistance,Increased opportunities for community feedback,More targeted outreach to vulnerable populations (e.g., environmental justice communities)",,"Establishing community advisory boards,Providing resources for community action (e.g., participation opportunities, educational programs, technical training),Compensation for time (e.g., money, gift cards)",,There are no meetings available related to this topic,Not at all involved,I am not part of any organizations focused on drainage and flooding issues.,,Newspaper articles/Flyers,,Yes,1-5 years,Moderate (50k-<150k),I rent my home.,Houston,,
R_37jpjS904BrpxqU,EN,"Neighborhood beautification,Improved air quality,Improved stormwater quality",,"Long-standing water bodies,Aquatic (water) plants (e.g., cattail, dwarf palmettos, bald cypress tree),A drainage ditch nearby,Wildlife commonly found near water (e.g., frogs, salamander, herons, egrets)",(1) Lake Houston Flatwood Wetlands,"Yes, I think they impact flooding in my community",Drought,Often – (At least once a month),Rarely – (once a year or less),"Blocked or clogged drainage systems,Aging infrastructure (e.g., not in compliance–out of date),Increased development or urbanization",,$0 - I haven't spent any money on flood-related repairs,"Less than or at ankle level (e.g., under 3 inches)","Property damage (e.g., vehicle damage, home repairs)",,I have not taken any measures to address or reduce flooding,,"Nature-based detention pond,Large park,Permeable pavement,Pocket wetland,Urban forestry,Wetland conservation","Bioswale,Rainwater harvesting","Nature-based detention pond,Urban forestry","Large park,Wetland conservation,Wetland restoration (inland or coastal)",3,2,1,"Yes, it is important","Yes, it is important",I don’t know,State of Texas,,Slight trust,"Equity in implementation–areas that need it most may not get first priority,Displacement due to environmental projects (e.g., gentrification or green gentrification),High installment costs,Maintenance issues,Space requirements–not enough space",,Slightly satisfied,"More frequent updates on local flood risks,More detailed information about flood preparedness,Increased opportunities for community feedback,Enhanced coordination with other local organizations/agencies,More targeted outreach to vulnerable populations (e.g., environmental justice communities),Improved translation and accessibility information for non-English speakers",,"Better information sharing (e.g., more frequent announcements, different forms of communication),Establishing community advisory boards,Involving local schools and community groups,Providing resources for community action (e.g., participation opportunities, educational programs, technical training),Compensation for time (e.g., money, gift cards),Providing multilingual interpretation services",,There are no meetings available related to this topic,Not at all involved,I am not part of any organizations focused on drainage and flooding issues.,,Newspaper articles/Flyers,,Yes,Over 20 years,Moderate (50k-<150k),I own my home.,Houston,,
R_6P4BJLorrVyBJyM,EN,"Improved air quality,Improved soil quality,Stress reduction",,"A drainage ditch nearby,A creek nearby,Consistently-saturated soil",(1) Lake Houston Flatwood Wetlands,"No, I do not think they impact flooding in my community",Drought,Sometimes – (once every 2-6 months),Rarely – (once a year or less),"Heavy rainfall or storms,Blocked or clogged drainage systems,Drains culverts or pipes that are too small (e.g., inadequate stormwater infrastructure size)",,$0 - I haven't spent any money on flood-related repairs,"Between ankle and knee level (e.g., above 3 inches, up to 12 inches)","Interruption of utility services (e.g., power outages, water supply)",,Installed flood barriers or sandbags around my property,,I have not seen any of the GSI examples in my community.,Rain garden,"Nature-based detention pond,Urban forestry","Large park,Wetland restoration (inland or coastal)",2,1,3,"Yes, it is important","Yes, it is important","Yes, it is important",Harris County Flood Control District (HCFCD),,Moderate trust,"Displacement due to environmental projects (e.g., gentrification or green gentrification),Maintenance issues",,Slightly satisfied,"More detailed information about flood preparedness,Increased opportunities for community feedback,More targeted outreach to vulnerable populations (e.g., environmental justice communities)",,"Better information sharing (e.g., more frequent announcements, different forms of communication),Providing resources for community action (e.g., participation opportunities, educational programs, technical training),Compensation for time (e.g., money, gift cards),Providing multilingual interpretation services",,I occasionally participate in meetings,Somewhat involved,I am not part of any organizations focused on drainage and flooding issues.,,Instagram Posts,,No,11-20 years,Low (<50k),I do not rent or own my home.,Houston,,
R_6E7cQn2qPWBGm7F,EN,"Neighborhood beautification,Improved air quality,Improved stormwater quality",,"Long-standing water bodies,Aquatic (water) plants (e.g., cattail, dwarf palmettos, bald cypress tree),Wildlife commonly found near water (e.g., frogs, salamander, herons, egrets),Consistently-saturated soil",(1) Lake Houston Flatwood Wetlands,"Yes, I think they impact flooding in my community",Drought,Sometimes – (once every 2-6 months),Sometimes – (once every 2-6 months),"Heavy rainfall or storms,Drains culverts or pipes that are too small (e.g., inadequate stormwater infrastructure size),Aging infrastructure (e.g., not in compliance–out of date)",,"$1,000 - $5,000","Less than or at ankle level (e.g., under 3 inches)","Property damage (e.g., vehicle damage, home repairs),Loss of work or income,Displacement from home (e.g., temporary relocation),Prevented or delayed access to essential services (e.g., health care, groceries, travel, work),Interruption of utility services (e.g., power outages, water supply)",,Only my landlord can take action to address or reduce flooding at my residence,,"Large park,Urban forestry",Rain garden,Urban forestry,Large park,1,2,3,"Yes, it is important","Yes, it is important","Yes, it is important","City of Houston, and other Municipalities (Municipal Utility District MUDs)",,Slight trust,"Attracting unwanted pests,Increased taxes,Maintenance issues",,Slightly satisfied,"More detailed information about flood preparedness,Better access to emergency resources and assistance,More targeted outreach to vulnerable populations (e.g., environmental justice communities),Improved use of technology (e.g., apps, websites) for flood risk information",,"Better information sharing (e.g., more frequent announcements, different forms of communication),Compensation for time (e.g., money, gift cards),Providing multilingual interpretation services,Providing child care",,"I never participate in meetings, although they are available",Not at all involved,I am not part of any organizations focused on drainage and flooding issues.,,Word of mouth,,No,6-10 years,Low (<50k),I rent my home.,Houston,,
R_5n40VeqBVOaQgbD,EN,"Improved air quality,Improved soil quality,Recreation (e.g., fishing, bird watching, walking)",,"Long-standing water bodies,A creek nearby,Wildlife commonly found near water (e.g., frogs, salamander, herons, egrets)",(4) Trans-Brazos Region,"Yes, I think they impact flooding in my community",Drought,Often – (At least once a month),Always – (every time it rains),"Heavy rainfall or storms,Drains culverts or pipes that are too small (e.g., inadequate stormwater infrastructure size),Increased development or urbanization",,"$5,000 - $10,000","Between ankle and knee level (e.g., above 3 inches, up to 12 inches)","Property damage (e.g., vehicle damage, home repairs),Displacement from home (e.g., temporary relocation),Prevented or delayed access to essential services (e.g., health care, groceries, travel, work),Interruption of utility services (e.g., power outages, water supply)",,"Raised the foundation of my house,Installed flood barriers or sandbags around my property,Engaged with local authorities around flooding issues",,"Large park,Pocket prairie,Pocket wetland,Rain garden,Wetland conservation,Wetland restoration (coastal or inland)","Permeable pavement,Rain garden,Rainwater harvesting","Pocket prairie,Pocket wetland,Urban forestry","Wetland conservation,Wetland restoration (inland or coastal)",1,2,3,"Yes, it is important","Yes, it is important","Yes, it is important",Houston Galveston Area Council (HGAC),,Extreme trust,"Equity in implementation–areas that need it most may not get first priority,Displacement due to environmental projects (e.g., gentrification or green gentrification),Increased taxes,Lack of educational resources for the community",,Very satisfied,"More frequent updates on local flood risks,Increased opportunities for community feedback,Enhanced coordination with other local organizations/agencies,Improved use of technology (e.g., apps, websites) for flood risk information",,"Better information sharing (e.g., more frequent announcements, different forms of communication),Involving local schools and community groups,Providing resources for community action (e.g., participation opportunities, educational programs, technical training),Host more regular and diverse community meetings representative of the community",,I participate in most meetings,Extremely involved,"Bayou City Waterkeeper (BCWK),West Street Recovery (WSR),Northeast Action Collective (NAC)",,Instagram Posts,,No,Less than a year,Low (<50k),I rent my home.,Houston,,
R_3oXg8BU0Qy8QI4F,EN,"Neighborhood beautification,Improved air quality,Improved soil quality",,"Long-standing water bodies,A creek nearby",(2) Greater Lake Creek,"Yes, I think they impact flooding in my community",Drought,Often – (At least once a month),Always – (every time it rains),"Heavy rainfall or storms,Blocked or clogged drainage systems,Nearby river, creek, or bayou overflowing",,"$1,000 - $5,000","Between ankle and knee level (e.g., above 3 inches, up to 12 inches)","Property damage (e.g., vehicle damage, home repairs),Prevented or delayed access to essential services (e.g., health care, groceries, travel, work),Interruption of utility services (e.g., power outages, water supply)",,Installed flood barriers or sandbags around my property,,"Large park,Wetland conservation,Wetland restoration (coastal or inland)",I prefer not to implement small-scale GSI in my community,Urban forestry,Wetland conservation,3,2,1,"Yes, it is important","Yes, it is important","Yes, it is important","City of Houston, and other Municipalities (Municipal Utility District MUDs)",,Extreme trust,There are no concerns,,Very satisfied,Better access to emergency resources and assistance,,"Better information sharing (e.g., more frequent announcements, different forms of communication)",,I rarely participate in meetings,Moderately involved,I am not part of any organizations focused on drainage and flooding issues.,,Community bulletin posts,,No,11-20 years,Low (<50k),I own my home.,Houston,,
R_31hiNtSPei2pZSM,EN,"Neighborhood beautification,Improved stormwater quality,Increased property value",,"Long-standing water bodies,Aquatic (water) plants (e.g., cattail, dwarf palmettos, bald cypress tree),A drainage ditch nearby,Wildlife commonly found near water (e.g., frogs, salamander, herons, egrets),Consistently-saturated soil",(1) Lake Houston Flatwood Wetlands,"Yes, I think they impact flooding in my community",Drought,Rarely – (once a year or less),Never,"Heavy rainfall or storms,Blocked or clogged drainage systems,Drains culverts or pipes that are too small (e.g., inadequate stormwater infrastructure size)",,"More than $20,000","Above the knee (e.g., over 12 inches)",I have not experienced any of these events,,I have not taken any measures to address or reduce flooding,,"Nature-based detention pond,Permeable pavement",Permeable pavement,I prefer not to implement mid-scale GSI in my community,I prefer not to implement large-scale GSI in my community,2,3,1,"Yes, it is important","Yes, it is important","Yes, it is important",State of Texas,,Moderate trust,"Equity in implementation–areas that need it most may not get first priority,Increased taxes,Space requirements–not enough space",,Not at all satisfied,"More frequent updates on local flood risks,More detailed information about flood preparedness,Better access to emergency resources and assistance,Enhanced coordination with other local organizations/agencies,Improved use of technology (e.g., apps, websites) for flood risk information",,"Better information sharing (e.g., more frequent announcements, different forms of communication),Compensation for time (e.g., money, gift cards)",,There are no meetings available related to this topic,Not at all involved,I am not part of any organizations focused on drainage and flooding issues.,,Facebook Posts,,No,1-5 years,Low (<50k),I rent my home.,Houston,,
R_7qpKT8IA1a26LK4,EN,"Improved air quality,Recreation (e.g., fishing, bird watching, walking),Stress reduction",,"A drainage ditch nearby,A creek nearby",(2) Greater Lake Creek,"No, I do not think they impact flooding in my community",Drought,Rarely – (once a year or less),Rarely – (once a year or less),"Heavy rainfall or storms,Drains culverts or pipes that are too small (e.g., inadequate stormwater infrastructure size),Nearby river, creek, or bayou overflowing",,Less than $500,"Between ankle and knee level (e.g., above 3 inches, up to 12 inches)","Property damage (e.g., vehicle damage, home repairs),Mental health impact (e.g., anxiety, trauma, stress),Interruption of utility services (e.g., power outages, water supply)",,Only my landlord can take action to address or reduce flooding at my residence,,Pocket wetland,Permeable pavement,Pocket wetland,Large park,1,2,3,"Yes, it is important","Yes, it is important","Yes, it is important","City of Houston, and other Municipalities (Municipal Utility District MUDs)",,Above average trust,"Equity in implementation–areas that need it most may not get first priority,Maintenance issues",,Moderately satisfied,"More frequent updates on local flood risks,More detailed information about flood preparedness,More targeted outreach to vulnerable populations (e.g., environmental justice communities)",,"Better information sharing (e.g., more frequent announcements, different forms of communication),Involving local schools and community groups,Providing resources for community action (e.g., participation opportunities, educational programs, technical training)",,I occasionally participate in meetings,Somewhat involved,My local neighborhood association or homeowners association (HOA),,Community bulletin posts,,No,11-20 years,Low (<50k),I own my home.,Houston,,
R_3247O3PaewL8rQB,EN,"Neighborhood beautification,Recreation (e.g., fishing, bird watching, walking),Stress reduction",,"Long-standing water bodies,Aquatic (water) plants (e.g., cattail, dwarf palmettos, bald cypress tree),A creek nearby,Wildlife commonly found near water (e.g., frogs, salamander, herons, egrets),Consistently-saturated soil",(1) Lake Houston Flatwood Wetlands,"No, I do not think they impact flooding in my community",Drought,Rarely – (once a year or less),Never,"Heavy rainfall or storms,Blocked or clogged drainage systems,Drains culverts or pipes that are too small (e.g., inadequate stormwater infrastructure size)",,$0 - I haven't spent any money on flood-related repairs,"Not applicable (e.g., no experiences with flooding)","Interruption of utility services (e.g., power outages, water supply)",,Only my landlord can take action to address or reduce flooding at my residence,,"Large park,Urban forestry,Wetland conservation,Wetland restoration (coastal or inland)",I prefer not to implement small-scale GSI in my community,Urban forestry,"Large park,Wetland restoration (inland or coastal)",3,2,1,"Yes, it is important","Yes, it is important","Yes, it is important","City of Houston, and other Municipalities (Municipal Utility District MUDs)",,Moderate trust,There are no concerns,,Extremely satisfied,"More detailed information about flood preparedness,Increased opportunities for community feedback",,"Involving local schools and community groups,Providing resources for community action (e.g., participation opportunities, educational programs, technical training),Host more regular and diverse community meetings representative of the community",,I rarely participate in meetings,Moderately involved,"Northeast Action Collective (NAC),My local neighborhood association or homeowners association (HOA)",,Instagram Posts,,Yes,11-20 years,Moderate (50k-<150k),I rent my home.,Houston,,
R_3VzYwm3nDTZ0tgd,EN,"Neighborhood beautification,Improved stormwater quality,Increased property value",,"Long-standing water bodies,A drainage ditch nearby,Wildlife commonly found near water (e.g., frogs, salamander, herons, egrets)",(1) Lake Houston Flatwood Wetlands,"Yes, I think they impact flooding in my community",Drought,Sometimes – (once every 2-6 months),Sometimes – (once every 2-6 months),"Heavy rainfall or storms,Blocked or clogged drainage systems,Nearby river, creek, or bayou overflowing",,"$1,000 - $5,000","Less than or at ankle level (e.g., under 3 inches)","Property damage (e.g., vehicle damage, home repairs),Mental health impact (e.g., anxiety, trauma, stress),Displacement from home (e.g., temporary relocation),Prevented or delayed access to essential services (e.g., health care, groceries, travel, work)",,I have not taken any measures to address or reduce flooding,,I have not seen any of the GSI examples in my community.,Permeable pavement,Nature-based detention pond,Wetland restoration (inland or coastal),1,2,3,"Yes, it is important","Yes, it is important","Yes, it is important","City of Houston, and other Municipalities (Municipal Utility District MUDs)",,Extreme trust,There are no concerns,,Very satisfied,"More detailed information about flood preparedness,Increased opportunities for community feedback,More targeted outreach to vulnerable populations (e.g., environmental justice communities)",,"Better information sharing (e.g., more frequent announcements, different forms of communication),Providing resources for community action (e.g., participation opportunities, educational programs, technical training),Host more regular and diverse community meetings representative of the community",,There are no meetings available related to this topic,Moderately involved,I am not part of any organizations focused on drainage and flooding issues.,,Community bulletin posts,,No,11-20 years,Moderate (50k-<150k),I own my home.,Houston,,
R_1Cr8YjK1Z4FAk5a,EN,"Neighborhood beautification,Improved soil quality,Recreation (e.g., fishing, bird watching, walking)",,"Aquatic (water) plants (e.g., cattail, dwarf palmettos, bald cypress tree),A creek nearby,Wildlife commonly found near water (e.g., frogs, salamander, herons, egrets)",(4) Trans-Brazos Region,"Yes, I think they impact flooding in my community",Drought,Often – (At least once a month),Often – (At least once a month),"Blocked or clogged drainage systems,Drains culverts or pipes that are too small (e.g., inadequate stormwater infrastructure size),Aging infrastructure (e.g., not in compliance–out of date)",,"$1,000 - $5,000","Between ankle and knee level (e.g., above 3 inches, up to 12 inches)","Displacement from home (e.g., temporary relocation),Prevented or delayed access to essential services (e.g., health care, groceries, travel, work),Interruption of utility services (e.g., power outages, water supply)",,"Installed flood barriers or sandbags around my property,Engaged with local authorities around flooding issues,Only my landlord can take action to address or reduce flooding at my residence",,"Permeable pavement,Pocket wetland,Rain garden","Permeable pavement,Rain garden,Rainwater harvesting","Pocket wetland,Urban forestry",Wetland restoration (inland or coastal),2,1,3,"Yes, it is important","Yes, it is important","Yes, it is important","City of Houston, and other Municipalities (Municipal Utility District MUDs)",,Extreme trust,"High installment costs,Lack of educational resources for the community,Maintenance issues",,Extremely satisfied,"More detailed information about flood preparedness,Enhanced coordination with other local organizations/agencies,Improved use of technology (e.g., apps, websites) for flood risk information",,"Involving local schools and community groups,Providing resources for community action (e.g., participation opportunities, educational programs, technical training),Compensation for time (e.g., money, gift cards)",,I participate in most meetings,Extremely involved,"West Street Recovery (WSR),Coalition for Environment, Equity and Resilience (CEER),My local neighborhood association or homeowners association (HOA)",,Instagram Posts,,No,1-5 years,Moderate (50k-<150k),I own my home.,Houston,,
R_6Ho9RN3ErHjBN1D,EN,"Neighborhood beautification,Improved air quality,Increased property value",,"Aquatic (water) plants (e.g., cattail, dwarf palmettos, bald cypress tree),Wildlife commonly found near water (e.g., frogs, salamander, herons, egrets),Consistently-saturated soil",I am not sure which critical wetland is located upstream of me.,"Yes, I think they impact flooding in my community",Drought,Rarely – (once a year or less),Sometimes – (once every 2-6 months),"Aging infrastructure (e.g., not in compliance–out of date),Nearby river, creek, or bayou overflowing",,$0 - I haven't spent any money on flood-related repairs,"Less than or at ankle level (e.g., under 3 inches)","Interruption of utility services (e.g., power outages, water supply)",,Only my landlord can take action to address or reduce flooding at my residence,,Rain garden,"Bioswale,Permeable pavement,Rain garden,Rainwater harvesting","Pocket prairie,Pocket wetland,Urban forestry","Large park,Wetland conservation,Wetland restoration (inland or coastal)",2,1,3,"Yes, it is important","Yes, it is important","Yes, it is important","City of Houston, and other Municipalities (Municipal Utility District MUDs)",,Slight trust,"High installment costs,Increased taxes,Maintenance issues",,Moderately satisfied,"More frequent updates on local flood risks,More detailed information about flood preparedness,Better access to emergency resources and assistance,More targeted outreach to vulnerable populations (e.g., environmental justice communities),Improved use of technology (e.g., apps, websites) for flood risk information,Improved translation and accessibility information for non-English speakers",,"Better information sharing (e.g., more frequent announcements, different forms of communication),Establishing community advisory boards,Involving local schools and community groups,Providing resources for community action (e.g., participation opportunities, educational programs, technical training),Compensation for time (e.g., money, gift cards),Host more regular and diverse community meetings representative of the community,Providing multilingual interpretation services,Providing child care",,I rarely participate in meetings,Not at all involved,I am not part of any organizations focused on drainage and flooding issues.,,Word of mouth,,No,Less than a year,Low (<50k),I rent my home.,Houston,,
R_7n6PV2eNzcSfK9S,EN,"Improved air quality,Increased property value,Stress reduction",,"A drainage ditch nearby,Consistently-saturated soil",(4) Trans-Brazos Region,"Yes, I think they impact flooding in my community",Drought,Sometimes – (once every 2-6 months),Sometimes – (once every 2-6 months),Heavy rainfall or storms,,"$1,000 - $5,000","Between ankle and knee level (e.g., above 3 inches, up to 12 inches)","Property damage (e.g., vehicle damage, home repairs),Loss of work or income,Interruption of utility services (e.g., power outages, water supply)",,"Raised the foundation of my house,Engaged with local authorities around flooding issues",,"Pocket wetland,Urban forestry",Rainwater harvesting,Nature-based detention pond,Wetland conservation,1,2,3,"Yes, it is important","Yes, it is important","Yes, it is important",Harris County Flood Control District (HCFCD),,Above average trust,"Displacement due to environmental projects (e.g., gentrification or green gentrification),Increased taxes,Not fitting into community look/aesthetic",,Very satisfied,"Better access to emergency resources and assistance,Improved use of technology (e.g., apps, websites) for flood risk information",,"Better information sharing (e.g., more frequent announcements, different forms of communication),Providing resources for community action (e.g., participation opportunities, educational programs, technical training)",,I participate in all meetings,Very involved,Bayou City Waterkeeper (BCWK),,Instagram Posts,,No,Over 20 years,Moderate (50k-<150k),I rent my home.,Houston,,
R_5GCdNFsXdWLZGZg,EN,Improved air quality,,"Long-standing water bodies,A creek nearby,Consistently-saturated soil",(5) Anahuac Coastal Marsh and Prairies,I do not know,Drought,Rarely – (once a year or less),Rarely – (once a year or less),"Heavy rainfall or storms,Blocked or clogged drainage systems,Nearby river, creek, or bayou overflowing",,$0 - I haven't spent any money on flood-related repairs,"Not applicable (e.g., no experiences with flooding)",I have not experienced any of these events,,"Not applicable (e.g., flooding has not affected my residence)",,Large park,Rainwater harvesting,Urban forestry,I prefer not to implement large-scale GSI in my community,1,2,3,"No, it is not important","No, it is not important","No, it is not important","City of Houston, and other Municipalities (Municipal Utility District MUDs)",,No trust,"Displacement due to environmental projects (e.g., gentrification or green gentrification)",,There is no information available,"Improved use of technology (e.g., apps, websites) for flood risk information",,Involving local schools and community groups,,I occasionally participate in meetings,Not at all involved,Bayou City Waterkeeper (BCWK),,Word of mouth,,No,Less than a year,Low (<50k),I rent my home.,Houston,,
R_7CfJC2OF0gfYYyV,EN,"Neighborhood beautification,Improved soil quality,Recreation (e.g., fishing, bird watching, walking)",,"Aquatic (water) plants (e.g., cattail, dwarf palmettos, bald cypress tree),Wildlife commonly found near water (e.g., frogs, salamander, herons, egrets),Consistently-saturated soil",(1) Lake Houston Flatwood Wetlands,"Yes, I think they impact flooding in my community",Drought,Rarely – (once a year or less),Rarely – (once a year or less),"Heavy rainfall or storms,Blocked or clogged drainage systems,Nearby river, creek, or bayou overflowing",,$0 - I haven't spent any money on flood-related repairs,"Less than or at ankle level (e.g., under 3 inches)","Property damage (e.g., vehicle damage, home repairs),Mental health impact (e.g., anxiety, trauma, stress)",,I have not taken any measures to address or reduce flooding,,I have not seen any of the GSI examples in my community.,Rain garden,Nature-based detention pond,Large park,1,2,3,"Yes, it is important","Yes, it is important","Yes, it is important",State of Texas,,Moderate trust,"High installment costs,Maintenance issues,Not fitting into community look/aesthetic",,Moderately satisfied,"More frequent updates on local flood risks,Better access to emergency resources and assistance,Improved use of technology (e.g., apps, websites) for flood risk information",,"Better information sharing (e.g., more frequent announcements, different forms of communication),Involving local schools and community groups,Providing resources for community action (e.g., participation opportunities, educational programs, technical training)",,I rarely participate in meetings,Not at all involved,I am not part of any organizations focused on drainage and flooding issues.,,Instagram Posts,,Yes,Over 20 years,Low (<50k),I rent my home.,Houston,,
R_62qY55uzchXWyMF,EN,"Improved air quality,Improved stormwater quality,Stress reduction",,"Long-standing water bodies,A drainage ditch nearby",(1) Lake Houston Flatwood Wetlands,"Yes, I think they impact flooding in my community",Drought,Sometimes – (once every 2-6 months),Sometimes – (once every 2-6 months),"Heavy rainfall or storms,Blocked or clogged drainage systems,Aging infrastructure (e.g., not in compliance–out of date)",,"$1,000 - $5,000","Between ankle and knee level (e.g., above 3 inches, up to 12 inches)","Property damage (e.g., vehicle damage, home repairs)",,Installed flood barriers or sandbags around my property,,"Nature-based detention pond,Large park","Permeable pavement,Rain garden",Pocket prairie,Large park,2,1,3,"Yes, it is important","Yes, it is important",I don’t know,"City of Houston, and other Municipalities (Municipal Utility District MUDs)",,Moderate trust,"Attracting unwanted pests,Displacement due to environmental projects (e.g., gentrification or green gentrification)",,Slightly satisfied,"More frequent updates on local flood risks,More detailed information about flood preparedness,Better access to emergency resources and assistance",,"Better information sharing (e.g., more frequent announcements, different forms of communication),Establishing community advisory boards",,I occasionally participate in meetings,Not at all involved,Bayou City Waterkeeper (BCWK),,Facebook Posts,,No,Less than a year,Low (<50k),I do not rent or own my home.,Houston,,
R_3XHaZq0NZBWZTk5,EN,"Improved air quality,Increased property value",,"Wildlife commonly found near water (e.g., frogs, salamander, herons, egrets)",(3) Greater Katy Prairie-Pothole Pimple-Mound Complexes,"Yes, I think they impact flooding in my community",Drought,Sometimes – (once every 2-6 months),Always – (every time it rains),"Heavy rainfall or storms,Increased development or urbanization",,$0 - I haven't spent any money on flood-related repairs,"Less than or at ankle level (e.g., under 3 inches)","Interruption of utility services (e.g., power outages, water supply)",,I have not taken any measures to address or reduce flooding,,I have not seen any of the GSI examples in my community.,Bioswale,Pocket wetland,Wetland restoration (inland or coastal),1,2,3,"Yes, it is important","Yes, it is important",I don’t know,"City of Houston, and other Municipalities (Municipal Utility District MUDs)",,Slight trust,"High installment costs,Increased taxes,Lack of educational resources for the community",,Moderately satisfied,"More frequent updates on local flood risks,Increased opportunities for community feedback,Improved use of technology (e.g., apps, websites) for flood risk information",,"Establishing community advisory boards,Providing child care",,"I never participate in meetings, although they are available",Moderately involved,My local neighborhood association or homeowners association (HOA),,Instagram Posts,,No,Less than a year,Low (<50k),I rent my home.,Houston,,
R_3tFmmI03rOhmPqH,EN,"Neighborhood beautification,Improved stormwater quality,Recreation (e.g., fishing, bird watching, walking)",,"Long-standing water bodies,A creek nearby,Wildlife commonly found near water (e.g., frogs, salamander, herons, egrets),Consistently-saturated soil",(3) Greater Katy Prairie-Pothole Pimple-Mound Complexes,"Yes, I think they impact flooding in my community",Drought,Sometimes – (once every 2-6 months),Sometimes – (once every 2-6 months),"Blocked or clogged drainage systems,Aging infrastructure (e.g., not in compliance–out of date)",,"$1,000 - $5,000","Less than or at ankle level (e.g., under 3 inches)","Property damage (e.g., vehicle damage, home repairs),Loss of work or income,Prevented or delayed access to essential services (e.g., health care, groceries, travel, work)",,Only my landlord can take action to address or reduce flooding at my residence,,I have not seen any of the GSI examples in my community.,"Rain garden,Rainwater harvesting",Nature-based detention pond,Large park,1,2,3,"Yes, it is important","Yes, it is important","Yes, it is important","City of Houston, and other Municipalities (Municipal Utility District MUDs)",,No trust,"High installment costs,Increased taxes",,Not at all satisfied,"More frequent updates on local flood risks,Better access to emergency resources and assistance,Increased opportunities for community feedback,More targeted outreach to vulnerable populations (e.g., environmental justice communities),Improved translation and accessibility information for non-English speakers",,"Providing resources for community action (e.g., participation opportunities, educational programs, technical training),Compensation for time (e.g., money, gift cards)",,There are no meetings available related to this topic,Not at all involved,I am not part of any organizations focused on drainage and flooding issues.,,Facebook Posts,,No,1-5 years,Low (<50k),I rent my home.,Houston,,
R_7gZA1W0Ris36hNO,EN,"Neighborhood beautification,Improved air quality,Improved stormwater quality",,A drainage ditch nearby,(1) Lake Houston Flatwood Wetlands,"Yes, I think they impact flooding in my community",Drought,Always – (every time it rains),Sometimes – (once every 2-6 months),"Heavy rainfall or storms,Blocked or clogged drainage systems,Drains culverts or pipes that are too small (e.g., inadequate stormwater infrastructure size)",,$0 - I haven't spent any money on flood-related repairs,"Less than or at ankle level (e.g., under 3 inches)",I have not experienced any of these events,,Engaged with local authorities around flooding issues,,I have not seen any of the GSI examples in my community.,Rain garden,"Nature-based detention pond,Urban forestry","Large park,Wetland conservation",1,2,3,"Yes, it is important","Yes, it is important","Yes, it is important",Harris County Flood Control District (HCFCD),,Moderate trust,Space requirements–not enough space,,Moderately satisfied,More frequent updates on local flood risks,,"Better information sharing (e.g., more frequent announcements, different forms of communication),Providing resources for community action (e.g., participation opportunities, educational programs, technical training)",,There are no meetings available related to this topic,Moderately involved,I am not part of any organizations focused on drainage and flooding issues.,,Phone Calls,,Yes,1-5 years,Low (<50k),I do not rent or own my home.,Houston,,
R_1FmokjhaLXO1nvX,EN,"Neighborhood beautification,Improved air quality",,"Aquatic (water) plants (e.g., cattail, dwarf palmettos, bald cypress tree)",(2) Greater Lake Creek,"No, I do not think they impact flooding in my community",Drought,Rarely – (once a year or less),Rarely – (once a year or less),"Heavy rainfall or storms,Drains culverts or pipes that are too small (e.g., inadequate stormwater infrastructure size),Nearby river, creek, or bayou overflowing",,$0 - I haven't spent any money on flood-related repairs,"Between ankle and knee level (e.g., above 3 inches, up to 12 inches)","Loss of work or income,Interruption of utility services (e.g., power outages, water supply)",,Raised the foundation of my house,,"Bioswale,Pocket prairie",Bioswale,Pocket prairie,"Wetland conservation,Wetland restoration (inland or coastal)",3,2,1,"Yes, it is important","Yes, it is important","Yes, it is important",Texas Commission on Environmental Quality (TCEQ),,Above average trust,"Attracting unwanted pests,Maintenance issues",,Moderately satisfied,"More frequent updates on local flood risks,More detailed information about flood preparedness",,"Better information sharing (e.g., more frequent announcements, different forms of communication),Establishing community advisory boards,Providing resources for community action (e.g., participation opportunities, educational programs, technical training)",,I participate in most meetings,Very involved,"Bayou City Waterkeeper (BCWK),West Street Recovery (WSR)",,Phone Calls,,Yes,1-5 years,High (≥150k),I own my home.,Houston,,
R_6OHpauRsbnCvwG1,EN,I do not know,,A drainage ditch nearby,I am not sure which critical wetland is located upstream of me.,"Yes, I think they impact flooding in my community",Drought,Never,Never,"Not applicable (e.g., my neighborhood does not flood)",,$0 - I haven't spent any money on flood-related repairs,"Less than or at ankle level (e.g., under 3 inches)",I have not experienced any of these events,,"Not applicable (e.g., flooding has not affected my residence)",,I have not seen any of the GSI examples in my community.,Rain garden,Urban forestry,"Large park,Wetland conservation",3,2,1,I don’t know,"Yes, it is important","Yes, it is important",State of Texas,,Slight trust,"High installment costs,Increased taxes,Lack of educational resources for the community",,There is no information available,"Improved use of technology (e.g., apps, websites) for flood risk information",,"Establishing community advisory boards,Involving local schools and community groups",,There are no meetings available related to this topic,Not at all involved,I am not part of any organizations focused on drainage and flooding issues.,,Other:,Text,Yes,1-5 years,Moderate (50k-<150k),I rent my home.,Houston,,
R_5PALZt7vdeERsKu,EN,"Improved air quality,Increased property value,Recreation (e.g., fishing, bird watching, walking)",,"Aquatic (water) plants (e.g., cattail, dwarf palmettos, bald cypress tree),Wildlife commonly found near water (e.g., frogs, salamander, herons, egrets)",(1) Lake Houston Flatwood Wetlands,"Yes, I think they impact flooding in my community",Drought,Sometimes – (once every 2-6 months),Often – (At least once a month),"Heavy rainfall or storms,Drains culverts or pipes that are too small (e.g., inadequate stormwater infrastructure size),Nearby river, creek, or bayou overflowing",,"$500 - $1,000","Between ankle and knee level (e.g., above 3 inches, up to 12 inches)","Prevented or delayed access to essential services (e.g., health care, groceries, travel, work),Increased cost for repairs or flood proofing (e.g., more expensive flood insurance premiums)",,"Installed flood barriers or sandbags around my property,Engaged with local authorities around flooding issues",,"Large park,Rainwater harvesting,Urban forestry,Wetland conservation",Rainwater harvesting,Urban forestry,"Wetland conservation,Wetland restoration (inland or coastal)",1,2,3,"Yes, it is important","Yes, it is important","Yes, it is important",State of Texas,,Slight trust,"Equity in implementation–areas that need it most may not get first priority,Not fitting into community look/aesthetic",,Moderately satisfied,"More detailed information about flood preparedness,Increased opportunities for community feedback,Improved use of technology (e.g., apps, websites) for flood risk information",,"Involving local schools and community groups,Compensation for time (e.g., money, gift cards),Providing multilingual interpretation services",,I rarely participate in meetings,Very involved,Bayou City Waterkeeper (BCWK),,Instagram Posts,,No,1-5 years,Moderate (50k-<150k),I rent my home.,Houston,,
R_7OjpNwcyQZiTNu4,EN,"Improved air quality,Improved stormwater quality,Improved soil quality",,"Long-standing water bodies,Wildlife commonly found near water (e.g., frogs, salamander, herons, egrets),Consistently-saturated soil",(5) Anahuac Coastal Marsh and Prairies,"Yes, I think they impact flooding in my community",Drought,Rarely – (once a year or less),Sometimes – (once every 2-6 months),"Heavy rainfall or storms,Drains culverts or pipes that are too small (e.g., inadequate stormwater infrastructure size),Nearby river, creek, or bayou overflowing",,Less than $500,"Less than or at ankle level (e.g., under 3 inches)",I have not experienced any of these events,,Only my landlord can take action to address or reduce flooding at my residence,,I have not seen any of the GSI examples in my community.,"Permeable pavement,Rainwater harvesting",Pocket prairie,"Large park,Wetland restoration (inland or coastal)",1,2,3,"Yes, it is important","Yes, it is important","Yes, it is important",United States Environmental Protection Agency (US EPA),,Moderate trust,"Attracting unwanted pests,High installment costs,Increased taxes",,Moderately satisfied,"More frequent updates on local flood risks,More detailed information about flood preparedness,Better access to emergency resources and assistance",,"Better information sharing (e.g., more frequent announcements, different forms of communication),Providing resources for community action (e.g., participation opportunities, educational programs, technical training)",,There are no meetings available related to this topic,Not at all involved,I am not part of any organizations focused on drainage and flooding issues.,,Instagram Posts,,No,Less than a year,Low (<50k),I rent my home.,Houston,,
R_1KDfrbk6AUt3SzB,EN,"Neighborhood beautification,Increased property value,Recreation (e.g., fishing, bird watching, walking)",,I do not know,(1) Lake Houston Flatwood Wetlands,"No, I do not think they impact flooding in my community",Drought,Never,Never,"Not applicable (e.g., my neighborhood does not flood)",,$0 - I haven't spent any money on flood-related repairs,"Not applicable (e.g., no experiences with flooding)",I have not experienced any of these events,,"Not applicable (e.g., flooding has not affected my residence)",,I have not seen any of the GSI examples in my community.,I prefer not to implement small-scale GSI in my community,I prefer not to implement mid-scale GSI in my community,I prefer not to implement large-scale GSI in my community,1,2,3,I don’t know,I don’t know,"No, it is not important",Harris County Flood Control District (HCFCD),,Slight trust,Not fitting into community look/aesthetic,,Slightly satisfied,"More targeted outreach to vulnerable populations (e.g., environmental justice communities),Improved translation and accessibility information for non-English speakers",,"Establishing community advisory boards,Providing resources for community action (e.g., participation opportunities, educational programs, technical training)",,There are no meetings available related to this topic,Not at all involved,I am not part of any organizations focused on drainage and flooding issues.,,Phone Calls,,No,11-20 years,Low (<50k),I own my home.,Houston,,
R_12RVbfSLco42rmP,EN,"Neighborhood beautification,Improved air quality,Stress reduction",,"Long-standing water bodies,Aquatic (water) plants (e.g., cattail, dwarf palmettos, bald cypress tree),A drainage ditch nearby,A creek nearby,Wildlife commonly found near water (e.g., frogs, salamander, herons, egrets),Consistently-saturated soil",(3) Greater Katy Prairie-Pothole Pimple-Mound Complexes,"Yes, I think they impact flooding in my community",Drought,Always – (every time it rains),Always – (every time it rains),"Drains culverts or pipes that are too small (e.g., inadequate stormwater infrastructure size),Increased development or urbanization,Nearby river, creek, or bayou overflowing",,"More than $20,000","Above the knee (e.g., over 12 inches)","Property damage (e.g., vehicle damage, home repairs),Loss of work or income,Displacement from home (e.g., temporary relocation),Prevented or delayed access to essential services (e.g., health care, groceries, travel, work),Interruption of utility services (e.g., power outages, water supply),Increased cost for repairs or flood proofing (e.g., more expensive flood insurance premiums)",,"Raised the foundation of my house,Installed flood barriers or sandbags around my property,Requested assistance from local government (e.g., city, county) to improve drainage,Engaged with local authorities around flooding issues",,"Bioswale,Nature-based detention pond,Permeable pavement,Pocket wetland,Rain garden,Urban forestry,Wetland restoration (coastal or inland)","Bioswale,Rain garden,Rainwater harvesting","Nature-based detention pond,Pocket prairie,Pocket wetland,Urban forestry","Large park,Wetland conservation,Wetland restoration (inland or coastal)",1,3,2,"Yes, it is important","Yes, it is important","Yes, it is important",Harris County Flood Control District (HCFCD),,Extreme trust,"Attracting unwanted pests,Equity in implementation–areas that need it most may not get first priority,High installment costs,Increased taxes,Not fitting into community look/aesthetic,Space requirements–not enough space",,Extremely satisfied,"More frequent updates on local flood risks,More detailed information about flood preparedness,Increased opportunities for community feedback,Enhanced coordination with other local organizations/agencies,More targeted outreach to vulnerable populations (e.g., environmental justice communities),Improved use of technology (e.g., apps, websites) for flood risk information,Improved translation and accessibility information for non-English speakers",,"Better information sharing (e.g., more frequent announcements, different forms of communication),Involving local schools and community groups,Providing resources for community action (e.g., participation opportunities, educational programs, technical training),Compensation for time (e.g., money, gift cards),Host more regular and diverse community meetings representative of the community,Providing multilingual interpretation services",,I participate in all meetings,Extremely involved,"Bayou City Waterkeeper (BCWK),Coalition for Environment, Equity and Resilience (CEER),Northeast Action Collective (NAC),My local neighborhood association or homeowners association (HOA)",,Instagram Posts,,Yes,Over 20 years,Moderate (50k-<150k),I own my home.,Houston,,
R_579HPSRSk4toi1h,EN,"Neighborhood beautification,Improved air quality,Increased property value",,"Long-standing water bodies,Wildlife commonly found near water (e.g., frogs, salamander, herons, egrets)",(1) Lake Houston Flatwood Wetlands,"Yes, I think they impact flooding in my community",Drought,Rarely – (once a year or less),Sometimes – (once every 2-6 months),"Heavy rainfall or storms,Drains culverts or pipes that are too small (e.g., inadequate stormwater infrastructure size)",,$0 - I haven't spent any money on flood-related repairs,"Less than or at ankle level (e.g., under 3 inches)","Prevented or delayed access to essential services (e.g., health care, groceries, travel, work),Interruption of utility services (e.g., power outages, water supply)",,I have not taken any measures to address or reduce flooding,,Wetland conservation,"Permeable pavement,Rainwater harvesting",Nature-based detention pond,Wetland restoration (inland or coastal),1,2,3,"No, it is not important",I don’t know,Prefer not to answer,Harris County Flood Control District (HCFCD),,No trust,High installment costs,,There is no information available,Increased opportunities for community feedback,,Establishing community advisory boards,,I rarely participate in meetings,Somewhat involved,"Coalition for Environment, Equity and Resilience (CEER)",,Newspaper articles/Flyers,,No,6-10 years,Low (<50k),I do not rent or own my home.,Houston,,
R_5n6gBt5b9023LAR,EN,"Improved stormwater quality,Improved soil quality,Increased property value",,"Aquatic (water) plants (e.g., cattail, dwarf palmettos, bald cypress tree),A drainage ditch nearby,A creek nearby",(3) Greater Katy Prairie-Pothole Pimple-Mound Complexes,"Yes, I think they impact flooding in my community",Drought,Sometimes – (once every 2-6 months),Sometimes – (once every 2-6 months),"Heavy rainfall or storms,Blocked or clogged drainage systems,Drains culverts or pipes that are too small (e.g., inadequate stormwater infrastructure size)",,"$500 - $1,000","Between ankle and knee level (e.g., above 3 inches, up to 12 inches)","Loss of work or income,Mental health impact (e.g., anxiety, trauma, stress),Displacement from home (e.g., temporary relocation)",,"Installed flood barriers or sandbags around my property,Requested assistance from local government (e.g., city, county) to improve drainage",,"Nature-based detention pond,Large park,Pocket prairie","Permeable pavement,Rain garden,Rainwater harvesting",Pocket prairie,Wetland restoration (inland or coastal),2,1,3,"Yes, it is important","Yes, it is important","Yes, it is important",Harris County Flood Control District (HCFCD),,Slight trust,"Displacement due to environmental projects (e.g., gentrification or green gentrification),High installment costs,Increased taxes",,Slightly satisfied,"More detailed information about flood preparedness,Better access to emergency resources and assistance,Enhanced coordination with other local organizations/agencies",,"Establishing community advisory boards,Involving local schools and community groups,Providing resources for community action (e.g., participation opportunities, educational programs, technical training)",,I participate in all meetings,Moderately involved,"West Street Recovery (WSR),Coalition for Environment, Equity and Resilience (CEER)",,Instagram Posts,,No,1-5 years,Moderate (50k-<150k),I rent my home.,Houston,,
R_1JF4pansHQbgXKH,EN,"Improved air quality,Improved stormwater quality,Improved soil quality",,"Long-standing water bodies,Aquatic (water) plants (e.g., cattail, dwarf palmettos, bald cypress tree),Wildlife commonly found near water (e.g., frogs, salamander, herons, egrets)",(3) Greater Katy Prairie-Pothole Pimple-Mound Complexes,"Yes, I think they impact flooding in my community",Drought,Rarely – (once a year or less),Sometimes – (once every 2-6 months),"Heavy rainfall or storms,Blocked or clogged drainage systems,Drains culverts or pipes that are too small (e.g., inadequate stormwater infrastructure size)",,Less than $500,"Between ankle and knee level (e.g., above 3 inches, up to 12 inches)","Property damage (e.g., vehicle damage, home repairs),Prevented or delayed access to essential services (e.g., health care, groceries, travel, work),Interruption of utility services (e.g., power outages, water supply),Increased cost for repairs or flood proofing (e.g., more expensive flood insurance premiums)",,"Raised the foundation of my house,Requested assistance from local government (e.g., city, county) to improve drainage,Engaged with local authorities around flooding issues",,"Nature-based detention pond,Rainwater harvesting,Wetland restoration (coastal or inland)",Bioswale,Urban forestry,Wetland conservation,1,2,3,"Yes, it is important","Yes, it is important","Yes, it is important",United States Environmental Protection Agency (US EPA),,Moderate trust,"Attracting unwanted pests,Equity in implementation–areas that need it most may not get first priority,Displacement due to environmental projects (e.g., gentrification or green gentrification),Lack of educational resources for the community,Not fitting into community look/aesthetic",,Slightly satisfied,"More frequent updates on local flood risks,Better access to emergency resources and assistance,Enhanced coordination with other local organizations/agencies",,"Better information sharing (e.g., more frequent announcements, different forms of communication),Host more regular and diverse community meetings representative of the community,Providing child care",,There are no meetings available related to this topic,Somewhat involved,"Bayou City Waterkeeper (BCWK),Coalition for Environment, Equity and Resilience (CEER),My local neighborhood association or homeowners association (HOA)",,Word of mouth,,No,Less than a year,Low (<50k),I rent my home.,Houston,,
R_5Ocf4bZX4OZ5NFy,EN,"Neighborhood beautification,Improved stormwater quality,Increased property value",,"Long-standing water bodies,A drainage ditch nearby,Consistently-saturated soil",(1) Lake Houston Flatwood Wetlands,"Yes, I think they impact flooding in my community",Drought,Sometimes – (once every 2-6 months),Rarely – (once a year or less),"Blocked or clogged drainage systems,Drains culverts or pipes that are too small (e.g., inadequate stormwater infrastructure size),Nearby river, creek, or bayou overflowing",,Less than $500,"Less than or at ankle level (e.g., under 3 inches)","Interruption of utility services (e.g., power outages, water supply),Increased cost for repairs or flood proofing (e.g., more expensive flood insurance premiums)",,Only my landlord can take action to address or reduce flooding at my residence,,I have not seen any of the GSI examples in my community.,Rainwater harvesting,Nature-based detention pond,I prefer not to implement large-scale GSI in my community,2,1,3,"Yes, it is important","Yes, it is important","Yes, it is important","City of Houston, and other Municipalities (Municipal Utility District MUDs)",,Moderate trust,"Increased taxes,Maintenance issues,Not fitting into community look/aesthetic,Space requirements–not enough space",,Slightly satisfied,"More frequent updates on local flood risks,More detailed information about flood preparedness,Enhanced coordination with other local organizations/agencies,More targeted outreach to vulnerable populations (e.g., environmental justice communities),Improved use of technology (e.g., apps, websites) for flood risk information",,"Better information sharing (e.g., more frequent announcements, different forms of communication),Involving local schools and community groups,Providing resources for community action (e.g., participation opportunities, educational programs, technical training)",,There are no meetings available related to this topic,Not at all involved,I am not part of any organizations focused on drainage and flooding issues.,,Newspaper articles/Flyers,,No,1-5 years,Moderate (50k-<150k),I rent my home.,Houston,,
R_3QgxYA62pZXdc1j,EN,"Neighborhood beautification,Improved air quality,Improved stormwater quality",,"A drainage ditch nearby,A creek nearby",(1) Lake Houston Flatwood Wetlands,I do not know,Drought,Sometimes – (once every 2-6 months),Sometimes – (once every 2-6 months),"Blocked or clogged drainage systems,Drains culverts or pipes that are too small (e.g., inadequate stormwater infrastructure size)",,"$500 - $1,000","Between ankle and knee level (e.g., above 3 inches, up to 12 inches)","Property damage (e.g., vehicle damage, home repairs),Mental health impact (e.g., anxiety, trauma, stress),Displacement from home (e.g., temporary relocation)",,"Installed flood barriers or sandbags around my property,Requested assistance from local government (e.g., city, county) to improve drainage",,Nature-based detention pond,Rain garden,Urban forestry,Large park,1,2,3,"Yes, it is important","Yes, it is important","Yes, it is important","City of Houston, and other Municipalities (Municipal Utility District MUDs)",,Slight trust,"Displacement due to environmental projects (e.g., gentrification or green gentrification),Increased taxes",,Moderately satisfied,"More detailed information about flood preparedness,Better access to emergency resources and assistance",,"Establishing community advisory boards,Providing resources for community action (e.g., participation opportunities, educational programs, technical training)",,I rarely participate in meetings,Moderately involved,Bayou City Waterkeeper (BCWK),,Facebook Posts,,No,6-10 years,Low (<50k),I rent my home.,Houston,,
R_3eM9xgOSxE4eUj7,EN,"Neighborhood beautification,Improved air quality,Improved stormwater quality",,"Aquatic (water) plants (e.g., cattail, dwarf palmettos, bald cypress tree),A drainage ditch nearby,Wildlife commonly found near water (e.g., frogs, salamander, herons, egrets)",(2) Greater Lake Creek,"Yes, I think they impact flooding in my community",Drought,Never,Never,"Not applicable (e.g., my neighborhood does not flood)",,$0 - I haven't spent any money on flood-related repairs,"Not applicable (e.g., no experiences with flooding)","Interruption of utility services (e.g., power outages, water supply)",,"Not applicable (e.g., flooding has not affected my residence)",,I have not seen any of the GSI examples in my community.,I prefer not to implement small-scale GSI in my community,I prefer not to implement mid-scale GSI in my community,I prefer not to implement large-scale GSI in my community,3,2,1,"Yes, it is important","Yes, it is important","Yes, it is important","City of Houston, and other Municipalities (Municipal Utility District MUDs)",,No trust,There are no concerns,,Moderately satisfied,"More frequent updates on local flood risks,More detailed information about flood preparedness,Better access to emergency resources and assistance,Increased opportunities for community feedback,Enhanced coordination with other local organizations/agencies",,"Better information sharing (e.g., more frequent announcements, different forms of communication),Establishing community advisory boards,Providing resources for community action (e.g., participation opportunities, educational programs, technical training)",,I participate in all meetings,Extremely involved,I am not part of any organizations focused on drainage and flooding issues.,,Newspaper articles/Flyers,,Yes,1-5 years,Moderate (50k-<150k),I rent my home.,Houston,,
R_3MGd3vUdFDEcdgj,EN,"Neighborhood beautification,Recreation (e.g., fishing, bird watching, walking)",,"Long-standing water bodies,Aquatic (water) plants (e.g., cattail, dwarf palmettos, bald cypress tree),Wildlife commonly found near water (e.g., frogs, salamander, herons, egrets),Consistently-saturated soil",(4) Trans-Brazos Region,"Yes, I think they impact flooding in my community",Drought,Never,Sometimes – (once every 2-6 months),"Heavy rainfall or storms,Blocked or clogged drainage systems,Drains culverts or pipes that are too small (e.g., inadequate stormwater infrastructure size)",,$0 - I haven't spent any money on flood-related repairs,"Less than or at ankle level (e.g., under 3 inches)",I have not experienced any of these events,,"Not applicable (e.g., flooding has not affected my residence)",,I have not seen any of the GSI examples in my community.,"Permeable pavement,Rainwater harvesting","Pocket wetland,Urban forestry","Large park,Wetland restoration (inland or coastal)",2,3,1,"Yes, it is important","Yes, it is important","Yes, it is important",Harris County Flood Control District (HCFCD),,Slight trust,"High installment costs,Increased taxes,Maintenance issues",,There is no information available,"More frequent updates on local flood risks,More detailed information about flood preparedness",,"Better information sharing (e.g., more frequent announcements, different forms of communication),Establishing community advisory boards,Providing resources for community action (e.g., participation opportunities, educational programs, technical training),Host more regular and diverse community meetings representative of the community",,There are no meetings available related to this topic,Somewhat involved,I am not part of any organizations focused on drainage and flooding issues.,,Word of mouth,,No,1-5 years,Moderate (50k-<150k),I own my home.,Houston,,
R_5WP6QaL1hqkql8Z,EN,"Improved air quality,Improved stormwater quality,Improved soil quality",,"Long-standing water bodies,Aquatic (water) plants (e.g., cattail, dwarf palmettos, bald cypress tree),A drainage ditch nearby,A creek nearby",(1) Lake Houston Flatwood Wetlands,"Yes, I think they impact flooding in my community",Drought,Always – (every time it rains),Often – (At least once a month),"Drains culverts or pipes that are too small (e.g., inadequate stormwater infrastructure size),Aging infrastructure (e.g., not in compliance–out of date)",,"$10,000 - $20,000","Above the knee (e.g., over 12 inches)","Mental health impact (e.g., anxiety, trauma, stress),Displacement from home (e.g., temporary relocation),Prevented or delayed access to essential services (e.g., health care, groceries, travel, work)",,"Installed flood barriers or sandbags around my property,Requested assistance from local government (e.g., city, county) to improve drainage",,"Rainwater harvesting,Urban forestry,Wetland conservation","Bioswale,Permeable pavement,Rain garden","Nature-based detention pond,Pocket prairie,Pocket wetland","Large park,Wetland conservation",1,2,3,"Yes, it is important","Yes, it is important","Yes, it is important",Texas Commission on Environmental Quality (TCEQ),,Extreme trust,"Equity in implementation–areas that need it most may not get first priority,Displacement due to environmental projects (e.g., gentrification or green gentrification),High installment costs",,Extremely satisfied,"More detailed information about flood preparedness,Better access to emergency resources and assistance,Increased opportunities for community feedback",,"Establishing community advisory boards,Involving local schools and community groups,Providing resources for community action (e.g., participation opportunities, educational programs, technical training)",,I participate in all meetings,Extremely involved,"Bayou City Waterkeeper (BCWK),West Street Recovery (WSR),Coalition for Environment, Equity and Resilience (CEER)",,Instagram Posts,,No,11-20 years,Moderate (50k-<150k),I own my home.,Houston,,
R_1JsYZC36kwOSnr3,EN,"Neighborhood beautification,Improved air quality,Improved stormwater quality",,"Long-standing water bodies,Aquatic (water) plants (e.g., cattail, dwarf palmettos, bald cypress tree),A drainage ditch nearby,A creek nearby,Wildlife commonly found near water (e.g., frogs, salamander, herons, egrets)",(4) Trans-Brazos Region,"No, I do not think they impact flooding in my community",Drought,Rarely – (once a year or less),Rarely – (once a year or less),"Heavy rainfall or storms,Increased development or urbanization,Nearby river, creek, or bayou overflowing",,Less than $500,"Less than or at ankle level (e.g., under 3 inches)","Property damage (e.g., vehicle damage, home repairs),Mental health impact (e.g., anxiety, trauma, stress),Prevented or delayed access to essential services (e.g., health care, groceries, travel, work)",,"Installed flood barriers or sandbags around my property,Requested assistance from local government (e.g., city, county) to improve drainage,Engaged with local authorities around flooding issues",,"Large park,Pocket prairie,Pocket wetland,Rain garden,Rainwater harvesting,Wetland conservation","Bioswale,Permeable pavement",Pocket wetland,Large park,1,2,3,"Yes, it is important","Yes, it is important","Yes, it is important",Harris County Flood Control District (HCFCD),,Above average trust,"Equity in implementation–areas that need it most may not get first priority,Displacement due to environmental projects (e.g., gentrification or green gentrification)",,Very satisfied,"More frequent updates on local flood risks,More detailed information about flood preparedness,Better access to emergency resources and assistance,Enhanced coordination with other local organizations/agencies,More targeted outreach to vulnerable populations (e.g., environmental justice communities),Improved use of technology (e.g., apps, websites) for flood risk information",,"Better information sharing (e.g., more frequent announcements, different forms of communication),Establishing community advisory boards,Involving local schools and community groups,Providing multilingual interpretation services,Providing child care",,I participate in most meetings,Moderately involved,My local neighborhood association or homeowners association (HOA),,Community bulletin posts,,No,Over 20 years,Moderate (50k-<150k),I own my home.,Houston,,
R_3SIhi8dj3GTLJ5I,EN,"Neighborhood beautification,Improved air quality,Recreation (e.g., fishing, bird watching, walking)",,"Long-standing water bodies,Aquatic (water) plants (e.g., cattail, dwarf palmettos, bald cypress tree),Wildlife commonly found near water (e.g., frogs, salamander, herons, egrets)",(2) Greater Lake Creek,"No, I do not think they impact flooding in my community",Drought,Sometimes – (once every 2-6 months),Sometimes – (once every 2-6 months),"Heavy rainfall or storms,Drains culverts or pipes that are too small (e.g., inadequate stormwater infrastructure size),Nearby river, creek, or bayou overflowing",,"$1,000 - $5,000","Between ankle and knee level (e.g., above 3 inches, up to 12 inches)","Property damage (e.g., vehicle damage, home repairs),Mental health impact (e.g., anxiety, trauma, stress),Increased cost for repairs or flood proofing (e.g., more expensive flood insurance premiums)",,"Installed flood barriers or sandbags around my property,Requested assistance from local government (e.g., city, county) to improve drainage,Only my landlord can take action to address or reduce flooding at my residence",,"Nature-based detention pond,Large park,Pocket wetland,Urban forestry","Bioswale,Rain garden,Rainwater harvesting","Nature-based detention pond,Pocket wetland,Urban forestry","Large park,Wetland conservation,Wetland restoration (inland or coastal)",3,1,2,"Yes, it is important","No, it is not important","No, it is not important",Harris County Flood Control District (HCFCD),,Moderate trust,"Attracting unwanted pests,Displacement due to environmental projects (e.g., gentrification or green gentrification),Lack of educational resources for the community,Not fitting into community look/aesthetic",,Moderately satisfied,"More detailed information about flood preparedness,Increased opportunities for community feedback,More targeted outreach to vulnerable populations (e.g., environmental justice communities),Improved use of technology (e.g., apps, websites) for flood risk information,Improved translation and accessibility information for non-English speakers",,"Better information sharing (e.g., more frequent announcements, different forms of communication),Providing resources for community action (e.g., participation opportunities, educational programs, technical training),Host more regular and diverse community meetings representative of the community,Providing multilingual interpretation services,Providing child care",,I participate in all meetings,Moderately involved,"West Street Recovery (WSR),Northeast Action Collective (NAC)",,Word of mouth,,Yes,Over 20 years,Moderate (50k-<150k),I own my home.,Houston,,
R_5cqcrQj5ki8ob5L,EN,"Improved air quality,Improved soil quality,Recreation (e.g., fishing, bird watching, walking)",,"Long-standing water bodies,Aquatic (water) plants (e.g., cattail, dwarf palmettos, bald cypress tree),Wildlife commonly found near water (e.g., frogs, salamander, herons, egrets)",(1) Lake Houston Flatwood Wetlands,"Yes, I think they impact flooding in my community",Drought,Sometimes – (once every 2-6 months),Sometimes – (once every 2-6 months),"Heavy rainfall or storms,Blocked or clogged drainage systems,Increased development or urbanization",,"$5,000 - $10,000","Between ankle and knee level (e.g., above 3 inches, up to 12 inches)","Property damage (e.g., vehicle damage, home repairs),Displacement from home (e.g., temporary relocation),Prevented or delayed access to essential services (e.g., health care, groceries, travel, work)",,"Raised the foundation of my house,Requested assistance from local government (e.g., city, county) to improve drainage,Only my landlord can take action to address or reduce flooding at my residence",,"Large park,Rain garden,Urban forestry","Bioswale,Permeable pavement,Rain garden","Nature-based detention pond,Pocket wetland,Urban forestry","Wetland conservation,Wetland restoration (inland or coastal)",2,1,3,"Yes, it is important","Yes, it is important","Yes, it is important",Harris County Flood Control District (HCFCD),,Moderate trust,"Displacement due to environmental projects (e.g., gentrification or green gentrification),Increased taxes,Maintenance issues",,Moderately satisfied,"More frequent updates on local flood risks,More detailed information about flood preparedness,Increased opportunities for community feedback,More targeted outreach to vulnerable populations (e.g., environmental justice communities)",,"Better information sharing (e.g., more frequent announcements, different forms of communication),Providing resources for community action (e.g., participation opportunities, educational programs, technical training)",,I occasionally participate in meetings,Somewhat involved,I am not part of any organizations focused on drainage and flooding issues.,,Newspaper articles/Flyers,,No,11-20 years,Moderate (50k-<150k),I own my home.,Houston,,
R_1zvF5mhLkkfpEVd,EN,"Improved air quality,Increased property value,Stress reduction",,"Aquatic (water) plants (e.g., cattail, dwarf palmettos, bald cypress tree),Wildlife commonly found near water (e.g., frogs, salamander, herons, egrets)",(1) Lake Houston Flatwood Wetlands,"Yes, I think they impact flooding in my community",Drought,Sometimes – (once every 2-6 months),Sometimes – (once every 2-6 months),"Drains culverts or pipes that are too small (e.g., inadequate stormwater infrastructure size),Nearby river, creek, or bayou overflowing",,"$1,000 - $5,000","Between ankle and knee level (e.g., above 3 inches, up to 12 inches)","Mental health impact (e.g., anxiety, trauma, stress),Prevented or delayed access to essential services (e.g., health care, groceries, travel, work),Increased cost for repairs or flood proofing (e.g., more expensive flood insurance premiums)",,"Requested assistance from local government (e.g., city, county) to improve drainage",,"Large park,Rainwater harvesting",Rain garden,Pocket wetland,"Large park,Wetland restoration (inland or coastal)",2,3,1,"Yes, it is important","No, it is not important","Yes, it is important",Harris County Flood Control District (HCFCD),,Slight trust,"Equity in implementation–areas that need it most may not get first priority,Not fitting into community look/aesthetic",,Moderately satisfied,"Better access to emergency resources and assistance,More targeted outreach to vulnerable populations (e.g., environmental justice communities)",,"Establishing community advisory boards,Host more regular and diverse community meetings representative of the community",,I rarely participate in meetings,Moderately involved,My local neighborhood association or homeowners association (HOA),,Community bulletin posts,,No,1-5 years,Moderate (50k-<150k),I own my home.,Houston,,
R_13CPg1w9sYeNH36,EN,"Improved air quality,Recreation (e.g., fishing, bird watching, walking),Stress reduction",,"Long-standing water bodies,Aquatic (water) plants (e.g., cattail, dwarf palmettos, bald cypress tree),A drainage ditch nearby,A creek nearby,Wildlife commonly found near water (e.g., frogs, salamander, herons, egrets),Consistently-saturated soil",(2) Greater Lake Creek,"No, I do not think they impact flooding in my community",Drought,Sometimes – (once every 2-6 months),Rarely – (once a year or less),"Heavy rainfall or storms,Increased development or urbanization,Nearby river, creek, or bayou overflowing",,$0 - I haven't spent any money on flood-related repairs,"Less than or at ankle level (e.g., under 3 inches)","Interruption of utility services (e.g., power outages, water supply)",,I have not taken any measures to address or reduce flooding,,"Nature-based detention pond,Pocket wetland",I prefer not to implement small-scale GSI in my community,I prefer not to implement mid-scale GSI in my community,I prefer not to implement large-scale GSI in my community,3,2,1,"Yes, it is important","Yes, it is important","Yes, it is important",I do not know,,No trust,"Attracting unwanted pests,Equity in implementation–areas that need it most may not get first priority,Lack of educational resources for the community,Maintenance issues",,Not at all satisfied,"More frequent updates on local flood risks,More detailed information about flood preparedness,Increased opportunities for community feedback,Enhanced coordination with other local organizations/agencies,More targeted outreach to vulnerable populations (e.g., environmental justice communities),Improved use of technology (e.g., apps, websites) for flood risk information",,"Better information sharing (e.g., more frequent announcements, different forms of communication),Establishing community advisory boards,Involving local schools and community groups,Providing resources for community action (e.g., participation opportunities, educational programs, technical training),Compensation for time (e.g., money, gift cards),Host more regular and diverse community meetings representative of the community,Providing multilingual interpretation services",,"I never participate in meetings, although they are available",Not at all involved,I am not part of any organizations focused on drainage and flooding issues.,,Facebook Posts,,No,11-20 years,Low (<50k),I do not rent or own my home.,Houston,,
R_12w8Tt0ocgmmOl3,EN,"Neighborhood beautification,Improved soil quality,Increased property value",,"Long-standing water bodies,Aquatic (water) plants (e.g., cattail, dwarf palmettos, bald cypress tree),Wildlife commonly found near water (e.g., frogs, salamander, herons, egrets)",(1) Lake Houston Flatwood Wetlands,"No, I do not think they impact flooding in my community",Drought,Sometimes – (once every 2-6 months),Always – (every time it rains),"Heavy rainfall or storms,Drains culverts or pipes that are too small (e.g., inadequate stormwater infrastructure size),Aging infrastructure (e.g., not in compliance–out of date)",,$0 - I haven't spent any money on flood-related repairs,"Less than or at ankle level (e.g., under 3 inches)","Displacement from home (e.g., temporary relocation),Prevented or delayed access to essential services (e.g., health care, groceries, travel, work)",,Raised the foundation of my house,,Large park,Permeable pavement,"Pocket prairie,Pocket wetland",Large park,1,3,2,"Yes, it is important","Yes, it is important","No, it is not important","City of Houston, and other Municipalities (Municipal Utility District MUDs)",,Moderate trust,"Displacement due to environmental projects (e.g., gentrification or green gentrification),Not fitting into community look/aesthetic",,Slightly satisfied,"More detailed information about flood preparedness,Increased opportunities for community feedback,More targeted outreach to vulnerable populations (e.g., environmental justice communities)",,"Establishing community advisory boards,Involving local schools and community groups",,"I never participate in meetings, although they are available",Moderately involved,I am not part of any organizations focused on drainage and flooding issues.,,Instagram Posts,,No,6-10 years,Low (<50k),I rent my home.,Houston,,
R_5UVZjfRrzsMFqvL,EN,"Improved air quality,Improved soil quality,Recreation (e.g., fishing, bird watching, walking)",,"Long-standing water bodies,A drainage ditch nearby",(1) Lake Houston Flatwood Wetlands,"Yes, I think they impact flooding in my community",Drought,Sometimes – (once every 2-6 months),Rarely – (once a year or less),"Blocked or clogged drainage systems,Drains culverts or pipes that are too small (e.g., inadequate stormwater infrastructure size),Increased development or urbanization",,"$1,000 - $5,000","Between ankle and knee level (e.g., above 3 inches, up to 12 inches)","Mental health impact (e.g., anxiety, trauma, stress),Prevented or delayed access to essential services (e.g., health care, groceries, travel, work),Increased cost for repairs or flood proofing (e.g., more expensive flood insurance premiums)",,"Installed flood barriers or sandbags around my property,Requested assistance from local government (e.g., city, county) to improve drainage,Only my landlord can take action to address or reduce flooding at my residence",,I have not seen any of the GSI examples in my community.,I prefer not to implement small-scale GSI in my community,Urban forestry,Wetland conservation,1,2,3,"Yes, it is important","Yes, it is important","Yes, it is important","City of Houston, and other Municipalities (Municipal Utility District MUDs)",,Slight trust,"Equity in implementation–areas that need it most may not get first priority,Displacement due to environmental projects (e.g., gentrification or green gentrification),Increased taxes,Not fitting into community look/aesthetic",,Not at all satisfied,"More detailed information about flood preparedness,Increased opportunities for community feedback,Improved use of technology (e.g., apps, websites) for flood risk information",,"Better information sharing (e.g., more frequent announcements, different forms of communication),Involving local schools and community groups,Providing resources for community action (e.g., participation opportunities, educational programs, technical training)",,I participate in most meetings,Moderately involved,"Bayou City Waterkeeper (BCWK),Coalition for Environment, Equity and Resilience (CEER),My local neighborhood association or homeowners association (HOA)",,Facebook Posts,,Yes,11-20 years,Low (<50k),I rent my home.,Houston,,
R_5FLkPssCjz3DoS0,EN,"Neighborhood beautification,Improved air quality,Improved stormwater quality",,"Long-standing water bodies,Aquatic (water) plants (e.g., cattail, dwarf palmettos, bald cypress tree),Wildlife commonly found near water (e.g., frogs, salamander, herons, egrets)",I am not sure which critical wetland is located upstream of me.,"Yes, I think they impact flooding in my community",Drought,Rarely – (once a year or less),Rarely – (once a year or less),"Heavy rainfall or storms,Blocked or clogged drainage systems,Drains culverts or pipes that are too small (e.g., inadequate stormwater infrastructure size)",,"$1,000 - $5,000","Above the knee (e.g., over 12 inches)","Interruption of utility services (e.g., power outages, water supply)",,"Installed flood barriers or sandbags around my property,Engaged with local authorities around flooding issues",,I have not seen any of the GSI examples in my community.,I prefer not to implement small-scale GSI in my community,Nature-based detention pond,Wetland conservation,1,2,3,"Yes, it is important","Yes, it is important","Yes, it is important","City of Houston, and other Municipalities (Municipal Utility District MUDs)",,Moderate trust,"Increased taxes,Maintenance issues,Space requirements–not enough space",,Slightly satisfied,"More detailed information about flood preparedness,Better access to emergency resources and assistance,Enhanced coordination with other local organizations/agencies",,"Better information sharing (e.g., more frequent announcements, different forms of communication),Involving local schools and community groups,Providing resources for community action (e.g., participation opportunities, educational programs, technical training)",,There are no meetings available related to this topic,Not at all involved,My local neighborhood association or homeowners association (HOA),,Facebook Posts,,No,6-10 years,Moderate (50k-<150k),I rent my home.,Houston,,
R_1bTxjjZIyKDcAdb,EN,"Improved stormwater quality,Improved soil quality,Stress reduction",,"Aquatic (water) plants (e.g., cattail, dwarf palmettos, bald cypress tree),A drainage ditch nearby,Wildlife commonly found near water (e.g., frogs, salamander, herons, egrets)",(1) Lake Houston Flatwood Wetlands,"No, I do not think they impact flooding in my community",Drought,Rarely – (once a year or less),Rarely – (once a year or less),"Drains culverts or pipes that are too small (e.g., inadequate stormwater infrastructure size),Increased development or urbanization,Other:",Too many new houses and too much concrete,$0 - I haven't spent any money on flood-related repairs,"Less than or at ankle level (e.g., under 3 inches)",I have not experienced any of these events,,Other:,Installed personal drainage ditches,"Nature-based detention pond,Large park,Rainwater harvesting","Rain garden,Rainwater harvesting","Nature-based detention pond,Pocket wetland","Large park,Wetland conservation",1,2,3,"Yes, it is important","Yes, it is important",I don’t know,Texas Commission on Environmental Quality (TCEQ),,No trust,Increased taxes,,Not at all satisfied,Increased opportunities for community feedback,,Involving local schools and community groups,,There are no meetings available related to this topic,Not at all involved,I am not part of any organizations focused on drainage and flooding issues.,,Word of mouth,,No,Over 20 years,Low (<50k),I own my home.,Houston,,
R_5mfrSB89MaGBC1B,EN,"Neighborhood beautification,Recreation (e.g., fishing, bird watching, walking),Stress reduction",,"Long-standing water bodies,Aquatic (water) plants (e.g., cattail, dwarf palmettos, bald cypress tree),A creek nearby",(2) Greater Lake Creek,I do not know,Drought,Rarely – (once a year or less),Rarely – (once a year or less),"Heavy rainfall or storms,Blocked or clogged drainage systems",,$0 - I haven't spent any money on flood-related repairs,"Less than or at ankle level (e.g., under 3 inches)","Interruption of utility services (e.g., power outages, water supply)",,Only my landlord can take action to address or reduce flooding at my residence,,Large park,Permeable pavement,Nature-based detention pond,"Large park,Wetland conservation",1,2,3,"Yes, it is important","Yes, it is important","Yes, it is important",Local city planning departments,,Slight trust,"Attracting unwanted pests,High installment costs,Increased taxes,Maintenance issues",,There is no information available,"More detailed information about flood preparedness,More targeted outreach to vulnerable populations (e.g., environmental justice communities)",,"Establishing community advisory boards,Providing resources for community action (e.g., participation opportunities, educational programs, technical training),Host more regular and diverse community meetings representative of the community",,There are no meetings available related to this topic,Not at all involved,I am not part of any organizations focused on drainage and flooding issues.,,Newspaper articles/Flyers,,No,1-5 years,Low (<50k),I rent my home.,Houston,,
R_3TerJxlzExWj4Wd,EN,"Neighborhood beautification,Improved air quality,Recreation (e.g., fishing, bird watching, walking)",,"Long-standing water bodies,Aquatic (water) plants (e.g., cattail, dwarf palmettos, bald cypress tree),Wildlife commonly found near water (e.g., frogs, salamander, herons, egrets),Consistently-saturated soil",(1) Lake Houston Flatwood Wetlands,"No, I do not think they impact flooding in my community",Drought,Rarely – (once a year or less),Never,"Heavy rainfall or storms,Increased development or urbanization,Nearby river, creek, or bayou overflowing",,$0 - I haven't spent any money on flood-related repairs,"Not applicable (e.g., no experiences with flooding)","Interruption of utility services (e.g., power outages, water supply)",,"Not applicable (e.g., flooding has not affected my residence)",,I have not seen any of the GSI examples in my community.,"Permeable pavement,Rain garden,Rainwater harvesting",Nature-based detention pond,Large park,3,2,1,"Yes, it is important","Yes, it is important","Yes, it is important",I do not know,,Moderate trust,"Attracting unwanted pests,Increased taxes,Lack of educational resources for the community,Space requirements–not enough space",,Slightly satisfied,"More frequent updates on local flood risks,More detailed information about flood preparedness,Better access to emergency resources and assistance",,"Better information sharing (e.g., more frequent announcements, different forms of communication),Involving local schools and community groups,Host more regular and diverse community meetings representative of the community",,There are no meetings available related to this topic,Not at all involved,I am not part of any organizations focused on drainage and flooding issues.,,Newspaper articles/Flyers,,Yes,Over 20 years,Low (<50k),I own my home.,Houston,,
R_5ePBGuOcIo6LuYT,EN,"Neighborhood beautification,Increased property value",,"Long-standing water bodies,Consistently-saturated soil",(1) Lake Houston Flatwood Wetlands,"Yes, I think they impact flooding in my community",Drought,Rarely – (once a year or less),Rarely – (once a year or less),"Blocked or clogged drainage systems,Aging infrastructure (e.g., not in compliance–out of date),Increased development or urbanization",,Less than $500,"Between ankle and knee level (e.g., above 3 inches, up to 12 inches)","Prevented or delayed access to essential services (e.g., health care, groceries, travel, work),Interruption of utility services (e.g., power outages, water supply)",,"Not applicable (e.g., flooding has not affected my residence)",,"Nature-based detention pond,Large park","Rain garden,Rainwater harvesting","Pocket prairie,Urban forestry",Large park,1,2,3,"Yes, it is important","Yes, it is important","Yes, it is important",United States Environmental Protection Agency (US EPA),,Moderate trust,Increased taxes,,Moderately satisfied,"Improved use of technology (e.g., apps, websites) for flood risk information",,"Involving local schools and community groups,Providing resources for community action (e.g., participation opportunities, educational programs, technical training)",,I rarely participate in meetings,Somewhat involved,My local neighborhood association or homeowners association (HOA),,Facebook Posts,,Yes,Over 20 years,Moderate (50k-<150k),I own my home.,Houston,,
R_6koTazlpLyt43At,EN,"Improved air quality,Improved stormwater quality,Stress reduction",,"Long-standing water bodies,Aquatic (water) plants (e.g., cattail, dwarf palmettos, bald cypress tree),Wildlife commonly found near water (e.g., frogs, salamander, herons, egrets),Consistently-saturated soil",(1) Lake Houston Flatwood Wetlands,I do not know,Drought,Sometimes – (once every 2-6 months),Never,Other:,Low road to water plain,$0 - I haven't spent any money on flood-related repairs,"Between ankle and knee level (e.g., above 3 inches, up to 12 inches)","Prevented or delayed access to essential services (e.g., health care, groceries, travel, work),Interruption of utility services (e.g., power outages, water supply)",,Prefer not to answer,,"Nature-based detention pond,Permeable pavement,Pocket prairie,Pocket wetland,Rain garden,Rainwater harvesting",Permeable pavement,Urban forestry,Large park,3,1,2,"Yes, it is important","Yes, it is important","Yes, it is important",Harris County Flood Control District (HCFCD),,Moderate trust,"Equity in implementation–areas that need it most may not get first priority,Maintenance issues,Not fitting into community look/aesthetic,Space requirements–not enough space",,Moderately satisfied,"Better access to emergency resources and assistance,Increased opportunities for community feedback,Enhanced coordination with other local organizations/agencies,Improved use of technology (e.g., apps, websites) for flood risk information",,"Better information sharing (e.g., more frequent announcements, different forms of communication),Involving local schools and community groups,Providing resources for community action (e.g., participation opportunities, educational programs, technical training),Compensation for time (e.g., money, gift cards),Host more regular and diverse community meetings representative of the community,Providing child care",,I occasionally participate in meetings,Somewhat involved,My local neighborhood association or homeowners association (HOA),,Facebook Posts,,No,1-5 years,Low (<50k),I own my home.,Houston,,
R_74bKzilpqp67Ao9,EN,"Neighborhood beautification,Recreation (e.g., fishing, bird watching, walking),Stress reduction",,"Long-standing water bodies,Aquatic (water) plants (e.g., cattail, dwarf palmettos, bald cypress tree),Wildlife commonly found near water (e.g., frogs, salamander, herons, egrets)",I am not sure which critical wetland is located upstream of me.,I do not know,Drought,Never,Never,Blocked or clogged drainage systems,,I do not know,"Not applicable (e.g., no experiences with flooding)","Property damage (e.g., vehicle damage, home repairs),Mental health impact (e.g., anxiety, trauma, stress)",,Only my landlord can take action to address or reduce flooding at my residence,,Large park,Rain garden,Urban forestry,Large park,1,2,3,"Yes, it is important","Yes, it is important","Yes, it is important","City of Houston, and other Municipalities (Municipal Utility District MUDs)",,Above average trust,"Attracting unwanted pests,Increased taxes,Maintenance issues",,Very satisfied,Increased opportunities for community feedback,,Establishing community advisory boards,,I occasionally participate in meetings,Somewhat involved,My local neighborhood association or homeowners association (HOA),,Phone Calls,,No,Less than a year,Moderate (50k-<150k),I rent my home.,Houston,,
R_5S7VNb5HtjHwuw0,EN,"Improved air quality,Improved soil quality,Recreation (e.g., fishing, bird watching, walking)",,A drainage ditch nearby,(4) Trans-Brazos Region,"Yes, I think they impact flooding in my community",Drought,Sometimes – (once every 2-6 months),Sometimes – (once every 2-6 months),"Blocked or clogged drainage systems,Nearby river, creek, or bayou overflowing",,"$5,000 - $10,000","Less than or at ankle level (e.g., under 3 inches)","Interruption of utility services (e.g., power outages, water supply)",,Engaged with local authorities around flooding issues,,Large park,"Rain garden,Rainwater harvesting",Pocket wetland,"Large park,Wetland restoration (inland or coastal)",1,2,3,"Yes, it is important","Yes, it is important",I don’t know,"City of Houston, and other Municipalities (Municipal Utility District MUDs)",,Moderate trust,"Attracting unwanted pests,Maintenance issues",,Moderately satisfied,"Better access to emergency resources and assistance,Improved use of technology (e.g., apps, websites) for flood risk information",,"Better information sharing (e.g., more frequent announcements, different forms of communication),Host more regular and diverse community meetings representative of the community",,I occasionally participate in meetings,Moderately involved,My local neighborhood association or homeowners association (HOA),,Community bulletin posts,,Yes,1-5 years,Moderate (50k-<150k),I own my home.,Houston,,
R_3ymjYtIyWHVp3hd,EN,"Improved air quality,Improved soil quality,Recreation (e.g., fishing, bird watching, walking)",,"Aquatic (water) plants (e.g., cattail, dwarf palmettos, bald cypress tree),A creek nearby,Wildlife commonly found near water (e.g., frogs, salamander, herons, egrets)",(2) Greater Lake Creek,"Yes, I think they impact flooding in my community",Drought,Often – (At least once a month),Sometimes – (once every 2-6 months),"Drains culverts or pipes that are too small (e.g., inadequate stormwater infrastructure size),Increased development or urbanization",,"$5,000 - $10,000","Between ankle and knee level (e.g., above 3 inches, up to 12 inches)","Property damage (e.g., vehicle damage, home repairs),Prevented or delayed access to essential services (e.g., health care, groceries, travel, work),Increased cost for repairs or flood proofing (e.g., more expensive flood insurance premiums)",,"Requested assistance from local government (e.g., city, county) to improve drainage,Engaged with local authorities around flooding issues",,"Large park,Pocket prairie,Urban forestry","Permeable pavement,Rain garden",Pocket wetland,Large park,1,2,3,"Yes, it is important",I don’t know,"Yes, it is important",Harris County Flood Control District (HCFCD),,Moderate trust,"Equity in implementation–areas that need it most may not get first priority,Increased taxes,Not fitting into community look/aesthetic",,Very satisfied,"Increased opportunities for community feedback,More targeted outreach to vulnerable populations (e.g., environmental justice communities),Improved translation and accessibility information for non-English speakers",,"Establishing community advisory boards,Providing resources for community action (e.g., participation opportunities, educational programs, technical training),Host more regular and diverse community meetings representative of the community",,I participate in most meetings,Moderately involved,"West Street Recovery (WSR),Northeast Action Collective (NAC)",,Instagram Posts,,No,1-5 years,Moderate (50k-<150k),I own my home.,Houston,,
R_5BhWlnT3S1ldnje,EN,"Improved air quality,Recreation (e.g., fishing, bird watching, walking),Stress reduction",,"Aquatic (water) plants (e.g., cattail, dwarf palmettos, bald cypress tree),A creek nearby,Wildlife commonly found near water (e.g., frogs, salamander, herons, egrets)",(2) Greater Lake Creek,"Yes, I think they impact flooding in my community",Drought,Never,Never,"Heavy rainfall or storms,Blocked or clogged drainage systems,Drains culverts or pipes that are too small (e.g., inadequate stormwater infrastructure size)",,"$1,000 - $5,000","Less than or at ankle level (e.g., under 3 inches)","Property damage (e.g., vehicle damage, home repairs),Interruption of utility services (e.g., power outages, water supply)",,"Requested assistance from local government (e.g., city, county) to improve drainage",,I have not seen any of the GSI examples in my community.,I prefer not to implement small-scale GSI in my community,Nature-based detention pond,Large park,1,2,3,"Yes, it is important","No, it is not important",I don’t know,Harris County Flood Control District (HCFCD),,No trust,Attracting unwanted pests,,Slightly satisfied,"More frequent updates on local flood risks,More detailed information about flood preparedness",,"Better information sharing (e.g., more frequent announcements, different forms of communication)",,I rarely participate in meetings,Somewhat involved,My local neighborhood association or homeowners association (HOA),,Word of mouth,,No,1-5 years,Low (<50k),I do not rent or own my home.,Houston,,
R_6HUpOsO26mGeQEq,EN,I do not know,,I do not know,(2) Greater Lake Creek,I do not know,Drought,Rarely – (once a year or less),Never,"Not applicable (e.g., my neighborhood does not flood)",,"$5,000 - $10,000","Not applicable (e.g., no experiences with flooding)",I have not experienced any of these events,,"Not applicable (e.g., flooding has not affected my residence)",,I have not seen any of the GSI examples in my community.,I prefer not to implement small-scale GSI in my community,I prefer not to implement mid-scale GSI in my community,I prefer not to implement large-scale GSI in my community,3,1,2,I don’t know,"Yes, it is important","Yes, it is important",Houston Galveston Area Council (HGAC),,Moderate trust,There are no concerns,,There is no information available,Improved translation and accessibility information for non-English speakers,,"Providing multilingual interpretation services,Providing child care",,"I never participate in meetings, although they are available",Extremely involved,I am not part of any organizations focused on drainage and flooding issues.,,Word of mouth,,No,1-5 years,Low (<50k),I rent my home.,Houston,,
R_52HJdfnpjcLf9df,EN,"Neighborhood beautification,Improved air quality,Increased property value",,"Aquatic (water) plants (e.g., cattail, dwarf palmettos, bald cypress tree),A drainage ditch nearby,Wildlife commonly found near water (e.g., frogs, salamander, herons, egrets)",(1) Lake Houston Flatwood Wetlands,"No, I do not think they impact flooding in my community",Drought,Sometimes – (once every 2-6 months),Sometimes – (once every 2-6 months),"Blocked or clogged drainage systems,Drains culverts or pipes that are too small (e.g., inadequate stormwater infrastructure size),Increased development or urbanization",,"$500 - $1,000","Less than or at ankle level (e.g., under 3 inches)","Property damage (e.g., vehicle damage, home repairs),Mental health impact (e.g., anxiety, trauma, stress),Displacement from home (e.g., temporary relocation)",,"Raised the foundation of my house,Requested assistance from local government (e.g., city, county) to improve drainage,Engaged with local authorities around flooding issues",,"Pocket prairie,Pocket wetland,Rainwater harvesting,Wetland conservation","Bioswale,Rain garden","Pocket prairie,Pocket wetland",Wetland restoration (inland or coastal),2,1,3,"Yes, it is important","Yes, it is important","Yes, it is important",Harris County Flood Control District (HCFCD),,Moderate trust,"Equity in implementation–areas that need it most may not get first priority,Displacement due to environmental projects (e.g., gentrification or green gentrification),Not fitting into community look/aesthetic",,Moderately satisfied,"More detailed information about flood preparedness,Better access to emergency resources and assistance,Increased opportunities for community feedback",,"Establishing community advisory boards,Providing resources for community action (e.g., participation opportunities, educational programs, technical training),Providing multilingual interpretation services",,I rarely participate in meetings,Moderately involved,"West Street Recovery (WSR),Coalition for Environment, Equity and Resilience (CEER),Northeast Action Collective (NAC)",,Phone Calls,,No,1-5 years,Low (<50k),I own my home.,Houston,,
R_5fw0vRTq9RQffom,EN,"Neighborhood beautification,Increased property value,Recreation (e.g., fishing, bird watching, walking)",,"Long-standing water bodies,Wildlife commonly found near water (e.g., frogs, salamander, herons, egrets),Consistently-saturated soil",(5) Anahuac Coastal Marsh and Prairies,"Yes, I think they impact flooding in my community",Drought,Always – (every time it rains),Always – (every time it rains),"Heavy rainfall or storms,Aging infrastructure (e.g., not in compliance–out of date),Increased development or urbanization",,"$5,000 - $10,000","Between ankle and knee level (e.g., above 3 inches, up to 12 inches)","Property damage (e.g., vehicle damage, home repairs),Loss of work or income,Mental health impact (e.g., anxiety, trauma, stress),Interruption of utility services (e.g., power outages, water supply)",,Raised the foundation of my house,,"Nature-based detention pond,Large park",Rainwater harvesting,Nature-based detention pond,Wetland restoration (inland or coastal),1,2,3,"Yes, it is important","Yes, it is important","Yes, it is important",I do not know,,Extreme trust,Attracting unwanted pests,,Extremely satisfied,More frequent updates on local flood risks,,"Providing resources for community action (e.g., participation opportunities, educational programs, technical training)",,I rarely participate in meetings,Moderately involved,Bayou City Waterkeeper (BCWK),,Facebook Posts,,No,11-20 years,High (≥150k),I own my home.,Houston,,
R_7kBaLN0BeE1jwby,EN,"Improved air quality,Improved soil quality,Increased property value",,"Long-standing water bodies,Aquatic (water) plants (e.g., cattail, dwarf palmettos, bald cypress tree)",(5) Anahuac Coastal Marsh and Prairies,"Yes, I think they impact flooding in my community",Drought,Sometimes – (once every 2-6 months),Often – (At least once a month),"Heavy rainfall or storms,Blocked or clogged drainage systems,Drains culverts or pipes that are too small (e.g., inadequate stormwater infrastructure size)",,"$5,000 - $10,000","Between ankle and knee level (e.g., above 3 inches, up to 12 inches)","Loss of work or income,Mental health impact (e.g., anxiety, trauma, stress)",,"Installed flood barriers or sandbags around my property,Requested assistance from local government (e.g., city, county) to improve drainage,Engaged with local authorities around flooding issues",,"Permeable pavement,Pocket wetland,Rain garden",Permeable pavement,"Pocket prairie,Pocket wetland",Large park,2,1,3,"Yes, it is important","Yes, it is important","Yes, it is important",Houston Galveston Area Council (HGAC),,Moderate trust,"High installment costs,Increased taxes,Maintenance issues",,Very satisfied,"More detailed information about flood preparedness,Increased opportunities for community feedback,Enhanced coordination with other local organizations/agencies",,"Involving local schools and community groups,Providing resources for community action (e.g., participation opportunities, educational programs, technical training)",,I participate in most meetings,Somewhat involved,"Bayou City Waterkeeper (BCWK),West Street Recovery (WSR)",,Newspaper articles/Flyers,,No,Over 20 years,High (≥150k),I own my home.,Houston,,
R_32UZFADLdgBFrfM,EN,"Neighborhood beautification,Increased property value,Recreation (e.g., fishing, bird watching, walking)",,"Aquatic (water) plants (e.g., cattail, dwarf palmettos, bald cypress tree),A creek nearby",I am not sure which critical wetland is located upstream of me.,"Yes, I think they impact flooding in my community",Drought,Never,Rarely – (once a year or less),"Heavy rainfall or storms,Aging infrastructure (e.g., not in compliance–out of date),Increased development or urbanization",,$0 - I haven't spent any money on flood-related repairs,"Not applicable (e.g., no experiences with flooding)","Prevented or delayed access to essential services (e.g., health care, groceries, travel, work),Interruption of utility services (e.g., power outages, water supply)",,"Not applicable (e.g., flooding has not affected my residence)",,"Nature-based detention pond,Large park",I prefer not to implement small-scale GSI in my community,I prefer not to implement mid-scale GSI in my community,I prefer not to implement large-scale GSI in my community,1,2,3,"Yes, it is important","Yes, it is important","Yes, it is important","City of Houston, and other Municipalities (Municipal Utility District MUDs)",,Moderate trust,"Displacement due to environmental projects (e.g., gentrification or green gentrification)",,Slightly satisfied,"More detailed information about flood preparedness,Better access to emergency resources and assistance,Enhanced coordination with other local organizations/agencies,Improved translation and accessibility information for non-English speakers",,"Better information sharing (e.g., more frequent announcements, different forms of communication),Involving local schools and community groups,Compensation for time (e.g., money, gift cards)",,I occasionally participate in meetings,Not at all involved,My local neighborhood association or homeowners association (HOA),,Community bulletin posts,,Yes,6-10 years,Moderate (50k-<150k),I own my home.,Houston,,
R_34hBLsrVqwE8a21,EN,"Improved air quality,Improved stormwater quality,Increased property value",,"Aquatic (water) plants (e.g., cattail, dwarf palmettos, bald cypress tree),A drainage ditch nearby,A creek nearby,Wildlife commonly found near water (e.g., frogs, salamander, herons, egrets)",(1) Lake Houston Flatwood Wetlands,"No, I do not think they impact flooding in my community",Drought,Often – (At least once a month),Never,"Heavy rainfall or storms,Blocked or clogged drainage systems,Drains culverts or pipes that are too small (e.g., inadequate stormwater infrastructure size)",,"$500 - $1,000","Less than or at ankle level (e.g., under 3 inches)","Property damage (e.g., vehicle damage, home repairs),Mental health impact (e.g., anxiety, trauma, stress),Prevented or delayed access to essential services (e.g., health care, groceries, travel, work)",,"Installed flood barriers or sandbags around my property,Requested assistance from local government (e.g., city, county) to improve drainage,Engaged with local authorities around flooding issues",,"Bioswale,Large park,Pocket prairie,Pocket wetland",Bioswale,"Pocket prairie,Pocket wetland","Large park,Wetland conservation",3,1,2,"Yes, it is important","Yes, it is important","Yes, it is important","City of Houston, and other Municipalities (Municipal Utility District MUDs)",,Moderate trust,There are no concerns,,Moderately satisfied,"More detailed information about flood preparedness,Better access to emergency resources and assistance,Increased opportunities for community feedback,Enhanced coordination with other local organizations/agencies",,"Establishing community advisory boards,Providing resources for community action (e.g., participation opportunities, educational programs, technical training),Host more regular and diverse community meetings representative of the community",,I participate in most meetings,Very involved,"West Street Recovery (WSR),My local neighborhood association or homeowners association (HOA)",,Instagram Posts,,Yes,11-20 years,Moderate (50k-<150k),I own my home.,Houston,,
R_1Dg5vsbx1QU13Et,EN,"Improved air quality,Improved stormwater quality,Stress reduction",,"Long-standing water bodies,A drainage ditch nearby,Consistently-saturated soil",(3) Greater Katy Prairie-Pothole Pimple-Mound Complexes,I do not know,Drought,Often – (At least once a month),Sometimes – (once every 2-6 months),"Heavy rainfall or storms,Blocked or clogged drainage systems,Aging infrastructure (e.g., not in compliance–out of date)",,$0 - I haven't spent any money on flood-related repairs,"Less than or at ankle level (e.g., under 3 inches)","Property damage (e.g., vehicle damage, home repairs),Interruption of utility services (e.g., power outages, water supply)",,"Raised the foundation of my house,Requested assistance from local government (e.g., city, county) to improve drainage,Engaged with local authorities around flooding issues",,"Nature-based detention pond,Permeable pavement,Pocket prairie,Rain garden,Rainwater harvesting","Bioswale,Permeable pavement,Rain garden,Rainwater harvesting","Pocket prairie,Pocket wetland",Wetland conservation,2,1,3,I don’t know,I don’t know,I don’t know,State of Texas,,Slight trust,"Attracting unwanted pests,Equity in implementation–areas that need it most may not get first priority,Displacement due to environmental projects (e.g., gentrification or green gentrification),High installment costs,Maintenance issues,Not fitting into community look/aesthetic",,Slightly satisfied,"More detailed information about flood preparedness,Better access to emergency resources and assistance,Increased opportunities for community feedback,Enhanced coordination with other local organizations/agencies,More targeted outreach to vulnerable populations (e.g., environmental justice communities)",,"Better information sharing (e.g., more frequent announcements, different forms of communication),Establishing community advisory boards,Compensation for time (e.g., money, gift cards),Host more regular and diverse community meetings representative of the community,Providing multilingual interpretation services",,I rarely participate in meetings,Somewhat involved,I am not part of any organizations focused on drainage and flooding issues.,,Facebook Posts,,No,1-5 years,Low (<50k),I do not rent or own my home.,Houston,,
R_1DTougqeAAsGcIl,EN,"Improved air quality,Improved stormwater quality,Improved soil quality",,"Aquatic (water) plants (e.g., cattail, dwarf palmettos, bald cypress tree)",(1) Lake Houston Flatwood Wetlands,"Yes, I think they impact flooding in my community",Drought,Always – (every time it rains),Always – (every time it rains),"Heavy rainfall or storms,Blocked or clogged drainage systems,Nearby river, creek, or bayou overflowing",,"$5,000 - $10,000","Above the knee (e.g., over 12 inches)","Increased cost for repairs or flood proofing (e.g., more expensive flood insurance premiums)",,"Installed flood barriers or sandbags around my property,Requested assistance from local government (e.g., city, county) to improve drainage,Engaged with local authorities around flooding issues",,"Nature-based detention pond,Large park,Rainwater harvesting,Wetland conservation,Wetland restoration (coastal or inland)","Bioswale,Permeable pavement,Rain garden,Rainwater harvesting","Nature-based detention pond,Pocket prairie,Urban forestry","Wetland conservation,Wetland restoration (inland or coastal)",2,3,1,"Yes, it is important","Yes, it is important","Yes, it is important",State of Texas,,Extreme trust,"Equity in implementation–areas that need it most may not get first priority,Lack of educational resources for the community,Maintenance issues",,Extremely satisfied,"More detailed information about flood preparedness,Better access to emergency resources and assistance,Enhanced coordination with other local organizations/agencies,More targeted outreach to vulnerable populations (e.g., environmental justice communities),Improved use of technology (e.g., apps, websites) for flood risk information,Improved translation and accessibility information for non-English speakers",,"Better information sharing (e.g., more frequent announcements, different forms of communication),Involving local schools and community groups,Providing resources for community action (e.g., participation opportunities, educational programs, technical training),Providing multilingual interpretation services",,I participate in all meetings,Extremely involved,"Bayou City Waterkeeper (BCWK),Northeast Action Collective (NAC),My local neighborhood association or homeowners association (HOA)",,Instagram Posts,,No,6-10 years,Low (<50k),I rent my home.,Houston,,
R_15AURE7ZPD4uA3R,EN,"Improved stormwater quality,Improved soil quality,Recreation (e.g., fishing, bird watching, walking)",,"A creek nearby,Wildlife commonly found near water (e.g., frogs, salamander, herons, egrets),Consistently-saturated soil",(1) Lake Houston Flatwood Wetlands,"No, I do not think they impact flooding in my community",Drought,Sometimes – (once every 2-6 months),Sometimes – (once every 2-6 months),"Heavy rainfall or storms,Blocked or clogged drainage systems",,"$500 - $1,000","Less than or at ankle level (e.g., under 3 inches)","Interruption of utility services (e.g., power outages, water supply)",,Installed flood barriers or sandbags around my property,,"Nature-based detention pond,Large park",Rainwater harvesting,Nature-based detention pond,Large park,2,3,1,"Yes, it is important","Yes, it is important","Yes, it is important","City of Houston, and other Municipalities (Municipal Utility District MUDs)",,Moderate trust,"Attracting unwanted pests,Space requirements–not enough space",,Moderately satisfied,"More frequent updates on local flood risks,More detailed information about flood preparedness,Increased opportunities for community feedback",,"Establishing community advisory boards,Providing resources for community action (e.g., participation opportunities, educational programs, technical training)",,I participate in most meetings,Moderately involved,Bayou City Waterkeeper (BCWK),,Facebook Posts,,No,11-20 years,Low (<50k),I own my home.,Houston,,
R_7XPUw5xyYpMorx7,EN,"Improved stormwater quality,Improved soil quality,Recreation (e.g., fishing, bird watching, walking)",,"Long-standing water bodies,Aquatic (water) plants (e.g., cattail, dwarf palmettos, bald cypress tree),A drainage ditch nearby,A creek nearby,Wildlife commonly found near water (e.g., frogs, salamander, herons, egrets),Consistently-saturated soil",(1) Lake Houston Flatwood Wetlands,"Yes, I think they impact flooding in my community",Drought,Rarely – (once a year or less),Sometimes – (once every 2-6 months),"Heavy rainfall or storms,Drains culverts or pipes that are too small (e.g., inadequate stormwater infrastructure size),Nearby river, creek, or bayou overflowing",,I do not know,"Less than or at ankle level (e.g., under 3 inches)","Interruption of utility services (e.g., power outages, water supply)",,I have not taken any measures to address or reduce flooding,,I have not seen any of the GSI examples in my community.,Permeable pavement,Nature-based detention pond,"Wetland conservation,Wetland restoration (inland or coastal)",2,1,3,"Yes, it is important","Yes, it is important","No, it is not important",Harris County Flood Control District (HCFCD),,Slight trust,"Attracting unwanted pests,High installment costs,Increased taxes,Maintenance issues",,Not at all satisfied,"More frequent updates on local flood risks,Better access to emergency resources and assistance,Increased opportunities for community feedback,Enhanced coordination with other local organizations/agencies,More targeted outreach to vulnerable populations (e.g., environmental justice communities),Improved use of technology (e.g., apps, websites) for flood risk information,Improved translation and accessibility information for non-English speakers",,"Involving local schools and community groups,Compensation for time (e.g., money, gift cards),Host more regular and diverse community meetings representative of the community,Providing multilingual interpretation services,Providing child care",,There are no meetings available related to this topic,Not at all involved,I am not part of any organizations focused on drainage and flooding issues.,,Community bulletin posts,,No,Over 20 years,Moderate (50k-<150k),I own my home.,Houston,,
R_1FKdUw4ge68ya1S,EN,"Improved air quality,Improved stormwater quality,Stress reduction",,"Long-standing water bodies,Aquatic (water) plants (e.g., cattail, dwarf palmettos, bald cypress tree),A creek nearby,Wildlife commonly found near water (e.g., frogs, salamander, herons, egrets),Consistently-saturated soil",(1) Lake Houston Flatwood Wetlands,"Yes, I think they impact flooding in my community",Drought,Sometimes – (once every 2-6 months),Sometimes – (once every 2-6 months),"Heavy rainfall or storms,Blocked or clogged drainage systems,Drains culverts or pipes that are too small (e.g., inadequate stormwater infrastructure size)",,$0 - I haven't spent any money on flood-related repairs,"Less than or at ankle level (e.g., under 3 inches)","Property damage (e.g., vehicle damage, home repairs),Mental health impact (e.g., anxiety, trauma, stress),Prevented or delayed access to essential services (e.g., health care, groceries, travel, work)",,"Requested assistance from local government (e.g., city, county) to improve drainage,Engaged with local authorities around flooding issues",,"Nature-based detention pond,Large park,Pocket wetland,Urban forestry","Bioswale,Rain garden,Rainwater harvesting","Nature-based detention pond,Pocket wetland,Urban forestry","Large park,Wetland conservation,Wetland restoration (inland or coastal)",3,2,1,"Yes, it is important","Yes, it is important","Yes, it is important",Harris County Flood Control District (HCFCD),,Moderate trust,"Equity in implementation–areas that need it most may not get first priority,High installment costs,Maintenance issues",,Moderately satisfied,"More frequent updates on local flood risks,More detailed information about flood preparedness,Better access to emergency resources and assistance,Increased opportunities for community feedback,Enhanced coordination with other local organizations/agencies,Improved use of technology (e.g., apps, websites) for flood risk information",,"Better information sharing (e.g., more frequent announcements, different forms of communication),Establishing community advisory boards,Providing resources for community action (e.g., participation opportunities, educational programs, technical training),Host more regular and diverse community meetings representative of the community,Providing multilingual interpretation services",,I occasionally participate in meetings,Somewhat involved,I am not part of any organizations focused on drainage and flooding issues.,,Facebook Posts,,No,Over 20 years,Moderate (50k-<150k),I own my home.,Houston,,
R_6gLexw4ujk5kZo8,EN,"Neighborhood beautification,Improved air quality,Improved soil quality",,"Long-standing water bodies,Aquatic (water) plants (e.g., cattail, dwarf palmettos, bald cypress tree),Wildlife commonly found near water (e.g., frogs, salamander, herons, egrets),Consistently-saturated soil",(1) Lake Houston Flatwood Wetlands,"Yes, I think they impact flooding in my community",Drought,Sometimes – (once every 2-6 months),Sometimes – (once every 2-6 months),"Heavy rainfall or storms,Blocked or clogged drainage systems,Drains culverts or pipes that are too small (e.g., inadequate stormwater infrastructure size)",,"$10,000 - $20,000","Between ankle and knee level (e.g., above 3 inches, up to 12 inches)","Property damage (e.g., vehicle damage, home repairs),Displacement from home (e.g., temporary relocation),Interruption of utility services (e.g., power outages, water supply)",,"Installed flood barriers or sandbags around my property,Requested assistance from local government (e.g., city, county) to improve drainage,Engaged with local authorities around flooding issues",,"Nature-based detention pond,Permeable pavement,Rainwater harvesting,Urban forestry","Rain garden,Rainwater harvesting","Pocket prairie,Pocket wetland","Large park,Wetland conservation",3,2,1,"Yes, it is important","Yes, it is important","Yes, it is important",Houston Galveston Area Council (HGAC),,Above average trust,"High installment costs,Increased taxes,Not fitting into community look/aesthetic",,Very satisfied,"More detailed information about flood preparedness,Better access to emergency resources and assistance,Enhanced coordination with other local organizations/agencies,Improved use of technology (e.g., apps, websites) for flood risk information",,"Better information sharing (e.g., more frequent announcements, different forms of communication),Involving local schools and community groups,Compensation for time (e.g., money, gift cards),Providing multilingual interpretation services",,I participate in most meetings,Very involved,"Bayou City Waterkeeper (BCWK),Coalition for Environment, Equity and Resilience (CEER),My local neighborhood association or homeowners association (HOA)",,Facebook Posts,,No,1-5 years,Moderate (50k-<150k),I own my home.,Houston,,
R_602HItN0oKmklW1,EN,"Improved air quality,Increased property value,Recreation (e.g., fishing, bird watching, walking)",,"A creek nearby,Wildlife commonly found near water (e.g., frogs, salamander, herons, egrets)",(3) Greater Katy Prairie-Pothole Pimple-Mound Complexes,"No, I do not think they impact flooding in my community",Drought,Sometimes – (once every 2-6 months),Rarely – (once a year or less),Increased development or urbanization,,$0 - I haven't spent any money on flood-related repairs,"Less than or at ankle level (e.g., under 3 inches)","Prevented or delayed access to essential services (e.g., health care, groceries, travel, work),Interruption of utility services (e.g., power outages, water supply)",,"Not applicable (e.g., flooding has not affected my residence)",,"Nature-based detention pond,Large park","Rain garden,Rainwater harvesting","Nature-based detention pond,Urban forestry",Large park,3,1,2,"Yes, it is important","Yes, it is important","Yes, it is important",Harris County Flood Control District (HCFCD),,Slight trust,"High installment costs,Increased taxes",,Not at all satisfied,"Enhanced coordination with other local organizations/agencies,Improved use of technology (e.g., apps, websites) for flood risk information",,"Establishing community advisory boards,Providing resources for community action (e.g., participation opportunities, educational programs, technical training)",,There are no meetings available related to this topic,Not at all involved,I am not part of any organizations focused on drainage and flooding issues.,,Other:,E-mail,No,1-5 years,High (≥150k),I own my home.,Houston,,
R_7rQaV0vGp5pCeCB,EN,"Neighborhood beautification,Improved air quality,Improved stormwater quality",,"Aquatic (water) plants (e.g., cattail, dwarf palmettos, bald cypress tree),A creek nearby,Wildlife commonly found near water (e.g., frogs, salamander, herons, egrets)",(1) Lake Houston Flatwood Wetlands,"Yes, I think they impact flooding in my community",Drought,Always – (every time it rains),Always – (every time it rains),"Heavy rainfall or storms,Drains culverts or pipes that are too small (e.g., inadequate stormwater infrastructure size),Nearby river, creek, or bayou overflowing",,"$10,000 - $20,000","Less than or at ankle level (e.g., under 3 inches)","Property damage (e.g., vehicle damage, home repairs),Mental health impact (e.g., anxiety, trauma, stress),Prevented or delayed access to essential services (e.g., health care, groceries, travel, work)",,"Raised the foundation of my house,Engaged with local authorities around flooding issues,Only my landlord can take action to address or reduce flooding at my residence",,"Bioswale,Permeable pavement,Rain garden","Bioswale,Rain garden,Rainwater harvesting","Pocket prairie,Urban forestry","Large park,Wetland conservation",1,2,3,"Yes, it is important","Yes, it is important","Yes, it is important","City of Houston, and other Municipalities (Municipal Utility District MUDs)",,Extreme trust,"Attracting unwanted pests,Displacement due to environmental projects (e.g., gentrification or green gentrification),Lack of educational resources for the community,Space requirements–not enough space",,Extremely satisfied,"More frequent updates on local flood risks,Better access to emergency resources and assistance,Enhanced coordination with other local organizations/agencies,Improved use of technology (e.g., apps, websites) for flood risk information,Improved translation and accessibility information for non-English speakers",,"Better information sharing (e.g., more frequent announcements, different forms of communication),Involving local schools and community groups,Providing resources for community action (e.g., participation opportunities, educational programs, technical training),Host more regular and diverse community meetings representative of the community",,I participate in all meetings,Very involved,"Bayou City Waterkeeper (BCWK),Coalition for Environment, Equity and Resilience (CEER),My local neighborhood association or homeowners association (HOA)",,Facebook Posts,,No,11-20 years,Moderate (50k-<150k),I own my home.,Houston,,
R_72VYG5xgNakCEvD,EN,"Improved air quality,Improved stormwater quality,Improved soil quality",,"Aquatic (water) plants (e.g., cattail, dwarf palmettos, bald cypress tree),Wildlife commonly found near water (e.g., frogs, salamander, herons, egrets),Consistently-saturated soil",(1) Lake Houston Flatwood Wetlands,"Yes, I think they impact flooding in my community",Drought,Rarely – (once a year or less),Rarely – (once a year or less),"Heavy rainfall or storms,Blocked or clogged drainage systems,Increased development or urbanization",,$0 - I haven't spent any money on flood-related repairs,"Not applicable (e.g., no experiences with flooding)",I have not experienced any of these events,,Engaged with local authorities around flooding issues,,"Nature-based detention pond,Large park,Pocket wetland,Wetland conservation","Rain garden,Rainwater harvesting","Nature-based detention pond,Urban forestry","Large park,Wetland conservation,Wetland restoration (inland or coastal)",2,1,3,"Yes, it is important","Yes, it is important","Yes, it is important",State of Texas,,Moderate trust,"High installment costs,Increased taxes,Maintenance issues",,Slightly satisfied,"More detailed information about flood preparedness,Better access to emergency resources and assistance,Improved use of technology (e.g., apps, websites) for flood risk information",,"Better information sharing (e.g., more frequent announcements, different forms of communication),Compensation for time (e.g., money, gift cards)",,I occasionally participate in meetings,Somewhat involved,"Coalition for Environment, Equity and Resilience (CEER),My local neighborhood association or homeowners association (HOA)",,Community bulletin posts,,No,Less than a year,Moderate (50k-<150k),I own my home.,Houston,,
R_35QoGEBN7D3KMd0,EN,"Neighborhood beautification,Increased property value,Recreation (e.g., fishing, bird watching, walking)",,"A drainage ditch nearby,A creek nearby,Wildlife commonly found near water (e.g., frogs, salamander, herons, egrets)",(1) Lake Houston Flatwood Wetlands,"Yes, I think they impact flooding in my community",Drought,Rarely – (once a year or less),Rarely – (once a year or less),"Heavy rainfall or storms,Blocked or clogged drainage systems,Drains culverts or pipes that are too small (e.g., inadequate stormwater infrastructure size)",,"$5,000 - $10,000","Between ankle and knee level (e.g., above 3 inches, up to 12 inches)","Property damage (e.g., vehicle damage, home repairs),Loss of work or income,Mental health impact (e.g., anxiety, trauma, stress),Prevented or delayed access to essential services (e.g., health care, groceries, travel, work),Interruption of utility services (e.g., power outages, water supply)",,"Requested assistance from local government (e.g., city, county) to improve drainage,Engaged with local authorities around flooding issues,Only my landlord can take action to address or reduce flooding at my residence",,"Nature-based detention pond,Large park,Pocket wetland,Rain garden",Bioswale,Pocket wetland,Wetland restoration (inland or coastal),2,3,1,"Yes, it is important","Yes, it is important","Yes, it is important",Harris County Flood Control District (HCFCD),,Moderate trust,"Equity in implementation–areas that need it most may not get first priority,Displacement due to environmental projects (e.g., gentrification or green gentrification),Increased taxes,Lack of educational resources for the community",,Moderately satisfied,"More frequent updates on local flood risks,More detailed information about flood preparedness,Better access to emergency resources and assistance,Enhanced coordination with other local organizations/agencies",,"Better information sharing (e.g., more frequent announcements, different forms of communication),Establishing community advisory boards,Involving local schools and community groups",,"I never participate in meetings, although they are available",Somewhat involved,I am not part of any organizations focused on drainage and flooding issues.,,Facebook Posts,,Yes,1-5 years,Moderate (50k-<150k),I rent my home.,Houston,,
R_6aq8nIUkZP8moPD,EN,"Improved stormwater quality,Improved soil quality,Other:",Improved wastewater comditions,Consistently-saturated soil,(2) Greater Lake Creek,"Yes, I think they impact flooding in my community",Drought,Always – (every time it rains),Always – (every time it rains),"Heavy rainfall or storms,Drains culverts or pipes that are too small (e.g., inadequate stormwater infrastructure size),Aging infrastructure (e.g., not in compliance–out of date)",,"$5,000 - $10,000","Between ankle and knee level (e.g., above 3 inches, up to 12 inches)","Property damage (e.g., vehicle damage, home repairs),Mental health impact (e.g., anxiety, trauma, stress),Prevented or delayed access to essential services (e.g., health care, groceries, travel, work)",,Other:,Purchased a travel trailer to be above the water flooding ,I have not seen any of the GSI examples in my community.,"Permeable pavement,Rainwater harvesting",Pocket prairie,Wetland restoration (inland or coastal),2,3,1,"Yes, it is important","Yes, it is important","Yes, it is important",Texas Commission on Environmental Quality (TCEQ),,Slight trust,"Equity in implementation–areas that need it most may not get first priority,Displacement due to environmental projects (e.g., gentrification or green gentrification),Increased taxes,Maintenance issues,Not fitting into community look/aesthetic,Space requirements–not enough space",,Not at all satisfied,"More frequent updates on local flood risks,Enhanced coordination with other local organizations/agencies,More targeted outreach to vulnerable populations (e.g., environmental justice communities),Improved use of technology (e.g., apps, websites) for flood risk information,Improved translation and accessibility information for non-English speakers",,"Better information sharing (e.g., more frequent announcements, different forms of communication),Establishing community advisory boards,Providing resources for community action (e.g., participation opportunities, educational programs, technical training),Host more regular and diverse community meetings representative of the community,Providing multilingual interpretation services",,There are no meetings available related to this topic,Not at all involved,Other:,There are none that I am aware of ,Word of mouth,,No,1-5 years,Low (<50k),I own my home.,Houston,,
R_1EcWCpgJ7dIgvoR,EN,"Neighborhood beautification,Improved air quality,Improved soil quality",,"Aquatic (water) plants (e.g., cattail, dwarf palmettos, bald cypress tree),A drainage ditch nearby,Wildlife commonly found near water (e.g., frogs, salamander, herons, egrets)",(1) Lake Houston Flatwood Wetlands,"Yes, I think they impact flooding in my community",Drought,Often – (At least once a month),Often – (At least once a month),"Heavy rainfall or storms,Drains culverts or pipes that are too small (e.g., inadequate stormwater infrastructure size),Increased development or urbanization",,"$1,000 - $5,000","Between ankle and knee level (e.g., above 3 inches, up to 12 inches)","Loss of work or income,Mental health impact (e.g., anxiety, trauma, stress),Interruption of utility services (e.g., power outages, water supply)",,"Installed flood barriers or sandbags around my property,Engaged with local authorities around flooding issues,Only my landlord can take action to address or reduce flooding at my residence",,"Large park,Pocket prairie,Pocket wetland,Urban forestry,Wetland restoration (coastal or inland)",Rainwater harvesting,Pocket prairie,Wetland restoration (inland or coastal),1,2,3,"Yes, it is important","Yes, it is important","Yes, it is important",Harris County Flood Control District (HCFCD),,Slight trust,"Equity in implementation–areas that need it most may not get first priority,Displacement due to environmental projects (e.g., gentrification or green gentrification),Maintenance issues",,Moderately satisfied,"More detailed information about flood preparedness,Increased opportunities for community feedback,More targeted outreach to vulnerable populations (e.g., environmental justice communities)",,"Better information sharing (e.g., more frequent announcements, different forms of communication),Providing resources for community action (e.g., participation opportunities, educational programs, technical training),Host more regular and diverse community meetings representative of the community",,I rarely participate in meetings,Somewhat involved,"West Street Recovery (WSR),Northeast Action Collective (NAC)",,Community bulletin posts,,No,11-20 years,Moderate (50k-<150k),I own my home.,Houston,,
R_1eNkajevI2RRYQx,EN,Improved air quality,,I do not know,I am not sure which critical wetland is located upstream of me.,I do not know,Drought,Sometimes – (once every 2-6 months),Never,"Heavy rainfall or storms,Blocked or clogged drainage systems,Drains culverts or pipes that are too small (e.g., inadequate stormwater infrastructure size)",,$0 - I haven't spent any money on flood-related repairs,"Less than or at ankle level (e.g., under 3 inches)",I have not experienced any of these events,,"Not applicable (e.g., flooding has not affected my residence)",,I have not seen any of the GSI examples in my community.,I prefer not to implement small-scale GSI in my community,I prefer not to implement mid-scale GSI in my community,I prefer not to implement large-scale GSI in my community,1,2,3,I don’t know,I don’t know,I don’t know,"City of Houston, and other Municipalities (Municipal Utility District MUDs)",,Slight trust,There are no concerns,,Slightly satisfied,More frequent updates on local flood risks,,"Better information sharing (e.g., more frequent announcements, different forms of communication)",,"I never participate in meetings, although they are available",Not at all involved,I am not part of any organizations focused on drainage and flooding issues.,,Facebook Posts,,No,Over 20 years,Low (<50k),I rent my home.,Houston,,
R_1y3CGWALf6qhZVE,EN,"Improved air quality,Improved stormwater quality,Increased property value",,"Long-standing water bodies,Aquatic (water) plants (e.g., cattail, dwarf palmettos, bald cypress tree),Wildlife commonly found near water (e.g., frogs, salamander, herons, egrets)",(1) Lake Houston Flatwood Wetlands,"No, I do not think they impact flooding in my community",Drought,Sometimes – (once every 2-6 months),Sometimes – (once every 2-6 months),"Heavy rainfall or storms,Blocked or clogged drainage systems",,"$10,000 - $20,000","Between ankle and knee level (e.g., above 3 inches, up to 12 inches)","Property damage (e.g., vehicle damage, home repairs),Loss of work or income,Mental health impact (e.g., anxiety, trauma, stress),Displacement from home (e.g., temporary relocation),Prevented or delayed access to essential services (e.g., health care, groceries, travel, work),Interruption of utility services (e.g., power outages, water supply),Increased cost for repairs or flood proofing (e.g., more expensive flood insurance premiums)",,Raised the foundation of my house,,I have not seen any of the GSI examples in my community.,I prefer not to implement small-scale GSI in my community,"Nature-based detention pond,Urban forestry","Large park,Wetland conservation,Wetland restoration (inland or coastal)",1,2,3,"Yes, it is important","Yes, it is important","Yes, it is important",United States Environmental Protection Agency (US EPA),,Slight trust,"Maintenance issues,Space requirements–not enough space,Other:",,Slightly satisfied,"Better access to emergency resources and assistance,More targeted outreach to vulnerable populations (e.g., environmental justice communities),Improved use of technology (e.g., apps, websites) for flood risk information",,"Providing resources for community action (e.g., participation opportunities, educational programs, technical training),Compensation for time (e.g., money, gift cards)",,I occasionally participate in meetings,Moderately involved,I am not part of any organizations focused on drainage and flooding issues.,,Newspaper articles/Flyers,,No,11-20 years,Low (<50k),I do not rent or own my home.,Houston,,
R_76l7fZSPYeB7tEY,EN,"Neighborhood beautification,Improved air quality,Increased property value",,"Long-standing water bodies,Aquatic (water) plants (e.g., cattail, dwarf palmettos, bald cypress tree),A drainage ditch nearby,A creek nearby,Wildlife commonly found near water (e.g., frogs, salamander, herons, egrets),Consistently-saturated soil",(3) Greater Katy Prairie-Pothole Pimple-Mound Complexes,"Yes, I think they impact flooding in my community",Drought,Often – (At least once a month),Always – (every time it rains),"Heavy rainfall or storms,Drains culverts or pipes that are too small (e.g., inadequate stormwater infrastructure size),Aging infrastructure (e.g., not in compliance–out of date)",,"$1,000 - $5,000","Above the knee (e.g., over 12 inches)","Mental health impact (e.g., anxiety, trauma, stress),Displacement from home (e.g., temporary relocation),Interruption of utility services (e.g., power outages, water supply)",,"Installed flood barriers or sandbags around my property,Requested assistance from local government (e.g., city, county) to improve drainage,Engaged with local authorities around flooding issues,Only my landlord can take action to address or reduce flooding at my residence",,"Nature-based detention pond,Permeable pavement,Pocket prairie,Rain garden,Rainwater harvesting,Urban forestry","Bioswale,Permeable pavement,Rain garden,Rainwater harvesting","Pocket wetland,Urban forestry","Large park,Wetland restoration (inland or coastal)",3,2,1,"Yes, it is important","Yes, it is important",I don’t know,Harris County Flood Control District (HCFCD),,Above average trust,There are no concerns,,Very satisfied,"More detailed information about flood preparedness,Enhanced coordination with other local organizations/agencies,More targeted outreach to vulnerable populations (e.g., environmental justice communities),Improved use of technology (e.g., apps, websites) for flood risk information",,"Establishing community advisory boards,Involving local schools and community groups,Providing resources for community action (e.g., participation opportunities, educational programs, technical training),Compensation for time (e.g., money, gift cards),Host more regular and diverse community meetings representative of the community",,I participate in most meetings,Very involved,"West Street Recovery (WSR),Coalition for Environment, Equity and Resilience (CEER),Northeast Action Collective (NAC),My local neighborhood association or homeowners association (HOA)",,Facebook Posts,,No,6-10 years,Low (<50k),I rent my home.,Houston,,
R_7r61DoSQqnTqiJk,EN,"Improved stormwater quality,Improved soil quality,Recreation (e.g., fishing, bird watching, walking)",,"Aquatic (water) plants (e.g., cattail, dwarf palmettos, bald cypress tree),A creek nearby,Wildlife commonly found near water (e.g., frogs, salamander, herons, egrets)",(1) Lake Houston Flatwood Wetlands,"Yes, I think they impact flooding in my community",Drought,Often – (At least once a month),Often – (At least once a month),"Heavy rainfall or storms,Drains culverts or pipes that are too small (e.g., inadequate stormwater infrastructure size),Nearby river, creek, or bayou overflowing",,"$1,000 - $5,000","Between ankle and knee level (e.g., above 3 inches, up to 12 inches)","Property damage (e.g., vehicle damage, home repairs),Prevented or delayed access to essential services (e.g., health care, groceries, travel, work),Interruption of utility services (e.g., power outages, water supply),Increased cost for repairs or flood proofing (e.g., more expensive flood insurance premiums)",,"Raised the foundation of my house,Requested assistance from local government (e.g., city, county) to improve drainage,Engaged with local authorities around flooding issues",,Nature-based detention pond,"Permeable pavement,Rain garden","Nature-based detention pond,Pocket wetland","Wetland conservation,Wetland restoration (inland or coastal)",2,3,1,"Yes, it is important","Yes, it is important","Yes, it is important","City of Houston, and other Municipalities (Municipal Utility District MUDs)",,Moderate trust,"Attracting unwanted pests,Displacement due to environmental projects (e.g., gentrification or green gentrification),Increased taxes,Maintenance issues",,Slightly satisfied,"More detailed information about flood preparedness,Better access to emergency resources and assistance,Enhanced coordination with other local organizations/agencies,More targeted outreach to vulnerable populations (e.g., environmental justice communities)",,"Better information sharing (e.g., more frequent announcements, different forms of communication),Establishing community advisory boards,Host more regular and diverse community meetings representative of the community,Providing multilingual interpretation services",,I occasionally participate in meetings,Not at all involved,My local neighborhood association or homeowners association (HOA),,Community bulletin posts,,No,1-5 years,Moderate (50k-<150k),I rent my home.,Houston,,
R_1iRaBs1sfXYRiGi,EN,"Improved stormwater quality,Recreation (e.g., fishing, bird watching, walking),Stress reduction",,"Long-standing water bodies,A drainage ditch nearby",(4) Trans-Brazos Region,I do not know,Drought,Always – (every time it rains),Always – (every time it rains),"Nearby river, creek, or bayou overflowing",,$0 - I haven't spent any money on flood-related repairs,"Less than or at ankle level (e.g., under 3 inches)","Property damage (e.g., vehicle damage, home repairs),Loss of work or income",,"Raised the foundation of my house,Installed flood barriers or sandbags around my property",,I have not seen any of the GSI examples in my community.,Rain garden,I prefer not to implement mid-scale GSI in my community,Large park,3,2,1,"Yes, it is important","Yes, it is important","Yes, it is important",State of Texas,,Above average trust,Increased taxes,,Moderately satisfied,"More detailed information about flood preparedness,Better access to emergency resources and assistance",,"Involving local schools and community groups,Providing resources for community action (e.g., participation opportunities, educational programs, technical training)",,I occasionally participate in meetings,Very involved,My local neighborhood association or homeowners association (HOA),,Community bulletin posts,,No,11-20 years,Low (<50k),I rent my home.,Houston,,
R_7nAmNAVPWb7u1yN,EN,"Neighborhood beautification,Improved air quality,Recreation (e.g., fishing, bird watching, walking)",,"A drainage ditch nearby,Wildlife commonly found near water (e.g., frogs, salamander, herons, egrets),Consistently-saturated soil",I am not sure which critical wetland is located upstream of me.,"Yes, I think they impact flooding in my community",Drought,Always – (every time it rains),Always – (every time it rains),"Blocked or clogged drainage systems,Drains culverts or pipes that are too small (e.g., inadequate stormwater infrastructure size),Increased development or urbanization",,$0 - I haven't spent any money on flood-related repairs,"Less than or at ankle level (e.g., under 3 inches)","Loss of work or income,Mental health impact (e.g., anxiety, trauma, stress),Interruption of utility services (e.g., power outages, water supply)",,"Installed flood barriers or sandbags around my property,Only my landlord can take action to address or reduce flooding at my residence",,Large park,Rain garden,Urban forestry,Large park,1,2,3,"Yes, it is important","Yes, it is important","Yes, it is important",Local city planning departments,,Slight trust,"Attracting unwanted pests,Increased taxes,Lack of educational resources for the community,Maintenance issues,Not fitting into community look/aesthetic",,Slightly satisfied,"More frequent updates on local flood risks,More detailed information about flood preparedness,Better access to emergency resources and assistance,Increased opportunities for community feedback,Enhanced coordination with other local organizations/agencies,More targeted outreach to vulnerable populations (e.g., environmental justice communities),Improved use of technology (e.g., apps, websites) for flood risk information",,"Better information sharing (e.g., more frequent announcements, different forms of communication),Establishing community advisory boards,Involving local schools and community groups,Providing resources for community action (e.g., participation opportunities, educational programs, technical training),Compensation for time (e.g., money, gift cards),Host more regular and diverse community meetings representative of the community",,I participate in most meetings,Somewhat involved,I am not part of any organizations focused on drainage and flooding issues.,,Newspaper articles/Flyers,,No,Less than a year,Low (<50k),I rent my home.,Houston,,
R_1tFDfin58YLG7qv,EN,"Neighborhood beautification,Improved stormwater quality,Improved soil quality",,"Aquatic (water) plants (e.g., cattail, dwarf palmettos, bald cypress tree),Wildlife commonly found near water (e.g., frogs, salamander, herons, egrets),Consistently-saturated soil",(1) Lake Houston Flatwood Wetlands,"Yes, I think they impact flooding in my community",Drought,Rarely – (once a year or less),Sometimes – (once every 2-6 months),"Blocked or clogged drainage systems,Drains culverts or pipes that are too small (e.g., inadequate stormwater infrastructure size),Aging infrastructure (e.g., not in compliance–out of date)",,$0 - I haven't spent any money on flood-related repairs,"Less than or at ankle level (e.g., under 3 inches)",I have not experienced any of these events,,Only my landlord can take action to address or reduce flooding at my residence,,"Nature-based detention pond,Large park,Permeable pavement",Permeable pavement,"Nature-based detention pond,Urban forestry",Large park,1,2,3,"Yes, it is important","Yes, it is important","No, it is not important",Texas Commission on Environmental Quality (TCEQ),,Moderate trust,Space requirements–not enough space,,Slightly satisfied,"More frequent updates on local flood risks,More detailed information about flood preparedness,Enhanced coordination with other local organizations/agencies,More targeted outreach to vulnerable populations (e.g., environmental justice communities)",,"Providing resources for community action (e.g., participation opportunities, educational programs, technical training),Compensation for time (e.g., money, gift cards),Host more regular and diverse community meetings representative of the community",,There are no meetings available related to this topic,Not at all involved,I am not part of any organizations focused on drainage and flooding issues.,,Newspaper articles/Flyers,,No,Less than a year,Moderate (50k-<150k),I rent my home.,Houston,,
R_69lYN8VlF7UH2od,EN,"Neighborhood beautification,Improved soil quality,Stress reduction",,"Long-standing water bodies,Aquatic (water) plants (e.g., cattail, dwarf palmettos, bald cypress tree),A creek nearby,Wildlife commonly found near water (e.g., frogs, salamander, herons, egrets)",(1) Lake Houston Flatwood Wetlands,"No, I do not think they impact flooding in my community",Drought,Rarely – (once a year or less),Rarely – (once a year or less),"Heavy rainfall or storms,Blocked or clogged drainage systems,Drains culverts or pipes that are too small (e.g., inadequate stormwater infrastructure size)",,$0 - I haven't spent any money on flood-related repairs,"Less than or at ankle level (e.g., under 3 inches)","Interruption of utility services (e.g., power outages, water supply)",,I have not taken any measures to address or reduce flooding,,I have not seen any of the GSI examples in my community.,Permeable pavement,I prefer not to implement mid-scale GSI in my community,I prefer not to implement large-scale GSI in my community,1,2,3,"Yes, it is important","Yes, it is important","Yes, it is important",Texas Commission on Environmental Quality (TCEQ),,Moderate trust,"Displacement due to environmental projects (e.g., gentrification or green gentrification),High installment costs,Increased taxes,Space requirements–not enough space",,Moderately satisfied,"Improved use of technology (e.g., apps, websites) for flood risk information",,"Establishing community advisory boards,Host more regular and diverse community meetings representative of the community",,There are no meetings available related to this topic,Not at all involved,I am not part of any organizations focused on drainage and flooding issues.,,Phone Calls,,No,Over 20 years,Low (<50k),I own my home.,Houston,,
R_7JEt6auWxe0VwKu,EN,"Neighborhood beautification,Recreation (e.g., fishing, bird watching, walking),Stress reduction",,A drainage ditch nearby,(1) Lake Houston Flatwood Wetlands,"Yes, I think they impact flooding in my community",Drought,Rarely – (once a year or less),Never,"Heavy rainfall or storms,Blocked or clogged drainage systems,Nearby river, creek, or bayou overflowing",,$0 - I haven't spent any money on flood-related repairs,"Less than or at ankle level (e.g., under 3 inches)",I have not experienced any of these events,,"Raised the foundation of my house,Installed flood barriers or sandbags around my property",,Rain garden,Rain garden,Pocket prairie,Large park,1,2,3,"Yes, it is important","Yes, it is important","Yes, it is important",Harris County Flood Control District (HCFCD),,Moderate trust,"Attracting unwanted pests,Increased taxes",,Moderately satisfied,"More detailed information about flood preparedness,More targeted outreach to vulnerable populations (e.g., environmental justice communities)",,"Establishing community advisory boards,Providing resources for community action (e.g., participation opportunities, educational programs, technical training)",,I participate in most meetings,Moderately involved,I am not part of any organizations focused on drainage and flooding issues.,,Community bulletin posts,,No,1-5 years,Moderate (50k-<150k),I own my home.,Houston,,
R_6nWb2s6MRt3HPVt,EN,I do not know,,A drainage ditch nearby,I am not sure which critical wetland is located upstream of me.,I do not know,Drought,Always – (every time it rains),Rarely – (once a year or less),Blocked or clogged drainage systems,,I do not know,"Less than or at ankle level (e.g., under 3 inches)","Displacement from home (e.g., temporary relocation)",,Only my landlord can take action to address or reduce flooding at my residence,,Rainwater harvesting,Rainwater harvesting,Nature-based detention pond,Wetland restoration (inland or coastal),1,2,3,"Yes, it is important","Yes, it is important","Yes, it is important","City of Houston, and other Municipalities (Municipal Utility District MUDs)",,Slight trust,Maintenance issues,,Slightly satisfied,More frequent updates on local flood risks,,"Compensation for time (e.g., money, gift cards)",,I rarely participate in meetings,Not at all involved,I am not part of any organizations focused on drainage and flooding issues.,,Phone Calls,,Yes,6-10 years,Low (<50k),I rent my home.,Houston,,
R_67PgckU9AFk3MRO,EN,"Neighborhood beautification,Recreation (e.g., fishing, bird watching, walking),Stress reduction",,"Long-standing water bodies,Aquatic (water) plants (e.g., cattail, dwarf palmettos, bald cypress tree),Wildlife commonly found near water (e.g., frogs, salamander, herons, egrets)",(2) Greater Lake Creek,"No, I do not think they impact flooding in my community",Drought,Rarely – (once a year or less),Rarely – (once a year or less),"Heavy rainfall or storms,Blocked or clogged drainage systems,Nearby river, creek, or bayou overflowing",,$0 - I haven't spent any money on flood-related repairs,"Less than or at ankle level (e.g., under 3 inches)","Interruption of utility services (e.g., power outages, water supply)",,I have not taken any measures to address or reduce flooding,,"Large park,Urban forestry",Permeable pavement,Urban forestry,"Large park,Wetland conservation",3,2,1,"Yes, it is important","Yes, it is important","Yes, it is important","City of Houston, and other Municipalities (Municipal Utility District MUDs)",,Moderate trust,"High installment costs,Increased taxes",,Moderately satisfied,"More detailed information about flood preparedness,Better access to emergency resources and assistance,Improved use of technology (e.g., apps, websites) for flood risk information",,"Better information sharing (e.g., more frequent announcements, different forms of communication),Establishing community advisory boards",,I rarely participate in meetings,Not at all involved,I am not part of any organizations focused on drainage and flooding issues.,,Word of mouth,,No,1-5 years,High (≥150k),I own my home.,Houston,,
R_3PdcfSFfcBVGcds,EN,"Neighborhood beautification,Improved air quality,Increased property value",,"Aquatic (water) plants (e.g., cattail, dwarf palmettos, bald cypress tree),A creek nearby,Consistently-saturated soil",(1) Lake Houston Flatwood Wetlands,"Yes, I think they impact flooding in my community",Drought,Often – (At least once a month),Always – (every time it rains),"Heavy rainfall or storms,Drains culverts or pipes that are too small (e.g., inadequate stormwater infrastructure size),Nearby river, creek, or bayou overflowing",,"$500 - $1,000","Between ankle and knee level (e.g., above 3 inches, up to 12 inches)","Mental health impact (e.g., anxiety, trauma, stress),Prevented or delayed access to essential services (e.g., health care, groceries, travel, work),Increased cost for repairs or flood proofing (e.g., more expensive flood insurance premiums)",,"Raised the foundation of my house,Requested assistance from local government (e.g., city, county) to improve drainage,Engaged with local authorities around flooding issues",,"Large park,Pocket wetland,Urban forestry,Wetland conservation",Rain garden,Nature-based detention pond,Wetland conservation,3,2,1,"Yes, it is important","Yes, it is important","Yes, it is important","City of Houston, and other Municipalities (Municipal Utility District MUDs)",,Slight trust,"Attracting unwanted pests,Equity in implementation–areas that need it most may not get first priority,High installment costs,Increased taxes",,Not at all satisfied,"More frequent updates on local flood risks,More targeted outreach to vulnerable populations (e.g., environmental justice communities),Improved use of technology (e.g., apps, websites) for flood risk information",,"Better information sharing (e.g., more frequent announcements, different forms of communication),Providing resources for community action (e.g., participation opportunities, educational programs, technical training),Host more regular and diverse community meetings representative of the community",,I participate in most meetings,Somewhat involved,"West Street Recovery (WSR),My local neighborhood association or homeowners association (HOA)",,Word of mouth,,No,1-5 years,Low (<50k),I rent my home.,Houston,,
R_1RqOymMDQK2CNl7,EN,"Improved air quality,Improved stormwater quality,Improved soil quality",,"A drainage ditch nearby,A creek nearby,Consistently-saturated soil",I am not sure which critical wetland is located upstream of me.,"Yes, I think they impact flooding in my community",Drought,Rarely – (once a year or less),Rarely – (once a year or less),"Blocked or clogged drainage systems,Drains culverts or pipes that are too small (e.g., inadequate stormwater infrastructure size),Aging infrastructure (e.g., not in compliance–out of date)",,Less than $500,"Less than or at ankle level (e.g., under 3 inches)","Property damage (e.g., vehicle damage, home repairs),Prevented or delayed access to essential services (e.g., health care, groceries, travel, work),Interruption of utility services (e.g., power outages, water supply),Increased cost for repairs or flood proofing (e.g., more expensive flood insurance premiums)",,Only my landlord can take action to address or reduce flooding at my residence,,"Large park,Permeable pavement,Wetland conservation","Permeable pavement,Rain garden","Pocket prairie,Pocket wetland","Large park,Wetland conservation,Wetland restoration (inland or coastal)",1,2,3,"Yes, it is important","Yes, it is important","Yes, it is important","City of Houston, and other Municipalities (Municipal Utility District MUDs)",,Slight trust,"Attracting unwanted pests,Equity in implementation–areas that need it most may not get first priority,Displacement due to environmental projects (e.g., gentrification or green gentrification),High installment costs,Increased taxes,Lack of educational resources for the community,Maintenance issues,Not fitting into community look/aesthetic,Space requirements–not enough space",,Slightly satisfied,"More frequent updates on local flood risks,More detailed information about flood preparedness,Better access to emergency resources and assistance,Increased opportunities for community feedback,Enhanced coordination with other local organizations/agencies,More targeted outreach to vulnerable populations (e.g., environmental justice communities),Improved use of technology (e.g., apps, websites) for flood risk information,Improved translation and accessibility information for non-English speakers",,"Better information sharing (e.g., more frequent announcements, different forms of communication),Establishing community advisory boards,Involving local schools and community groups,Providing resources for community action (e.g., participation opportunities, educational programs, technical training),Compensation for time (e.g., money, gift cards),Host more regular and diverse community meetings representative of the community,Providing multilingual interpretation services,Providing child care",,"I never participate in meetings, although they are available",Not at all involved,I am not part of any organizations focused on drainage and flooding issues.,,Facebook Posts,,No,11-20 years,Low (<50k),I rent my home.,Houston,,
R_1VlmSR75dxSm8JX,EN,"Neighborhood beautification,Improved air quality,Increased property value",,"Long-standing water bodies,Aquatic (water) plants (e.g., cattail, dwarf palmettos, bald cypress tree),A drainage ditch nearby,A creek nearby,Wildlife commonly found near water (e.g., frogs, salamander, herons, egrets),Consistently-saturated soil",(2) Greater Lake Creek,"Yes, I think they impact flooding in my community",Drought,Sometimes – (once every 2-6 months),Sometimes – (once every 2-6 months),Heavy rainfall or storms,,$0 - I haven't spent any money on flood-related repairs,"Less than or at ankle level (e.g., under 3 inches)","Interruption of utility services (e.g., power outages, water supply)",,Only my landlord can take action to address or reduce flooding at my residence,,Rainwater harvesting,"Permeable pavement,Rain garden,Rainwater harvesting","Nature-based detention pond,Pocket prairie,Pocket wetland,Urban forestry","Large park,Wetland conservation,Wetland restoration (inland or coastal)",2,3,1,"Yes, it is important","Yes, it is important","Yes, it is important",Harris County Flood Control District (HCFCD),,Extreme trust,"Attracting unwanted pests,Equity in implementation–areas that need it most may not get first priority,Displacement due to environmental projects (e.g., gentrification or green gentrification),High installment costs,Increased taxes,Lack of educational resources for the community,Maintenance issues,Not fitting into community look/aesthetic,Space requirements–not enough space",,Extremely satisfied,"More frequent updates on local flood risks,More detailed information about flood preparedness,Better access to emergency resources and assistance,Increased opportunities for community feedback,Enhanced coordination with other local organizations/agencies,More targeted outreach to vulnerable populations (e.g., environmental justice communities),Improved use of technology (e.g., apps, websites) for flood risk information,Improved translation and accessibility information for non-English speakers",,"Better information sharing (e.g., more frequent announcements, different forms of communication),Establishing community advisory boards,Involving local schools and community groups,Providing resources for community action (e.g., participation opportunities, educational programs, technical training),Compensation for time (e.g., money, gift cards),Host more regular and diverse community meetings representative of the community,Providing multilingual interpretation services,Providing child care",,I participate in most meetings,Extremely involved,My local neighborhood association or homeowners association (HOA),,Community bulletin posts,,No,1-5 years,Low (<50k),I rent my home.,Houston,,
R_3r1EDpf0TWUcHCh,EN,Stress reduction,,"Wildlife commonly found near water (e.g., frogs, salamander, herons, egrets)",(1) Lake Houston Flatwood Wetlands,"Yes, I think they impact flooding in my community",Drought,Rarely – (once a year or less),Rarely – (once a year or less),Heavy rainfall or storms,,$0 - I haven't spent any money on flood-related repairs,"Between ankle and knee level (e.g., above 3 inches, up to 12 inches)","Property damage (e.g., vehicle damage, home repairs)",,Raised the foundation of my house,,Wetland conservation,Rain garden,I prefer not to implement mid-scale GSI in my community,I prefer not to implement large-scale GSI in my community,1,2,3,"Yes, it is important","Yes, it is important","Yes, it is important","City of Houston, and other Municipalities (Municipal Utility District MUDs)",,Above average trust,"Displacement due to environmental projects (e.g., gentrification or green gentrification)",,Moderately satisfied,More frequent updates on local flood risks,,"Better information sharing (e.g., more frequent announcements, different forms of communication)",,I participate in most meetings,Very involved,My local neighborhood association or homeowners association (HOA),,Newspaper articles/Flyers,,No,1-5 years,Low (<50k),I rent my home.,Houston,,
R_7CpJ6nKPRdQpS21,EN,"Neighborhood beautification,Improved air quality,Improved stormwater quality",,I do not know,I am not sure which critical wetland is located upstream of me.,"Yes, I think they impact flooding in my community",Drought,Never,Never,"Not applicable (e.g., my neighborhood does not flood)",,$0 - I haven't spent any money on flood-related repairs,"Less than or at ankle level (e.g., under 3 inches)",I have not experienced any of these events,,I have not taken any measures to address or reduce flooding,,"Pocket wetland,Wetland conservation,Wetland restoration (coastal or inland)",I prefer not to implement small-scale GSI in my community,I prefer not to implement mid-scale GSI in my community,Wetland restoration (inland or coastal),1,2,3,"Yes, it is important","Yes, it is important","Yes, it is important",I do not know,,Above average trust,There are no concerns,,Extremely satisfied,"More frequent updates on local flood risks,More detailed information about flood preparedness",,"Better information sharing (e.g., more frequent announcements, different forms of communication),Providing resources for community action (e.g., participation opportunities, educational programs, technical training),Providing multilingual interpretation services",,I rarely participate in meetings,Moderately involved,I am not part of any organizations focused on drainage and flooding issues.,,Community bulletin posts,,Yes,Over 20 years,Low (<50k),I own my home.,Houston,,
R_1fdbZjWAeTUWieY,EN,"Improved air quality,Improved stormwater quality,Improved soil quality",,"Long-standing water bodies,A drainage ditch nearby,Wildlife commonly found near water (e.g., frogs, salamander, herons, egrets)",I am not sure which critical wetland is located upstream of me.,I do not know,Drought,Sometimes – (once every 2-6 months),Rarely – (once a year or less),"Heavy rainfall or storms,Blocked or clogged drainage systems,Drains culverts or pipes that are too small (e.g., inadequate stormwater infrastructure size)",,Less than $500,"Less than or at ankle level (e.g., under 3 inches)","Interruption of utility services (e.g., power outages, water supply)",,I have not taken any measures to address or reduce flooding,,I have not seen any of the GSI examples in my community.,I prefer not to implement small-scale GSI in my community,Urban forestry,"Large park,Wetland conservation",1,2,3,"Yes, it is important","Yes, it is important","Yes, it is important","City of Houston, and other Municipalities (Municipal Utility District MUDs)",,Moderate trust,Lack of educational resources for the community,,Moderately satisfied,"More targeted outreach to vulnerable populations (e.g., environmental justice communities)",,"Providing resources for community action (e.g., participation opportunities, educational programs, technical training)",,"I never participate in meetings, although they are available",Somewhat involved,My local neighborhood association or homeowners association (HOA),,Facebook Posts,,No,1-5 years,Moderate (50k-<150k),I own my home.,Houston,,
R_5Adbq7EnrluK7e1,EN,"Improved air quality,Improved stormwater quality,Recreation (e.g., fishing, bird watching, walking)",,"Aquatic (water) plants (e.g., cattail, dwarf palmettos, bald cypress tree),A drainage ditch nearby,Wildlife commonly found near water (e.g., frogs, salamander, herons, egrets)",(3) Greater Katy Prairie-Pothole Pimple-Mound Complexes,"No, I do not think they impact flooding in my community",Drought,Rarely – (once a year or less),Never,"Heavy rainfall or storms,Drains culverts or pipes that are too small (e.g., inadequate stormwater infrastructure size),Increased development or urbanization",,$0 - I haven't spent any money on flood-related repairs,"Less than or at ankle level (e.g., under 3 inches)",I have not experienced any of these events,,"Not applicable (e.g., flooding has not affected my residence)",,I have not seen any of the GSI examples in my community.,Rain garden,I prefer not to implement mid-scale GSI in my community,Large park,2,1,3,"Yes, it is important","Yes, it is important","Yes, it is important",Harris County Flood Control District (HCFCD),,Slight trust,"Attracting unwanted pests,Increased taxes,Maintenance issues",,Slightly satisfied,"More frequent updates on local flood risks,More detailed information about flood preparedness,Enhanced coordination with other local organizations/agencies,Improved use of technology (e.g., apps, websites) for flood risk information",,"Better information sharing (e.g., more frequent announcements, different forms of communication)",,I rarely participate in meetings,Not at all involved,I am not part of any organizations focused on drainage and flooding issues.,,Newspaper articles/Flyers,,Yes,Over 20 years,Moderate (50k-<150k),I own my home.,Houston,,
R_1FUnQ7wPy3NW5qx,EN,"Neighborhood beautification,Improved air quality,Improved stormwater quality",,A drainage ditch nearby,(1) Lake Houston Flatwood Wetlands,"No, I do not think they impact flooding in my community",Drought,Often – (At least once a month),Often – (At least once a month),"Heavy rainfall or storms,Drains culverts or pipes that are too small (e.g., inadequate stormwater infrastructure size)",,"$500 - $1,000","Between ankle and knee level (e.g., above 3 inches, up to 12 inches)","Property damage (e.g., vehicle damage, home repairs),Increased cost for repairs or flood proofing (e.g., more expensive flood insurance premiums)",,"Requested assistance from local government (e.g., city, county) to improve drainage",,Wetland restoration (coastal or inland),Permeable pavement,Nature-based detention pond,Wetland restoration (inland or coastal),1,2,3,"Yes, it is important","Yes, it is important","Yes, it is important",Harris County Flood Control District (HCFCD),,Slight trust,"High installment costs,Increased taxes,Maintenance issues",,Not at all satisfied,"More frequent updates on local flood risks,Better access to emergency resources and assistance",,"Compensation for time (e.g., money, gift cards)",,I participate in most meetings,Moderately involved,My local neighborhood association or homeowners association (HOA),,Facebook Posts,,Yes,1-5 years,Low (<50k),I own my home.,Houston,,
R_6aRZ4tQRV0kNl1c,EN,"Increased property value,Recreation (e.g., fishing, bird watching, walking),Stress reduction",,"Aquatic (water) plants (e.g., cattail, dwarf palmettos, bald cypress tree),Wildlife commonly found near water (e.g., frogs, salamander, herons, egrets),Consistently-saturated soil",(1) Lake Houston Flatwood Wetlands,"No, I do not think they impact flooding in my community",Drought,Sometimes – (once every 2-6 months),Sometimes – (once every 2-6 months),Heavy rainfall or storms,,$0 - I haven't spent any money on flood-related repairs,"Less than or at ankle level (e.g., under 3 inches)","Property damage (e.g., vehicle damage, home repairs),Loss of work or income",,Only my landlord can take action to address or reduce flooding at my residence,,Large park,Rain garden,Nature-based detention pond,Large park,1,2,3,I don’t know,"Yes, it is important",Prefer not to answer,State of Texas,,Slight trust,Attracting unwanted pests,,Moderately satisfied,"Improved use of technology (e.g., apps, websites) for flood risk information",,"Providing resources for community action (e.g., participation opportunities, educational programs, technical training)",,There are no meetings available related to this topic,Somewhat involved,My local neighborhood association or homeowners association (HOA),,Facebook Posts,,Yes,6-10 years,Moderate (50k-<150k),I rent my home.,Houston,,
R_13fVr807jdrIDWY,EN,"Improved air quality,Recreation (e.g., fishing, bird watching, walking),Stress reduction",,"Long-standing water bodies,Wildlife commonly found near water (e.g., frogs, salamander, herons, egrets),Consistently-saturated soil",(1) Lake Houston Flatwood Wetlands,"No, I do not think they impact flooding in my community",Drought,Rarely – (once a year or less),Rarely – (once a year or less),"Heavy rainfall or storms,Blocked or clogged drainage systems,Increased development or urbanization",,$0 - I haven't spent any money on flood-related repairs,"Not applicable (e.g., no experiences with flooding)",I have not experienced any of these events,,I have not taken any measures to address or reduce flooding,,I have not seen any of the GSI examples in my community.,Rainwater harvesting,Urban forestry,Wetland conservation,3,2,1,"Yes, it is important","Yes, it is important","Yes, it is important",Harris County Flood Control District (HCFCD),,Moderate trust,There are no concerns,,Moderately satisfied,"More detailed information about flood preparedness,Increased opportunities for community feedback,More targeted outreach to vulnerable populations (e.g., environmental justice communities)",,"Better information sharing (e.g., more frequent announcements, different forms of communication),Establishing community advisory boards,Compensation for time (e.g., money, gift cards)",,I rarely participate in meetings,Moderately involved,I am not part of any organizations focused on drainage and flooding issues.,,Instagram Posts,,No,Over 20 years,Low (<50k),I own my home.,Houston,,
R_7wHwJyTfTpeZ3I8,EN,"Neighborhood beautification,Improved air quality,Increased property value",,"Long-standing water bodies,A drainage ditch nearby,Wildlife commonly found near water (e.g., frogs, salamander, herons, egrets)",(2) Greater Lake Creek,"Yes, I think they impact flooding in my community",Drought,Always – (every time it rains),Often – (At least once a month),"Heavy rainfall or storms,Blocked or clogged drainage systems,Aging infrastructure (e.g., not in compliance–out of date)",,"$5,000 - $10,000","Above the knee (e.g., over 12 inches)","Property damage (e.g., vehicle damage, home repairs),Loss of work or income,Displacement from home (e.g., temporary relocation),Prevented or delayed access to essential services (e.g., health care, groceries, travel, work)",,"Installed flood barriers or sandbags around my property,Requested assistance from local government (e.g., city, county) to improve drainage,Engaged with local authorities around flooding issues",,"Pocket prairie,Pocket wetland,Rainwater harvesting,Wetland conservation","Permeable pavement,Rain garden","Nature-based detention pond,Pocket prairie","Wetland conservation,Wetland restoration (inland or coastal)",2,1,3,"Yes, it is important","Yes, it is important","Yes, it is important",Harris County Flood Control District (HCFCD),,Moderate trust,"Equity in implementation–areas that need it most may not get first priority,Displacement due to environmental projects (e.g., gentrification or green gentrification),High installment costs,Increased taxes,Lack of educational resources for the community,Space requirements–not enough space",,Very satisfied,"More detailed information about flood preparedness,Better access to emergency resources and assistance,Increased opportunities for community feedback,Enhanced coordination with other local organizations/agencies,More targeted outreach to vulnerable populations (e.g., environmental justice communities),Improved translation and accessibility information for non-English speakers",,"Better information sharing (e.g., more frequent announcements, different forms of communication),Establishing community advisory boards,Providing resources for community action (e.g., participation opportunities, educational programs, technical training),Compensation for time (e.g., money, gift cards),Host more regular and diverse community meetings representative of the community,Providing multilingual interpretation services",,I participate in all meetings,Very involved,"West Street Recovery (WSR),Coalition for Environment, Equity and Resilience (CEER)",,Instagram Posts,,Yes,6-10 years,Moderate (50k-<150k),I own my home.,Houston,,
R_1wvFBb87RILWJ9L,EN,Improved air quality,,"Wildlife commonly found near water (e.g., frogs, salamander, herons, egrets)",(5) Anahuac Coastal Marsh and Prairies,"No, I do not think they impact flooding in my community",Drought,Always – (every time it rains),Rarely – (once a year or less),Increased development or urbanization,,"$10,000 - $20,000","Above the knee (e.g., over 12 inches)","Property damage (e.g., vehicle damage, home repairs),Loss of work or income,Mental health impact (e.g., anxiety, trauma, stress),Displacement from home (e.g., temporary relocation),Interruption of utility services (e.g., power outages, water supply),Increased cost for repairs or flood proofing (e.g., more expensive flood insurance premiums)",,Raised the foundation of my house,,Wetland restoration (coastal or inland),Rainwater harvesting,Nature-based detention pond,"Wetland conservation,Wetland restoration (inland or coastal)",1,2,3,"Yes, it is important","No, it is not important","Yes, it is important",Local city planning departments,,Slight trust,"Equity in implementation–areas that need it most may not get first priority,Displacement due to environmental projects (e.g., gentrification or green gentrification),Lack of educational resources for the community,Not fitting into community look/aesthetic,Space requirements–not enough space",,Slightly satisfied,"Improved use of technology (e.g., apps, websites) for flood risk information",,"Providing resources for community action (e.g., participation opportunities, educational programs, technical training),Compensation for time (e.g., money, gift cards)",,I occasionally participate in meetings,Not at all involved,My local neighborhood association or homeowners association (HOA),,Newspaper articles/Flyers,,No,11-20 years,Low (<50k),I own my home.,Houston,,
R_1DvzlfkNbYBkcxd,EN,"Neighborhood beautification,Stress reduction",,A drainage ditch nearby,(1) Lake Houston Flatwood Wetlands,"Yes, I think they impact flooding in my community",Drought,Often – (At least once a month),Sometimes – (once every 2-6 months),"Blocked or clogged drainage systems,Increased development or urbanization",,$0 - I haven't spent any money on flood-related repairs,"Between ankle and knee level (e.g., above 3 inches, up to 12 inches)",Loss of work or income,,Only my landlord can take action to address or reduce flooding at my residence,,Nature-based detention pond,Rainwater harvesting,Nature-based detention pond,Large park,1,2,3,"Yes, it is important","Yes, it is important","Yes, it is important","City of Houston, and other Municipalities (Municipal Utility District MUDs)",,Moderate trust,Equity in implementation–areas that need it most may not get first priority,,Not at all satisfied,More frequent updates on local flood risks,,"Better information sharing (e.g., more frequent announcements, different forms of communication)",,There are no meetings available related to this topic,Moderately involved,I am not part of any organizations focused on drainage and flooding issues.,,Community bulletin posts,,Yes,Less than a year,Low (<50k),I rent my home.,Houston,,
R_10tTsSYTD8qMBBs,EN,"Improved air quality,Improved soil quality,Recreation (e.g., fishing, bird watching, walking)",,"Aquatic (water) plants (e.g., cattail, dwarf palmettos, bald cypress tree),Wildlife commonly found near water (e.g., frogs, salamander, herons, egrets),Consistently-saturated soil",(1) Lake Houston Flatwood Wetlands,"No, I do not think they impact flooding in my community",Drought,Sometimes – (once every 2-6 months),Never,"Heavy rainfall or storms,Blocked or clogged drainage systems,Nearby river, creek, or bayou overflowing",,$0 - I haven't spent any money on flood-related repairs,"Less than or at ankle level (e.g., under 3 inches)",I have not experienced any of these events,,"Not applicable (e.g., flooding has not affected my residence)",,"Nature-based detention pond,Large park,Pocket wetland,Wetland conservation",I prefer not to implement small-scale GSI in my community,I prefer not to implement mid-scale GSI in my community,"Large park,Wetland conservation,Wetland restoration (inland or coastal)",3,2,1,"Yes, it is important","Yes, it is important","Yes, it is important",Harris County Flood Control District (HCFCD),,Extreme trust,High installment costs,,Very satisfied,"Improved use of technology (e.g., apps, websites) for flood risk information",,"Better information sharing (e.g., more frequent announcements, different forms of communication)",,"I never participate in meetings, although they are available",Not at all involved,I am not part of any organizations focused on drainage and flooding issues.,,Other:,Local news websites ,Yes,1-5 years,Low (<50k),I do not rent or own my home.,Houston,,
R_1RapduFIbZpSd9w,EN,Improved air quality,,I do not know,I am not sure which critical wetland is located upstream of me.,I do not know,Drought,Rarely – (once a year or less),Rarely – (once a year or less),"Not applicable (e.g., my neighborhood does not flood)",,$0 - I haven't spent any money on flood-related repairs,"Not applicable (e.g., no experiences with flooding)",I have not experienced any of these events,,I have not taken any measures to address or reduce flooding,,I have not seen any of the GSI examples in my community.,I prefer not to implement small-scale GSI in my community,I prefer not to implement mid-scale GSI in my community,I prefer not to implement large-scale GSI in my community,2,1,3,"Yes, it is important","Yes, it is important","Yes, it is important",Houston Galveston Area Council (HGAC),,Extreme trust,There are no concerns,,Extremely satisfied,"Improved use of technology (e.g., apps, websites) for flood risk information",,"Better information sharing (e.g., more frequent announcements, different forms of communication)",,"I never participate in meetings, although they are available",Extremely involved,I am not part of any organizations focused on drainage and flooding issues.,,Facebook Posts,,Yes,Over 20 years,Low (<50k),I rent my home.,Baytown,,
R_1cuRr2mImleM5QX,EN,"Neighborhood beautification,Recreation (e.g., fishing, bird watching, walking),Stress reduction",,"Long-standing water bodies,Aquatic (water) plants (e.g., cattail, dwarf palmettos, bald cypress tree),Wildlife commonly found near water (e.g., frogs, salamander, herons, egrets),Consistently-saturated soil",I am not sure which critical wetland is located upstream of me.,"Yes, I think they impact flooding in my community",Drought,Never,Never,"Blocked or clogged drainage systems,Drains culverts or pipes that are too small (e.g., inadequate stormwater infrastructure size),Nearby river, creek, or bayou overflowing",,$0 - I haven't spent any money on flood-related repairs,"Not applicable (e.g., no experiences with flooding)",I have not experienced any of these events,,"Not applicable (e.g., flooding has not affected my residence)",,"Large park,Permeable pavement","Permeable pavement,Rainwater harvesting",Nature-based detention pond,Large park,1,2,3,"Yes, it is important","Yes, it is important","Yes, it is important",United States Environmental Protection Agency (US EPA),,Moderate trust,"Attracting unwanted pests,Increased taxes,Maintenance issues",,Very satisfied,"More frequent updates on local flood risks,Increased opportunities for community feedback,Improved translation and accessibility information for non-English speakers",,"Better information sharing (e.g., more frequent announcements, different forms of communication),Host more regular and diverse community meetings representative of the community",,I occasionally participate in meetings,Somewhat involved,I am not part of any organizations focused on drainage and flooding issues.,,Phone Calls,,No,1-5 years,Moderate (50k-<150k),I rent my home.,Houston,,
R_3hnWq3SYuQRTaA2,EN,"Improved air quality,Increased property value,Recreation (e.g., fishing, bird watching, walking)",,Long-standing water bodies,(1) Lake Houston Flatwood Wetlands,"Yes, I think they impact flooding in my community",Drought,Never,Never,"Not applicable (e.g., my neighborhood does not flood)",,$0 - I haven't spent any money on flood-related repairs,"Not applicable (e.g., no experiences with flooding)",I have not experienced any of these events,,I have not taken any measures to address or reduce flooding,,I have not seen any of the GSI examples in my community.,I prefer not to implement small-scale GSI in my community,I prefer not to implement mid-scale GSI in my community,"Large park,Wetland conservation,Wetland restoration (inland or coastal)",1,2,3,"Yes, it is important","Yes, it is important","Yes, it is important",Harris County Flood Control District (HCFCD),,Moderate trust,"Equity in implementation–areas that need it most may not get first priority,Displacement due to environmental projects (e.g., gentrification or green gentrification),Increased taxes",,Slightly satisfied,"More frequent updates on local flood risks,More detailed information about flood preparedness,Better access to emergency resources and assistance,Increased opportunities for community feedback,Enhanced coordination with other local organizations/agencies,More targeted outreach to vulnerable populations (e.g., environmental justice communities),Improved use of technology (e.g., apps, websites) for flood risk information,Improved translation and accessibility information for non-English speakers",,"Better information sharing (e.g., more frequent announcements, different forms of communication),Establishing community advisory boards,Involving local schools and community groups,Providing resources for community action (e.g., participation opportunities, educational programs, technical training),Compensation for time (e.g., money, gift cards),Host more regular and diverse community meetings representative of the community,Providing multilingual interpretation services,Providing child care",,I rarely participate in meetings,Not at all involved,I am not part of any organizations focused on drainage and flooding issues.,,Newspaper articles/Flyers,,No,Over 20 years,Moderate (50k-<150k),I own my home.,Houston,,
R_19aXTph6ScH7vrk,EN,"Neighborhood beautification,Improved air quality,Improved stormwater quality",,Consistently-saturated soil,I am not sure which critical wetland is located upstream of me.,"No, I do not think they impact flooding in my community",Drought,Sometimes – (once every 2-6 months),Sometimes – (once every 2-6 months),"Heavy rainfall or storms,Blocked or clogged drainage systems,Drains culverts or pipes that are too small (e.g., inadequate stormwater infrastructure size)",,$0 - I haven't spent any money on flood-related repairs,"Less than or at ankle level (e.g., under 3 inches)","Prevented or delayed access to essential services (e.g., health care, groceries, travel, work)",,Engaged with local authorities around flooding issues,,I have not seen any of the GSI examples in my community.,I prefer not to implement small-scale GSI in my community,I prefer not to implement mid-scale GSI in my community,I prefer not to implement large-scale GSI in my community,3,2,1,"Yes, it is important","Yes, it is important","Yes, it is important","City of Houston, and other Municipalities (Municipal Utility District MUDs)",,Extreme trust,"Attracting unwanted pests,Increased taxes",,Extremely satisfied,"More frequent updates on local flood risks,More detailed information about flood preparedness,Better access to emergency resources and assistance",,"Providing resources for community action (e.g., participation opportunities, educational programs, technical training),Host more regular and diverse community meetings representative of the community,Providing multilingual interpretation services",,There are no meetings available related to this topic,Not at all involved,I am not part of any organizations focused on drainage and flooding issues.,,Community bulletin posts,,No,11-20 years,Low (<50k),I rent my home.,Houston,,
R_1NERtg6D6wXZMVY,EN,"Improved air quality,Improved soil quality,Increased property value",,"Long-standing water bodies,A drainage ditch nearby,A creek nearby",(1) Lake Houston Flatwood Wetlands,"No, I do not think they impact flooding in my community",Drought,Sometimes – (once every 2-6 months),Sometimes – (once every 2-6 months),"Heavy rainfall or storms,Blocked or clogged drainage systems",,"$1,000 - $5,000","Between ankle and knee level (e.g., above 3 inches, up to 12 inches)","Interruption of utility services (e.g., power outages, water supply),Increased cost for repairs or flood proofing (e.g., more expensive flood insurance premiums)",,"Engaged with local authorities around flooding issues,Only my landlord can take action to address or reduce flooding at my residence",,"Large park,Permeable pavement,Pocket prairie","Permeable pavement,Rain garden",Pocket wetland,Wetland conservation,2,1,3,"Yes, it is important","No, it is not important","No, it is not important",Houston Galveston Area Council (HGAC),,Moderate trust,"Displacement due to environmental projects (e.g., gentrification or green gentrification),High installment costs,Increased taxes",,Very satisfied,"Better access to emergency resources and assistance,Increased opportunities for community feedback,Enhanced coordination with other local organizations/agencies",,"Better information sharing (e.g., more frequent announcements, different forms of communication),Providing resources for community action (e.g., participation opportunities, educational programs, technical training),Compensation for time (e.g., money, gift cards)",,I occasionally participate in meetings,Moderately involved,"West Street Recovery (WSR),Northeast Action Collective (NAC)",,Facebook Posts,,No,11-20 years,Moderate (50k-<150k),I own my home.,Houston,,
R_3LTmCFYKCV1QoBX,EN,"Neighborhood beautification,Improved stormwater quality,Stress reduction",,"Long-standing water bodies,A drainage ditch nearby",(1) Lake Houston Flatwood Wetlands,"Yes, I think they impact flooding in my community",Drought,Rarely – (once a year or less),Rarely – (once a year or less),"Heavy rainfall or storms,Drains culverts or pipes that are too small (e.g., inadequate stormwater infrastructure size),Nearby river, creek, or bayou overflowing",,"$1,000 - $5,000","Less than or at ankle level (e.g., under 3 inches)","Mental health impact (e.g., anxiety, trauma, stress),Interruption of utility services (e.g., power outages, water supply)",,I have not taken any measures to address or reduce flooding,,"Nature-based detention pond,Large park,Pocket prairie","Rain garden,Rainwater harvesting","Pocket prairie,Urban forestry","Large park,Wetland conservation",1,2,3,"Yes, it is important","Yes, it is important","Yes, it is important","City of Houston, and other Municipalities (Municipal Utility District MUDs)",,Moderate trust,"Displacement due to environmental projects (e.g., gentrification or green gentrification),High installment costs,Increased taxes",,Slightly satisfied,"More frequent updates on local flood risks,More detailed information about flood preparedness,Better access to emergency resources and assistance,More targeted outreach to vulnerable populations (e.g., environmental justice communities),Improved use of technology (e.g., apps, websites) for flood risk information,Improved translation and accessibility information for non-English speakers",,"Better information sharing (e.g., more frequent announcements, different forms of communication),Providing resources for community action (e.g., participation opportunities, educational programs, technical training),Compensation for time (e.g., money, gift cards),Providing multilingual interpretation services",,I rarely participate in meetings,Moderately involved,My local neighborhood association or homeowners association (HOA),,Phone Calls,,Yes,6-10 years,Moderate (50k-<150k),I own my home.,Houston,,
R_5mCEVPy7EoOpOVz,EN,"Neighborhood beautification,Recreation (e.g., fishing, bird watching, walking),Stress reduction",,"Long-standing water bodies,A drainage ditch nearby,Consistently-saturated soil",(1) Lake Houston Flatwood Wetlands,"Yes, I think they impact flooding in my community",Drought,Always – (every time it rains),Always – (every time it rains),"Heavy rainfall or storms,Blocked or clogged drainage systems,Drains culverts or pipes that are too small (e.g., inadequate stormwater infrastructure size)",,"$1,000 - $5,000","Less than or at ankle level (e.g., under 3 inches)","Property damage (e.g., vehicle damage, home repairs),Prevented or delayed access to essential services (e.g., health care, groceries, travel, work),Increased cost for repairs or flood proofing (e.g., more expensive flood insurance premiums)",,I have not taken any measures to address or reduce flooding,,I have not seen any of the GSI examples in my community.,"Bioswale,Permeable pavement,Rain garden,Rainwater harvesting","Nature-based detention pond,Pocket prairie,Pocket wetland,Urban forestry","Large park,Wetland conservation,Wetland restoration (inland or coastal)",2,3,1,"Yes, it is important",I don’t know,"Yes, it is important","City of Houston, and other Municipalities (Municipal Utility District MUDs)",,Slight trust,"Attracting unwanted pests,Not fitting into community look/aesthetic",,Slightly satisfied,"More detailed information about flood preparedness,More targeted outreach to vulnerable populations (e.g., environmental justice communities),Improved use of technology (e.g., apps, websites) for flood risk information",,"Better information sharing (e.g., more frequent announcements, different forms of communication),Involving local schools and community groups,Providing resources for community action (e.g., participation opportunities, educational programs, technical training),Compensation for time (e.g., money, gift cards)",,I rarely participate in meetings,Not at all involved,I am not part of any organizations focused on drainage and flooding issues.,,Word of mouth,,No,Less than a year,Moderate (50k-<150k),I own my home.,Houston,,
R_6LdpnpBhMSClMco,EN,"Improved soil quality,Increased property value,Recreation (e.g., fishing, bird watching, walking)",,"Long-standing water bodies,Aquatic (water) plants (e.g., cattail, dwarf palmettos, bald cypress tree)",(1) Lake Houston Flatwood Wetlands,"No, I do not think they impact flooding in my community",Drought,Rarely – (once a year or less),Rarely – (once a year or less),"Heavy rainfall or storms,Aging infrastructure (e.g., not in compliance–out of date),Nearby river, creek, or bayou overflowing",,$0 - I haven't spent any money on flood-related repairs,"Not applicable (e.g., no experiences with flooding)","Interruption of utility services (e.g., power outages, water supply)",,I have not taken any measures to address or reduce flooding,,"Nature-based detention pond,Rain garden",I prefer not to implement small-scale GSI in my community,I prefer not to implement mid-scale GSI in my community,I prefer not to implement large-scale GSI in my community,1,2,3,"Yes, it is important","Yes, it is important","Yes, it is important",Local city planning departments,,Moderate trust,Increased taxes,,Not at all satisfied,Enhanced coordination with other local organizations/agencies,,"Providing resources for community action (e.g., participation opportunities, educational programs, technical training)",,There are no meetings available related to this topic,Not at all involved,I am not part of any organizations focused on drainage and flooding issues.,,Newspaper articles/Flyers,,No,Over 20 years,Low (<50k),I own my home.,Houston,,
R_7y2efk5ISqsP58C,EN,"Neighborhood beautification,Improved stormwater quality,Increased property value",,"Long-standing water bodies,A drainage ditch nearby,Wildlife commonly found near water (e.g., frogs, salamander, herons, egrets)",(1) Lake Houston Flatwood Wetlands,"Yes, I think they impact flooding in my community",Drought,Often – (At least once a month),Sometimes – (once every 2-6 months),"Heavy rainfall or storms,Aging infrastructure (e.g., not in compliance–out of date),Nearby river, creek, or bayou overflowing",,"$10,000 - $20,000","Between ankle and knee level (e.g., above 3 inches, up to 12 inches)","Property damage (e.g., vehicle damage, home repairs),Interruption of utility services (e.g., power outages, water supply),Increased cost for repairs or flood proofing (e.g., more expensive flood insurance premiums)",,I have not taken any measures to address or reduce flooding,,"Nature-based detention pond,Large park,Pocket prairie","Bioswale,Rain garden","Nature-based detention pond,Pocket prairie,Pocket wetland","Large park,Wetland conservation",1,2,3,"Yes, it is important","Yes, it is important","Yes, it is important",Harris County Flood Control District (HCFCD),,Moderate trust,There are no concerns,,Moderately satisfied,"More frequent updates on local flood risks,More detailed information about flood preparedness,Better access to emergency resources and assistance,Increased opportunities for community feedback,Enhanced coordination with other local organizations/agencies,More targeted outreach to vulnerable populations (e.g., environmental justice communities),Improved use of technology (e.g., apps, websites) for flood risk information,Improved translation and accessibility information for non-English speakers",,"Better information sharing (e.g., more frequent announcements, different forms of communication),Establishing community advisory boards,Providing resources for community action (e.g., participation opportunities, educational programs, technical training),Compensation for time (e.g., money, gift cards)",,There are no meetings available related to this topic,Not at all involved,I am not part of any organizations focused on drainage and flooding issues.,,Other:,Tiktok,No,Over 20 years,Moderate (50k-<150k),I own my home.,Houston,,
R_3SBl3MiocOwVDYI,EN,"Improved air quality,Improved stormwater quality,Stress reduction",,"Long-standing water bodies,Aquatic (water) plants (e.g., cattail, dwarf palmettos, bald cypress tree),A creek nearby,Wildlife commonly found near water (e.g., frogs, salamander, herons, egrets),Consistently-saturated soil",(2) Greater Lake Creek,"Yes, I think they impact flooding in my community",Drought,Often – (At least once a month),Often – (At least once a month),"Heavy rainfall or storms,Blocked or clogged drainage systems,Drains culverts or pipes that are too small (e.g., inadequate stormwater infrastructure size)",,"$500 - $1,000","Between ankle and knee level (e.g., above 3 inches, up to 12 inches)","Property damage (e.g., vehicle damage, home repairs),Displacement from home (e.g., temporary relocation),Prevented or delayed access to essential services (e.g., health care, groceries, travel, work),Interruption of utility services (e.g., power outages, water supply),Increased cost for repairs or flood proofing (e.g., more expensive flood insurance premiums)",,"Requested assistance from local government (e.g., city, county) to improve drainage,Engaged with local authorities around flooding issues,Only my landlord can take action to address or reduce flooding at my residence",,"Bioswale,Large park,Permeable pavement,Rain garden,Urban forestry,Wetland conservation","Bioswale,Permeable pavement,Rain garden,Rainwater harvesting","Nature-based detention pond,Pocket prairie,Pocket wetland,Urban forestry","Large park,Wetland conservation,Wetland restoration (inland or coastal)",3,1,2,"Yes, it is important","Yes, it is important","Yes, it is important",Harris County Flood Control District (HCFCD),,Above average trust,"Equity in implementation–areas that need it most may not get first priority,High installment costs,Increased taxes,Lack of educational resources for the community,Maintenance issues",,Extremely satisfied,"More frequent updates on local flood risks,More detailed information about flood preparedness,Better access to emergency resources and assistance,Enhanced coordination with other local organizations/agencies,Improved use of technology (e.g., apps, websites) for flood risk information",,"Better information sharing (e.g., more frequent announcements, different forms of communication),Establishing community advisory boards,Involving local schools and community groups,Providing resources for community action (e.g., participation opportunities, educational programs, technical training),Host more regular and diverse community meetings representative of the community,Providing multilingual interpretation services",,I occasionally participate in meetings,Very involved,"Bayou City Waterkeeper (BCWK),West Street Recovery (WSR),Coalition for Environment, Equity and Resilience (CEER),Northeast Action Collective (NAC),My local neighborhood association or homeowners association (HOA)",,Instagram Posts,,No,6-10 years,High (≥150k),I own my home.,Houston,,
R_3tmsc4T3LKBNJaF,EN,"Improved soil quality,Increased property value,Recreation (e.g., fishing, bird watching, walking)",,"A drainage ditch nearby,Wildlife commonly found near water (e.g., frogs, salamander, herons, egrets),Consistently-saturated soil",(3) Greater Katy Prairie-Pothole Pimple-Mound Complexes,"Yes, I think they impact flooding in my community",Drought,Often – (At least once a month),Often – (At least once a month),"Heavy rainfall or storms,Blocked or clogged drainage systems,Increased development or urbanization",,"$1,000 - $5,000","Between ankle and knee level (e.g., above 3 inches, up to 12 inches)","Property damage (e.g., vehicle damage, home repairs),Mental health impact (e.g., anxiety, trauma, stress),Displacement from home (e.g., temporary relocation),Increased cost for repairs or flood proofing (e.g., more expensive flood insurance premiums)",,"Installed flood barriers or sandbags around my property,Requested assistance from local government (e.g., city, county) to improve drainage,Engaged with local authorities around flooding issues",,"Pocket wetland,Rainwater harvesting",Rainwater harvesting,Urban forestry,"Large park,Wetland conservation,Wetland restoration (inland or coastal)",1,2,3,"Yes, it is important","Yes, it is important","Yes, it is important",Harris County Flood Control District (HCFCD),,Above average trust,"High installment costs,Increased taxes,Maintenance issues,Space requirements–not enough space",,Moderately satisfied,"Increased opportunities for community feedback,More targeted outreach to vulnerable populations (e.g., environmental justice communities),Improved use of technology (e.g., apps, websites) for flood risk information",,"Better information sharing (e.g., more frequent announcements, different forms of communication),Providing resources for community action (e.g., participation opportunities, educational programs, technical training),Host more regular and diverse community meetings representative of the community",,I occasionally participate in meetings,Moderately involved,"Bayou City Waterkeeper (BCWK),My local neighborhood association or homeowners association (HOA)",,Facebook Posts,,No,11-20 years,Moderate (50k-<150k),I own my home.,Houston,,
R_5fpIPe9Xc6rWdtb,EN,"Increased property value,Recreation (e.g., fishing, bird watching, walking),Stress reduction",,"Aquatic (water) plants (e.g., cattail, dwarf palmettos, bald cypress tree),Wildlife commonly found near water (e.g., frogs, salamander, herons, egrets)",(3) Greater Katy Prairie-Pothole Pimple-Mound Complexes,I do not know,Drought,Often – (At least once a month),Sometimes – (once every 2-6 months),"Blocked or clogged drainage systems,Drains culverts or pipes that are too small (e.g., inadequate stormwater infrastructure size),Increased development or urbanization",,$0 - I haven't spent any money on flood-related repairs,"Above the knee (e.g., over 12 inches)","Loss of work or income,Prevented or delayed access to essential services (e.g., health care, groceries, travel, work),Increased cost for repairs or flood proofing (e.g., more expensive flood insurance premiums)",,"Raised the foundation of my house,Engaged with local authorities around flooding issues",,"Large park,Pocket wetland,Wetland conservation","Permeable pavement,Rainwater harvesting","Nature-based detention pond,Urban forestry",Wetland restoration (inland or coastal),2,1,3,I don’t know,"No, it is not important","Yes, it is important",Local city planning departments,,Above average trust,"Equity in implementation–areas that need it most may not get first priority,Increased taxes",,Very satisfied,"Better access to emergency resources and assistance,More targeted outreach to vulnerable populations (e.g., environmental justice communities)",,"Better information sharing (e.g., more frequent announcements, different forms of communication),Providing resources for community action (e.g., participation opportunities, educational programs, technical training),Providing multilingual interpretation services",,"I never participate in meetings, although they are available",Somewhat involved,I am not part of any organizations focused on drainage and flooding issues.,,Instagram Posts,,No,1-5 years,Low (<50k),I rent my home.,Houston,,
R_7UXwSMWJZCUHqmX,EN,"Improved air quality,Improved stormwater quality,Stress reduction",,"Long-standing water bodies,Aquatic (water) plants (e.g., cattail, dwarf palmettos, bald cypress tree),Wildlife commonly found near water (e.g., frogs, salamander, herons, egrets)",(1) Lake Houston Flatwood Wetlands,"Yes, I think they impact flooding in my community",Drought,Never,Often – (At least once a month),Heavy rainfall or storms,,$0 - I haven't spent any money on flood-related repairs,"Less than or at ankle level (e.g., under 3 inches)",I have not experienced any of these events,,I have not taken any measures to address or reduce flooding,,I have not seen any of the GSI examples in my community.,"Rain garden,Rainwater harvesting","Nature-based detention pond,Pocket prairie,Urban forestry","Large park,Wetland conservation,Wetland restoration (inland or coastal)",2,3,1,"Yes, it is important","Yes, it is important","Yes, it is important",I do not know,,No trust,Equity in implementation–areas that need it most may not get first priority,,Not at all satisfied,"More targeted outreach to vulnerable populations (e.g., environmental justice communities)",,"Providing resources for community action (e.g., participation opportunities, educational programs, technical training),Compensation for time (e.g., money, gift cards)",,There are no meetings available related to this topic,Not at all involved,I am not part of any organizations focused on drainage and flooding issues.,,Facebook Posts,,No,1-5 years,Low (<50k),I do not rent or own my home.,Houston,,
R_7d0ngQKANThbhaS,EN,"Improved air quality,Improved soil quality,Stress reduction",,"Aquatic (water) plants (e.g., cattail, dwarf palmettos, bald cypress tree),Wildlife commonly found near water (e.g., frogs, salamander, herons, egrets),Consistently-saturated soil",(1) Lake Houston Flatwood Wetlands,"Yes, I think they impact flooding in my community",Drought,Rarely – (once a year or less),Rarely – (once a year or less),"Blocked or clogged drainage systems,Drains culverts or pipes that are too small (e.g., inadequate stormwater infrastructure size),Increased development or urbanization",,$0 - I haven't spent any money on flood-related repairs,"Between ankle and knee level (e.g., above 3 inches, up to 12 inches)","Property damage (e.g., vehicle damage, home repairs),Loss of work or income,Prevented or delayed access to essential services (e.g., health care, groceries, travel, work),Interruption of utility services (e.g., power outages, water supply)",,"Raised the foundation of my house,Requested assistance from local government (e.g., city, county) to improve drainage",,"Nature-based detention pond,Rainwater harvesting,Urban forestry,Wetland restoration (coastal or inland)","Rain garden,Rainwater harvesting","Nature-based detention pond,Pocket wetland","Large park,Wetland conservation",1,2,3,"Yes, it is important","Yes, it is important","Yes, it is important","City of Houston, and other Municipalities (Municipal Utility District MUDs)",,Moderate trust,"High installment costs,Not fitting into community look/aesthetic,Space requirements–not enough space",,Moderately satisfied,"Better access to emergency resources and assistance,More targeted outreach to vulnerable populations (e.g., environmental justice communities),Improved use of technology (e.g., apps, websites) for flood risk information",,"Better information sharing (e.g., more frequent announcements, different forms of communication),Involving local schools and community groups,Host more regular and diverse community meetings representative of the community,Providing multilingual interpretation services",,"I never participate in meetings, although they are available",Not at all involved,"Coalition for Environment, Equity and Resilience (CEER),My local neighborhood association or homeowners association (HOA)",,Newspaper articles/Flyers,,No,11-20 years,High (≥150k),I own my home.,Houston,,
R_1zIvCGlTV0rwiFT,EN,Improved air quality,,"Long-standing water bodies,Aquatic (water) plants (e.g., cattail, dwarf palmettos, bald cypress tree)",(5) Anahuac Coastal Marsh and Prairies,"Yes, I think they impact flooding in my community",Drought,Sometimes – (once every 2-6 months),Often – (At least once a month),"Heavy rainfall or storms,Blocked or clogged drainage systems",,"$1,000 - $5,000","Above the knee (e.g., over 12 inches)","Mental health impact (e.g., anxiety, trauma, stress),Displacement from home (e.g., temporary relocation)",,"Installed flood barriers or sandbags around my property,Requested assistance from local government (e.g., city, county) to improve drainage",,Nature-based detention pond,Permeable pavement,Pocket prairie,Wetland conservation,1,2,3,"Yes, it is important","No, it is not important","Yes, it is important",Houston Galveston Area Council (HGAC),,No trust,"Displacement due to environmental projects (e.g., gentrification or green gentrification),Increased taxes",,Very satisfied,"Better access to emergency resources and assistance,Enhanced coordination with other local organizations/agencies",,"Establishing community advisory boards,Providing resources for community action (e.g., participation opportunities, educational programs, technical training)",,I occasionally participate in meetings,Moderately involved,"Coalition for Environment, Equity and Resilience (CEER)",,Facebook Posts,,No,Over 20 years,Moderate (50k-<150k),I own my home.,Baytown,,
R_3QYQCMHA8Amc7Vw,EN,"Neighborhood beautification,Improved soil quality,Recreation (e.g., fishing, bird watching, walking)",,"Aquatic (water) plants (e.g., cattail, dwarf palmettos, bald cypress tree),A creek nearby,Wildlife commonly found near water (e.g., frogs, salamander, herons, egrets)",(1) Lake Houston Flatwood Wetlands,Prefer not to answer,Drought,Rarely – (once a year or less),Rarely – (once a year or less),"Blocked or clogged drainage systems,Aging infrastructure (e.g., not in compliance–out of date),Increased development or urbanization",,$0 - I haven't spent any money on flood-related repairs,"Not applicable (e.g., no experiences with flooding)",I have not experienced any of these events,,"Requested assistance from local government (e.g., city, county) to improve drainage",,"Nature-based detention pond,Large park,Rainwater harvesting",Rainwater harvesting,Nature-based detention pond,Large park,3,2,1,"Yes, it is important","Yes, it is important","Yes, it is important",Harris County Flood Control District (HCFCD),,Slight trust,Equity in implementation–areas that need it most may not get first priority,,Moderately satisfied,"More frequent updates on local flood risks,More detailed information about flood preparedness",,"Better information sharing (e.g., more frequent announcements, different forms of communication),Involving local schools and community groups,Providing resources for community action (e.g., participation opportunities, educational programs, technical training),Compensation for time (e.g., money, gift cards)",,I occasionally participate in meetings,Somewhat involved,Bayou City Waterkeeper (BCWK),,Facebook Posts,,Yes,Over 20 years,Low (<50k),I own my home.,Houston,,
R_57ys5trzJhB5U4Q,EN,"Neighborhood beautification,Improved air quality,Improved stormwater quality",,A drainage ditch nearby,(3) Greater Katy Prairie-Pothole Pimple-Mound Complexes,"No, I do not think they impact flooding in my community",Drought,Sometimes – (once every 2-6 months),Rarely – (once a year or less),"Heavy rainfall or storms,Drains culverts or pipes that are too small (e.g., inadequate stormwater infrastructure size)",,"$1,000 - $5,000","Less than or at ankle level (e.g., under 3 inches)","Loss of work or income,Interruption of utility services (e.g., power outages, water supply),Increased cost for repairs or flood proofing (e.g., more expensive flood insurance premiums)",,Raised the foundation of my house,,Pocket wetland,I prefer not to implement small-scale GSI in my community,Pocket wetland,Wetland restoration (inland or coastal),1,3,2,"Yes, it is important","Yes, it is important","Yes, it is important",Harris County Flood Control District (HCFCD),,Moderate trust,"Attracting unwanted pests,High installment costs,Increased taxes",,Moderately satisfied,"More frequent updates on local flood risks,More detailed information about flood preparedness,Better access to emergency resources and assistance,Increased opportunities for community feedback,Enhanced coordination with other local organizations/agencies,More targeted outreach to vulnerable populations (e.g., environmental justice communities),Improved use of technology (e.g., apps, websites) for flood risk information,Improved translation and accessibility information for non-English speakers",,"Better information sharing (e.g., more frequent announcements, different forms of communication),Establishing community advisory boards,Involving local schools and community groups,Providing resources for community action (e.g., participation opportunities, educational programs, technical training),Compensation for time (e.g., money, gift cards),Host more regular and diverse community meetings representative of the community,Providing multilingual interpretation services,Providing child care",,I occasionally participate in meetings,Moderately involved,Bayou City Waterkeeper (BCWK),,Community bulletin posts,,No,1-5 years,Moderate (50k-<150k),I own my home.,Houston,,
R_5RMsTJgy4IiLaWR,EN,"Neighborhood beautification,Recreation (e.g., fishing, bird watching, walking),Stress reduction",,"Aquatic (water) plants (e.g., cattail, dwarf palmettos, bald cypress tree),A creek nearby,Wildlife commonly found near water (e.g., frogs, salamander, herons, egrets)",(4) Trans-Brazos Region,"Yes, I think they impact flooding in my community",Drought,Sometimes – (once every 2-6 months),Sometimes – (once every 2-6 months),"Drains culverts or pipes that are too small (e.g., inadequate stormwater infrastructure size)",,"$1,000 - $5,000","Between ankle and knee level (e.g., above 3 inches, up to 12 inches)",Loss of work or income,,"Requested assistance from local government (e.g., city, county) to improve drainage",,Rain garden,Rain garden,Pocket prairie,Wetland conservation,1,2,3,"Yes, it is important","Yes, it is important","Yes, it is important",Texas Commission on Environmental Quality (TCEQ),,Slight trust,"High installment costs,Increased taxes",,Slightly satisfied,Better access to emergency resources and assistance,,Establishing community advisory boards,,I rarely participate in meetings,Somewhat involved,"Coalition for Environment, Equity and Resilience (CEER)",,Newspaper articles/Flyers,,Yes,1-5 years,Low (<50k),I own my home.,Houston,,
R_5z1rw2PBXaHVWA9,EN,"Neighborhood beautification,Improved stormwater quality,Improved soil quality",,"Aquatic (water) plants (e.g., cattail, dwarf palmettos, bald cypress tree),A creek nearby,Wildlife commonly found near water (e.g., frogs, salamander, herons, egrets)",(3) Greater Katy Prairie-Pothole Pimple-Mound Complexes,"Yes, I think they impact flooding in my community",Drought,Sometimes – (once every 2-6 months),Often – (At least once a month),"Heavy rainfall or storms,Drains culverts or pipes that are too small (e.g., inadequate stormwater infrastructure size),Increased development or urbanization",,"$1,000 - $5,000","Between ankle and knee level (e.g., above 3 inches, up to 12 inches)","Property damage (e.g., vehicle damage, home repairs),Loss of work or income,Displacement from home (e.g., temporary relocation)",,"Installed flood barriers or sandbags around my property,Requested assistance from local government (e.g., city, county) to improve drainage",,"Large park,Permeable pavement,Pocket wetland,Rain garden,Wetland conservation","Bioswale,Permeable pavement,Rainwater harvesting","Pocket prairie,Pocket wetland","Wetland conservation,Wetland restoration (inland or coastal)",3,2,1,"Yes, it is important","No, it is not important","Yes, it is important",Harris County Flood Control District (HCFCD),,Extreme trust,"Attracting unwanted pests,Displacement due to environmental projects (e.g., gentrification or green gentrification),Increased taxes,Not fitting into community look/aesthetic",,Moderately satisfied,"More frequent updates on local flood risks,Better access to emergency resources and assistance,Enhanced coordination with other local organizations/agencies,Improved use of technology (e.g., apps, websites) for flood risk information",,"Better information sharing (e.g., more frequent announcements, different forms of communication),Involving local schools and community groups,Compensation for time (e.g., money, gift cards),Providing multilingual interpretation services",,I participate in most meetings,Very involved,"Bayou City Waterkeeper (BCWK),Coalition for Environment, Equity and Resilience (CEER)",,Instagram Posts,,No,6-10 years,High (≥150k),I own my home.,Houston,,
R_50A6o5Aze1Ulwd3,EN,"Neighborhood beautification,Improved stormwater quality,Recreation (e.g., fishing, bird watching, walking)",,Consistently-saturated soil,(1) Lake Houston Flatwood Wetlands,"Yes, I think they impact flooding in my community",Drought,Sometimes – (once every 2-6 months),Sometimes – (once every 2-6 months),"Blocked or clogged drainage systems,Drains culverts or pipes that are too small (e.g., inadequate stormwater infrastructure size),Aging infrastructure (e.g., not in compliance–out of date)",,$0 - I haven't spent any money on flood-related repairs,"Less than or at ankle level (e.g., under 3 inches)","Prevented or delayed access to essential services (e.g., health care, groceries, travel, work),Interruption of utility services (e.g., power outages, water supply)",,"Installed flood barriers or sandbags around my property,Requested assistance from local government (e.g., city, county) to improve drainage,Engaged with local authorities around flooding issues",,I have not seen any of the GSI examples in my community.,"Permeable pavement,Rainwater harvesting","Nature-based detention pond,Urban forestry","Wetland conservation,Wetland restoration (inland or coastal)",3,2,1,"Yes, it is important","Yes, it is important","Yes, it is important",Harris County Flood Control District (HCFCD),,Extreme trust,"Not fitting into community look/aesthetic,Space requirements–not enough space",,Extremely satisfied,"More targeted outreach to vulnerable populations (e.g., environmental justice communities)",,"Better information sharing (e.g., more frequent announcements, different forms of communication)",,I participate in most meetings,Somewhat involved,My local neighborhood association or homeowners association (HOA),,Facebook Posts,,No,Over 20 years,Moderate (50k-<150k),I rent my home.,Baytown,,
R_5AuXFRSlvj2LVK1,EN,"Improved air quality,Improved stormwater quality,Recreation (e.g., fishing, bird watching, walking)",,"Long-standing water bodies,A drainage ditch nearby",I am not sure which critical wetland is located upstream of me.,"Yes, I think they impact flooding in my community",Drought,Always – (every time it rains),Always – (every time it rains),"Blocked or clogged drainage systems,Drains culverts or pipes that are too small (e.g., inadequate stormwater infrastructure size)",,$0 - I haven't spent any money on flood-related repairs,"Less than or at ankle level (e.g., under 3 inches)",I have not experienced any of these events,,Only my landlord can take action to address or reduce flooding at my residence,,I have not seen any of the GSI examples in my community.,I prefer not to implement small-scale GSI in my community,I prefer not to implement mid-scale GSI in my community,I prefer not to implement large-scale GSI in my community,1,2,3,"Yes, it is important","Yes, it is important","Yes, it is important",Harris County Flood Control District (HCFCD),,Slight trust,"Attracting unwanted pests,Equity in implementation–areas that need it most may not get first priority,Increased taxes",,Moderately satisfied,"More frequent updates on local flood risks,More detailed information about flood preparedness,Better access to emergency resources and assistance,Increased opportunities for community feedback",,"Establishing community advisory boards,Involving local schools and community groups,Providing resources for community action (e.g., participation opportunities, educational programs, technical training)",,I occasionally participate in meetings,Somewhat involved,My local neighborhood association or homeowners association (HOA),,Community bulletin posts,,No,1-5 years,Low (<50k),I rent my home.,Houston,,
R_65NqS0uWIBImjAt,EN,"Improved air quality,Improved stormwater quality,Improved soil quality",,"Aquatic (water) plants (e.g., cattail, dwarf palmettos, bald cypress tree),Consistently-saturated soil",(5) Anahuac Coastal Marsh and Prairies,"Yes, I think they impact flooding in my community",Drought,Sometimes – (once every 2-6 months),Often – (At least once a month),"Heavy rainfall or storms,Blocked or clogged drainage systems,Aging infrastructure (e.g., not in compliance–out of date)",,Less than $500,"Between ankle and knee level (e.g., above 3 inches, up to 12 inches)","Mental health impact (e.g., anxiety, trauma, stress),Prevented or delayed access to essential services (e.g., health care, groceries, travel, work),Increased cost for repairs or flood proofing (e.g., more expensive flood insurance premiums)",,"Raised the foundation of my house,Requested assistance from local government (e.g., city, county) to improve drainage,Engaged with local authorities around flooding issues",,"Nature-based detention pond,Rain garden,Wetland conservation,Wetland restoration (coastal or inland)","Bioswale,Permeable pavement,Rainwater harvesting","Nature-based detention pond,Pocket wetland","Large park,Wetland restoration (inland or coastal)",3,2,1,"Yes, it is important","Yes, it is important","Yes, it is important",Gulf Coast Protection District (GCPD),,Moderate trust,"Displacement due to environmental projects (e.g., gentrification or green gentrification),Lack of educational resources for the community,Not fitting into community look/aesthetic",,Slightly satisfied,"More frequent updates on local flood risks,Better access to emergency resources and assistance,More targeted outreach to vulnerable populations (e.g., environmental justice communities),Improved use of technology (e.g., apps, websites) for flood risk information",,"Better information sharing (e.g., more frequent announcements, different forms of communication),Involving local schools and community groups,Providing resources for community action (e.g., participation opportunities, educational programs, technical training),Providing multilingual interpretation services",,There are no meetings available related to this topic,Somewhat involved,I am not part of any organizations focused on drainage and flooding issues.,,Instagram Posts,,Yes,6-10 years,Low (<50k),I rent my home.,Baytown,,
R_7r21ugvGBSemysm,EN,"Improved stormwater quality,Increased property value,Recreation (e.g., fishing, bird watching, walking)",,"Long-standing water bodies,Aquatic (water) plants (e.g., cattail, dwarf palmettos, bald cypress tree),Wildlife commonly found near water (e.g., frogs, salamander, herons, egrets)",(4) Trans-Brazos Region,"Yes, I think they impact flooding in my community",Drought,Often – (At least once a month),Often – (At least once a month),"Blocked or clogged drainage systems,Aging infrastructure (e.g., not in compliance–out of date),Increased development or urbanization",,"$10,000 - $20,000","Between ankle and knee level (e.g., above 3 inches, up to 12 inches)","Mental health impact (e.g., anxiety, trauma, stress),Displacement from home (e.g., temporary relocation),Prevented or delayed access to essential services (e.g., health care, groceries, travel, work),Increased cost for repairs or flood proofing (e.g., more expensive flood insurance premiums)",,"Installed flood barriers or sandbags around my property,Engaged with local authorities around flooding issues",,"Pocket prairie,Rain garden,Urban forestry,Wetland conservation,Wetland restoration (coastal or inland)","Permeable pavement,Rain garden,Rainwater harvesting","Pocket prairie,Urban forestry","Large park,Wetland conservation,Wetland restoration (inland or coastal)",3,1,2,"Yes, it is important","Yes, it is important","Yes, it is important","City of Houston, and other Municipalities (Municipal Utility District MUDs)",,Above average trust,"Attracting unwanted pests,Equity in implementation–areas that need it most may not get first priority,Displacement due to environmental projects (e.g., gentrification or green gentrification),High installment costs,Maintenance issues,Not fitting into community look/aesthetic",,Extremely satisfied,"More detailed information about flood preparedness,Enhanced coordination with other local organizations/agencies,More targeted outreach to vulnerable populations (e.g., environmental justice communities),Improved use of technology (e.g., apps, websites) for flood risk information",,"Better information sharing (e.g., more frequent announcements, different forms of communication),Establishing community advisory boards,Compensation for time (e.g., money, gift cards),Host more regular and diverse community meetings representative of the community",,I participate in all meetings,Very involved,"Bayou City Waterkeeper (BCWK),Coalition for Environment, Equity and Resilience (CEER),Northeast Action Collective (NAC)",,Facebook Posts,,Yes,6-10 years,Moderate (50k-<150k),I own my home.,Houston,,
R_3oyVeiGWZt4kbfh,EN,"Improved air quality,Improved stormwater quality,Stress reduction",,"Long-standing water bodies,Aquatic (water) plants (e.g., cattail, dwarf palmettos, bald cypress tree),A creek nearby,Wildlife commonly found near water (e.g., frogs, salamander, herons, egrets),Consistently-saturated soil",(2) Greater Lake Creek,"Yes, I think they impact flooding in my community",Drought,Rarely – (once a year or less),Sometimes – (once every 2-6 months),"Heavy rainfall or storms,Blocked or clogged drainage systems,Increased development or urbanization",,"$1,000 - $5,000","Less than or at ankle level (e.g., under 3 inches)","Loss of work or income,Mental health impact (e.g., anxiety, trauma, stress),Displacement from home (e.g., temporary relocation)",,"Raised the foundation of my house,Requested assistance from local government (e.g., city, county) to improve drainage,Engaged with local authorities around flooding issues",,"Large park,Rain garden,Urban forestry","Bioswale,Permeable pavement,Rain garden,Rainwater harvesting","Nature-based detention pond,Pocket prairie,Pocket wetland,Urban forestry","Large park,Wetland conservation,Wetland restoration (inland or coastal)",1,2,3,"Yes, it is important","Yes, it is important","Yes, it is important","City of Houston, and other Municipalities (Municipal Utility District MUDs)",,Moderate trust,"Equity in implementation–areas that need it most may not get first priority,Displacement due to environmental projects (e.g., gentrification or green gentrification),High installment costs,Maintenance issues",,Extremely satisfied,"More frequent updates on local flood risks,More detailed information about flood preparedness,Better access to emergency resources and assistance,Improved use of technology (e.g., apps, websites) for flood risk information,Improved translation and accessibility information for non-English speakers",,"Better information sharing (e.g., more frequent announcements, different forms of communication),Compensation for time (e.g., money, gift cards)",,I participate in most meetings,Very involved,My local neighborhood association or homeowners association (HOA),,Facebook Posts,,Yes,Over 20 years,Moderate (50k-<150k),I own my home.,Houston,,
R_5pQKfzZtskhWq2Z,EN,"Neighborhood beautification,Improved air quality,Improved stormwater quality",,"Long-standing water bodies,Aquatic (water) plants (e.g., cattail, dwarf palmettos, bald cypress tree),Wildlife commonly found near water (e.g., frogs, salamander, herons, egrets)",(2) Greater Lake Creek,"No, I do not think they impact flooding in my community",Drought,Often – (At least once a month),Often – (At least once a month),"Blocked or clogged drainage systems,Aging infrastructure (e.g., not in compliance–out of date)",,$0 - I haven't spent any money on flood-related repairs,"Not applicable (e.g., no experiences with flooding)",I have not experienced any of these events,,"Not applicable (e.g., flooding has not affected my residence)",,I have not seen any of the GSI examples in my community.,Permeable pavement,Nature-based detention pond,Wetland conservation,1,2,3,"Yes, it is important","Yes, it is important","Yes, it is important","City of Houston, and other Municipalities (Municipal Utility District MUDs)",,No trust,"Not fitting into community look/aesthetic,Space requirements–not enough space",,Slightly satisfied,Enhanced coordination with other local organizations/agencies,,"Establishing community advisory boards,Providing resources for community action (e.g., participation opportunities, educational programs, technical training)",,I occasionally participate in meetings,Not at all involved,I am not part of any organizations focused on drainage and flooding issues.,,Facebook Posts,,No,1-5 years,Low (<50k),I rent my home.,Houston,,